order_id,order_date,order_time,custid,status
1,01-01-2015,11:38:36,106,Delivered
2,01-01-2015,11:57:40,105,Success
3,01-01-2015,12:12:28,110,Delivered
4,01-01-2015,12:16:31,108,Success
5,01-01-2015,12:21:30,102,Success
6,01-01-2015,12:29:36,101,Delivered
7,01-01-2015,12:50:37,102,Delivered
8,01-01-2015,12:51:37,103,Success
9,01-01-2015,12:52:01,104,Delivered
10,01-01-2015,13:00:15,110,Failed
11,01-01-2015,13:02:59,106,Delivered
12,01-01-2015,13:04:41,110,Delivered
13,01-01-2015,13:11:55,110,Success
14,01-01-2015,13:14:19,105,Cancelled
15,01-01-2015,13:33:00,108,Failed
16,01-01-2015,13:34:07,103,Cancelled
17,01-01-2015,13:53:00,102,Failed
18,01-01-2015,13:57:08,101,Cancelled
19,01-01-2015,13:59:09,110,Delivered
20,01-01-2015,14:03:08,101,Success
21,01-01-2015,14:14:29,106,Delivered
22,01-01-2015,14:16:26,107,Cancelled
23,01-01-2015,14:19:03,108,Success
24,01-01-2015,14:23:01,109,Cancelled
25,01-01-2015,14:44:44,103,Cancelled
26,01-01-2015,14:54:26,106,Cancelled
27,01-01-2015,15:11:17,106,Delivered
28,01-01-2015,15:35:46,107,Delivered
29,01-01-2015,15:41:01,106,Failed
30,01-01-2015,15:41:25,105,Delivered
31,01-01-2015,15:50:18,107,Failed
32,01-01-2015,15:53:18,102,Failed
33,01-01-2015,15:54:08,102,Failed
34,01-01-2015,16:21:21,105,Cancelled
35,01-01-2015,16:32:04,105,Failed
36,01-01-2015,16:54:09,104,Failed
37,01-01-2015,16:56:09,104,Delivered
38,01-01-2015,17:03:00,104,Cancelled
39,01-01-2015,17:07:23,107,Failed
40,01-01-2015,17:14:36,110,Success
41,01-01-2015,17:15:20,105,Success
42,01-01-2015,17:28:09,108,Delivered
43,01-01-2015,17:38:34,110,Cancelled
44,01-01-2015,17:54:20,110,Success
45,01-01-2015,17:55:48,106,Delivered
46,01-01-2015,18:25:51,108,Failed
47,01-01-2015,18:26:34,103,Cancelled
48,01-01-2015,18:26:42,104,Cancelled
49,01-01-2015,18:33:00,102,Success
50,01-01-2015,18:41:01,106,Delivered
51,01-01-2015,18:48:28,106,Cancelled
52,01-01-2015,18:53:02,103,Failed
53,01-01-2015,18:54:17,108,Success
54,01-01-2015,19:01:45,105,Cancelled
55,01-01-2015,19:03:19,107,Failed
56,01-01-2015,19:07:00,104,Failed
57,01-01-2015,19:10:51,108,Success
58,01-01-2015,19:30:40,103,Failed
59,01-01-2015,19:40:08,108,Success
60,01-01-2015,20:05:16,103,Failed
61,01-01-2015,20:08:43,105,Delivered
62,01-01-2015,20:50:16,105,Failed
63,01-01-2015,20:51:42,104,Delivered
64,01-01-2015,20:52:08,109,Delivered
65,01-01-2015,21:16:00,109,Delivered
66,01-01-2015,21:47:55,110,Cancelled
67,01-01-2015,22:03:40,105,Delivered
68,01-01-2015,22:07:32,107,Delivered
69,01-01-2015,22:12:13,103,Success
70,02-01-2015,11:38:51,105,Delivered
71,02-01-2015,11:40:50,108,Failed
72,02-01-2015,11:57:25,104,Delivered
73,02-01-2015,11:58:56,102,Failed
74,02-01-2015,12:01:12,106,Delivered
75,02-01-2015,12:10:15,107,Cancelled
76,02-01-2015,12:21:17,108,Delivered
77,02-01-2015,12:22:46,104,Success
78,02-01-2015,12:28:14,110,Delivered
79,02-01-2015,12:29:11,103,Delivered
80,02-01-2015,12:35:38,105,Failed
81,02-01-2015,12:40:01,110,Cancelled
82,02-01-2015,12:45:51,102,Delivered
83,02-01-2015,12:53:27,110,Failed
84,02-01-2015,13:13:41,104,Failed
85,02-01-2015,13:34:49,101,Cancelled
86,02-01-2015,13:40:31,106,Delivered
87,02-01-2015,14:01:02,105,Cancelled
88,02-01-2015,14:10:08,108,Failed
89,02-01-2015,14:30:19,103,Failed
90,02-01-2015,15:08:48,110,Failed
91,02-01-2015,15:14:43,108,Failed
92,02-01-2015,15:17:02,107,Success
93,02-01-2015,15:29:31,102,Delivered
94,02-01-2015,16:17:16,107,Failed
95,02-01-2015,16:18:04,103,Delivered
96,02-01-2015,16:21:20,106,Cancelled
97,02-01-2015,16:45:33,108,Failed
98,02-01-2015,17:18:18,107,Cancelled
99,02-01-2015,17:45:42,110,Failed
100,02-01-2015,17:46:17,109,Delivered
101,02-01-2015,17:51:33,106,Success
102,02-01-2015,17:54:04,104,Cancelled
103,02-01-2015,18:02:09,110,Cancelled
104,02-01-2015,18:02:12,101,Delivered
105,02-01-2015,18:12:01,110,Cancelled
106,02-01-2015,18:12:13,102,Cancelled
107,02-01-2015,18:25:09,109,Failed
108,02-01-2015,18:25:25,110,Cancelled
109,02-01-2015,18:27:50,102,Cancelled
110,02-01-2015,18:36:19,108,Cancelled
111,02-01-2015,18:38:01,103,Failed
112,02-01-2015,18:41:40,103,Cancelled
113,02-01-2015,18:50:21,105,Cancelled
114,02-01-2015,18:59:32,103,Cancelled
115,02-01-2015,19:05:17,103,Delivered
116,02-01-2015,19:18:49,101,Success
117,02-01-2015,19:23:02,108,Success
118,02-01-2015,19:26:59,105,Success
119,02-01-2015,19:32:29,106,Failed
120,02-01-2015,19:35:07,106,Cancelled
121,02-01-2015,19:38:48,106,Delivered
122,02-01-2015,19:50:19,101,Success
123,02-01-2015,20:12:09,106,Failed
124,02-01-2015,20:12:34,101,Success
125,02-01-2015,20:31:06,101,Delivered
126,02-01-2015,20:53:42,102,Success
127,02-01-2015,20:58:23,107,Cancelled
128,02-01-2015,21:05:06,110,Delivered
129,02-01-2015,21:13:02,106,Success
130,02-01-2015,21:14:55,110,Cancelled
131,02-01-2015,21:33:10,106,Failed
132,02-01-2015,21:42:45,110,Failed
133,02-01-2015,22:00:17,103,Cancelled
134,02-01-2015,22:13:24,109,Success
135,02-01-2015,22:29:34,110,Cancelled
136,02-01-2015,22:32:49,105,Cancelled
137,03-01-2015,11:34:10,104,Cancelled
138,03-01-2015,11:44:50,108,Success
139,03-01-2015,11:57:39,102,Success
140,03-01-2015,12:26:44,110,Success
141,03-01-2015,13:16:01,109,Delivered
142,03-01-2015,13:33:59,103,Failed
143,03-01-2015,13:41:36,109,Success
144,03-01-2015,13:44:28,106,Delivered
145,03-01-2015,13:53:48,110,Cancelled
146,03-01-2015,14:22:10,108,Failed
147,03-01-2015,14:32:51,109,Delivered
148,03-01-2015,14:40:42,107,Failed
149,03-01-2015,14:48:45,106,Delivered
150,03-01-2015,14:49:58,103,Cancelled
151,03-01-2015,15:09:34,105,Cancelled
152,03-01-2015,15:09:42,109,Success
153,03-01-2015,15:16:34,106,Success
154,03-01-2015,15:22:43,102,Failed
155,03-01-2015,15:28:59,104,Success
156,03-01-2015,15:42:19,108,Failed
157,03-01-2015,15:43:03,106,Success
158,03-01-2015,15:54:30,103,Failed
159,03-01-2015,15:59:22,107,Success
160,03-01-2015,16:35:33,107,Failed
161,03-01-2015,16:43:46,103,Cancelled
162,03-01-2015,16:51:22,103,Failed
163,03-01-2015,16:54:54,101,Failed
164,03-01-2015,16:56:33,105,Delivered
165,03-01-2015,16:57:37,101,Success
166,03-01-2015,16:58:51,102,Cancelled
167,03-01-2015,17:00:49,106,Success
168,03-01-2015,17:02:27,106,Success
169,03-01-2015,17:15:48,110,Cancelled
170,03-01-2015,17:21:31,109,Delivered
171,03-01-2015,17:23:03,107,Success
172,03-01-2015,17:29:24,103,Cancelled
173,03-01-2015,17:35:30,109,Delivered
174,03-01-2015,17:37:49,104,Success
175,03-01-2015,17:50:51,104,Cancelled
176,03-01-2015,17:51:57,109,Failed
177,03-01-2015,17:54:36,107,Cancelled
178,03-01-2015,18:15:03,105,Success
179,03-01-2015,18:20:14,104,Failed
180,03-01-2015,18:33:34,102,Cancelled
181,03-01-2015,18:49:32,101,Success
182,03-01-2015,18:50:10,104,Success
183,03-01-2015,18:54:55,107,Cancelled
184,03-01-2015,18:59:05,109,Cancelled
185,03-01-2015,19:08:33,103,Success
186,03-01-2015,19:36:00,102,Delivered
187,03-01-2015,19:37:12,104,Cancelled
188,03-01-2015,20:08:39,103,Failed
189,03-01-2015,20:12:14,102,Failed
190,03-01-2015,20:14:23,101,Success
191,03-01-2015,20:24:50,110,Failed
192,03-01-2015,20:30:08,108,Success
193,03-01-2015,20:55:47,104,Delivered
194,03-01-2015,21:21:24,103,Success
195,03-01-2015,21:25:20,107,Success
196,03-01-2015,21:40:14,104,Failed
197,03-01-2015,21:47:48,102,Failed
198,03-01-2015,21:55:42,102,Failed
199,03-01-2015,22:10:38,103,Success
200,03-01-2015,22:24:05,104,Cancelled
201,03-01-2015,22:29:59,104,Failed
202,03-01-2015,22:50:29,109,Success
203,04-01-2015,11:30:48,104,Cancelled
204,04-01-2015,11:36:25,106,Success
205,04-01-2015,11:43:54,110,Delivered
206,04-01-2015,11:45:10,110,Failed
207,04-01-2015,12:03:58,110,Success
208,04-01-2015,12:12:05,108,Failed
209,04-01-2015,12:29:17,110,Failed
210,04-01-2015,12:34:13,104,Cancelled
211,04-01-2015,12:54:20,110,Cancelled
212,04-01-2015,13:16:03,107,Success
213,04-01-2015,13:20:39,103,Delivered
214,04-01-2015,13:39:16,106,Failed
215,04-01-2015,13:44:49,102,Failed
216,04-01-2015,14:31:56,107,Cancelled
217,04-01-2015,14:35:03,106,Delivered
218,04-01-2015,14:35:11,109,Success
219,04-01-2015,14:42:01,108,Failed
220,04-01-2015,15:31:59,110,Cancelled
221,04-01-2015,15:33:18,108,Success
222,04-01-2015,15:46:38,104,Success
223,04-01-2015,16:08:20,102,Failed
224,04-01-2015,16:39:58,107,Cancelled
225,04-01-2015,16:41:48,110,Failed
226,04-01-2015,16:59:39,110,Success
227,04-01-2015,17:24:39,106,Success
228,04-01-2015,17:31:24,102,Failed
229,04-01-2015,17:37:57,109,Delivered
230,04-01-2015,17:58:38,102,Delivered
231,04-01-2015,18:04:18,106,Failed
232,04-01-2015,18:21:59,105,Delivered
233,04-01-2015,18:26:51,106,Delivered
234,04-01-2015,18:36:09,110,Failed
235,04-01-2015,18:51:30,102,Success
236,04-01-2015,19:21:04,109,Success
237,04-01-2015,19:27:48,102,Failed
238,04-01-2015,19:45:15,101,Success
239,04-01-2015,19:57:52,108,Success
240,04-01-2015,20:10:24,109,Failed
241,04-01-2015,20:11:25,109,Success
242,04-01-2015,20:15:29,101,Failed
243,04-01-2015,20:26:17,102,Success
244,04-01-2015,20:26:22,102,Failed
245,04-01-2015,20:28:41,108,Success
246,04-01-2015,20:30:48,104,Failed
247,04-01-2015,20:55:29,105,Success
248,04-01-2015,20:58:19,106,Delivered
249,04-01-2015,21:06:16,105,Delivered
250,04-01-2015,21:07:05,101,Delivered
251,04-01-2015,21:10:05,106,Cancelled
252,04-01-2015,22:13:15,101,Delivered
253,04-01-2015,22:16:18,103,Cancelled
254,04-01-2015,22:22:13,109,Delivered
255,05-01-2015,11:23:35,108,Delivered
256,05-01-2015,11:56:06,101,Success
257,05-01-2015,11:59:04,108,Delivered
258,05-01-2015,11:59:23,101,Success
259,05-01-2015,12:04:25,104,Success
260,05-01-2015,12:06:27,110,Success
261,05-01-2015,12:38:29,107,Delivered
262,05-01-2015,12:42:01,108,Cancelled
263,05-01-2015,12:57:22,110,Delivered
264,05-01-2015,13:03:59,109,Cancelled
265,05-01-2015,13:04:42,104,Cancelled
266,05-01-2015,13:09:29,102,Delivered
267,05-01-2015,13:37:50,109,Failed
268,05-01-2015,13:40:46,106,Cancelled
269,05-01-2015,13:49:34,104,Failed
270,05-01-2015,14:09:02,103,Failed
271,05-01-2015,14:22:19,106,Delivered
272,05-01-2015,14:24:05,105,Failed
273,05-01-2015,14:28:00,106,Success
274,05-01-2015,14:36:33,109,Cancelled
275,05-01-2015,14:38:14,106,Delivered
276,05-01-2015,15:18:18,104,Delivered
277,05-01-2015,15:41:50,110,Delivered
278,05-01-2015,15:49:21,104,Delivered
279,05-01-2015,16:07:03,106,Delivered
280,05-01-2015,16:20:23,106,Success
281,05-01-2015,16:33:48,103,Delivered
282,05-01-2015,16:49:38,110,Delivered
283,05-01-2015,16:51:43,106,Failed
284,05-01-2015,16:58:16,108,Delivered
285,05-01-2015,16:58:38,109,Success
286,05-01-2015,17:01:23,105,Failed
287,05-01-2015,17:30:09,108,Failed
288,05-01-2015,17:32:44,109,Cancelled
289,05-01-2015,17:36:23,110,Cancelled
290,05-01-2015,17:41:16,110,Failed
291,05-01-2015,17:44:39,101,Cancelled
292,05-01-2015,17:48:59,106,Delivered
293,05-01-2015,17:58:38,109,Cancelled
294,05-01-2015,18:16:35,108,Delivered
295,05-01-2015,18:20:12,102,Delivered
296,05-01-2015,18:46:54,106,Success
297,05-01-2015,19:02:18,104,Delivered
298,05-01-2015,19:10:36,102,Failed
299,05-01-2015,19:34:31,109,Cancelled
300,05-01-2015,19:42:54,102,Cancelled
301,05-01-2015,19:45:58,101,Cancelled
302,05-01-2015,19:57:37,107,Failed
303,05-01-2015,20:02:51,105,Delivered
304,05-01-2015,20:07:58,106,Cancelled
305,05-01-2015,20:35:40,109,Success
306,05-01-2015,20:37:40,108,Delivered
307,05-01-2015,21:45:38,102,Success
308,05-01-2015,21:59:46,105,Failed
309,06-01-2015,11:39:06,104,Success
310,06-01-2015,11:40:48,102,Success
311,06-01-2015,11:57:27,109,Cancelled
312,06-01-2015,12:05:21,106,Success
313,06-01-2015,12:09:09,104,Delivered
314,06-01-2015,12:11:58,109,Delivered
315,06-01-2015,12:17:40,103,Cancelled
316,06-01-2015,12:29:34,110,Cancelled
317,06-01-2015,12:31:00,109,Cancelled
318,06-01-2015,12:45:14,107,Delivered
319,06-01-2015,12:46:22,110,Success
320,06-01-2015,12:46:40,104,Delivered
321,06-01-2015,12:56:21,110,Delivered
322,06-01-2015,13:02:13,104,Delivered
323,06-01-2015,13:05:33,108,Cancelled
324,06-01-2015,13:06:44,105,Delivered
325,06-01-2015,13:07:32,106,Delivered
326,06-01-2015,13:10:13,109,Failed
327,06-01-2015,13:10:54,106,Failed
328,06-01-2015,13:16:35,108,Success
329,06-01-2015,13:22:44,106,Success
330,06-01-2015,13:27:11,105,Success
331,06-01-2015,13:43:30,102,Failed
332,06-01-2015,14:12:01,108,Cancelled
333,06-01-2015,14:16:36,104,Failed
334,06-01-2015,14:24:18,101,Cancelled
335,06-01-2015,14:24:47,103,Delivered
336,06-01-2015,14:51:41,106,Cancelled
337,06-01-2015,15:03:12,102,Delivered
338,06-01-2015,15:18:26,110,Failed
339,06-01-2015,15:25:13,109,Success
340,06-01-2015,15:35:32,105,Failed
341,06-01-2015,15:35:47,107,Delivered
342,06-01-2015,15:44:12,109,Failed
343,06-01-2015,15:45:37,104,Delivered
344,06-01-2015,16:01:11,105,Failed
345,06-01-2015,16:01:47,102,Cancelled
346,06-01-2015,16:30:00,102,Cancelled
347,06-01-2015,16:37:17,108,Delivered
348,06-01-2015,16:49:12,107,Failed
349,06-01-2015,17:25:58,101,Cancelled
350,06-01-2015,17:37:05,103,Delivered
351,06-01-2015,17:37:29,105,Success
352,06-01-2015,17:45:48,106,Delivered
353,06-01-2015,17:59:48,103,Success
354,06-01-2015,18:01:44,107,Success
355,06-01-2015,18:14:45,106,Success
356,06-01-2015,18:16:05,104,Cancelled
357,06-01-2015,18:27:58,103,Delivered
358,06-01-2015,18:30:12,108,Cancelled
359,06-01-2015,18:33:08,103,Success
360,06-01-2015,18:50:38,103,Delivered
361,06-01-2015,19:12:38,102,Delivered
362,06-01-2015,19:13:36,108,Failed
363,06-01-2015,19:20:31,103,Success
364,06-01-2015,19:27:24,107,Delivered
365,06-01-2015,19:37:26,102,Delivered
366,06-01-2015,20:04:20,106,Success
367,06-01-2015,20:05:12,110,Cancelled
368,06-01-2015,20:28:16,109,Success
369,06-01-2015,20:30:06,106,Delivered
370,06-01-2015,21:02:30,105,Success
371,06-01-2015,21:15:20,102,Delivered
372,06-01-2015,22:26:59,107,Success
373,07-01-2015,11:45:18,107,Delivered
374,07-01-2015,11:55:59,102,Success
375,07-01-2015,11:58:36,104,Success
376,07-01-2015,12:01:17,105,Cancelled
377,07-01-2015,12:03:18,108,Failed
378,07-01-2015,12:19:37,106,Failed
379,07-01-2015,12:25:37,101,Cancelled
380,07-01-2015,12:32:10,105,Failed
381,07-01-2015,12:33:06,103,Cancelled
382,07-01-2015,12:33:07,109,Delivered
383,07-01-2015,12:43:59,107,Cancelled
384,07-01-2015,12:51:46,107,Delivered
385,07-01-2015,12:54:19,108,Success
386,07-01-2015,12:58:16,105,Cancelled
387,07-01-2015,13:03:14,102,Delivered
388,07-01-2015,13:04:56,109,Delivered
389,07-01-2015,13:10:17,107,Cancelled
390,07-01-2015,13:15:32,103,Failed
391,07-01-2015,13:25:31,102,Success
392,07-01-2015,13:36:47,101,Cancelled
393,07-01-2015,13:48:31,108,Delivered
394,07-01-2015,14:02:18,102,Delivered
395,07-01-2015,14:11:08,106,Failed
396,07-01-2015,14:12:21,110,Cancelled
397,07-01-2015,14:31:10,109,Delivered
398,07-01-2015,14:56:26,105,Failed
399,07-01-2015,15:47:49,102,Failed
400,07-01-2015,16:03:07,109,Cancelled
401,07-01-2015,16:08:35,106,Success
402,07-01-2015,16:24:46,107,Failed
403,07-01-2015,16:26:10,103,Failed
404,07-01-2015,16:39:27,104,Failed
405,07-01-2015,16:44:16,109,Delivered
406,07-01-2015,16:50:49,109,Success
407,07-01-2015,16:56:42,108,Cancelled
408,07-01-2015,17:09:09,104,Failed
409,07-01-2015,17:15:04,106,Delivered
410,07-01-2015,17:33:49,105,Delivered
411,07-01-2015,17:58:09,109,Cancelled
412,07-01-2015,18:07:46,106,Delivered
413,07-01-2015,18:11:32,104,Cancelled
414,07-01-2015,18:13:22,108,Failed
415,07-01-2015,18:16:23,110,Success
416,07-01-2015,18:17:42,107,Cancelled
417,07-01-2015,18:24:40,110,Delivered
418,07-01-2015,18:40:11,110,Delivered
419,07-01-2015,19:02:31,102,Success
420,07-01-2015,19:04:40,101,Failed
421,07-01-2015,19:21:58,105,Delivered
422,07-01-2015,19:30:25,101,Failed
423,07-01-2015,19:45:07,105,Cancelled
424,07-01-2015,20:01:28,109,Delivered
425,07-01-2015,20:21:19,110,Delivered
426,07-01-2015,20:25:45,110,Delivered
427,07-01-2015,21:49:00,105,Success
428,07-01-2015,22:05:00,108,Delivered
429,07-01-2015,22:16:53,107,Failed
430,07-01-2015,22:46:13,106,Failed
431,08-01-2015,11:17:13,103,Success
432,08-01-2015,11:39:07,103,Failed
433,08-01-2015,11:49:50,109,Success
434,08-01-2015,11:54:14,106,Delivered
435,08-01-2015,12:06:09,102,Cancelled
436,08-01-2015,12:07:21,104,Failed
437,08-01-2015,12:07:54,109,Cancelled
438,08-01-2015,12:08:38,109,Cancelled
439,08-01-2015,12:13:08,102,Failed
440,08-01-2015,12:16:34,101,Cancelled
441,08-01-2015,12:16:58,108,Failed
442,08-01-2015,12:28:49,110,Success
443,08-01-2015,12:34:20,109,Success
444,08-01-2015,12:40:05,110,Failed
445,08-01-2015,12:57:39,110,Success
446,08-01-2015,12:58:01,103,Delivered
447,08-01-2015,13:02:00,110,Success
448,08-01-2015,13:03:34,107,Cancelled
449,08-01-2015,13:04:15,103,Delivered
450,08-01-2015,13:07:53,102,Success
451,08-01-2015,13:19:06,109,Success
452,08-01-2015,13:24:11,105,Failed
453,08-01-2015,13:27:14,107,Delivered
454,08-01-2015,13:31:40,103,Failed
455,08-01-2015,13:39:14,107,Failed
456,08-01-2015,13:47:53,102,Failed
457,08-01-2015,13:59:04,106,Success
458,08-01-2015,14:00:05,102,Success
459,08-01-2015,14:14:02,102,Success
460,08-01-2015,14:19:58,108,Delivered
461,08-01-2015,14:21:19,108,Success
462,08-01-2015,14:38:41,108,Cancelled
463,08-01-2015,14:40:28,101,Success
464,08-01-2015,14:49:01,101,Delivered
465,08-01-2015,14:55:23,109,Failed
466,08-01-2015,15:30:10,110,Delivered
467,08-01-2015,15:33:13,104,Cancelled
468,08-01-2015,15:36:12,109,Success
469,08-01-2015,15:37:18,104,Delivered
470,08-01-2015,15:49:13,110,Delivered
471,08-01-2015,16:20:26,110,Cancelled
472,08-01-2015,16:29:50,108,Delivered
473,08-01-2015,16:41:27,103,Delivered
474,08-01-2015,16:47:48,110,Cancelled
475,08-01-2015,17:15:17,102,Cancelled
476,08-01-2015,17:27:56,103,Cancelled
477,08-01-2015,17:30:04,105,Cancelled
478,08-01-2015,17:35:56,109,Delivered
479,08-01-2015,17:37:03,105,Cancelled
480,08-01-2015,17:41:31,101,Failed
481,08-01-2015,17:41:37,109,Cancelled
482,08-01-2015,17:52:42,105,Success
483,08-01-2015,17:54:05,106,Success
484,08-01-2015,18:02:54,107,Delivered
485,08-01-2015,18:07:31,102,Success
486,08-01-2015,18:15:08,106,Cancelled
487,08-01-2015,18:30:16,106,Delivered
488,08-01-2015,18:46:02,103,Success
489,08-01-2015,18:48:43,109,Delivered
490,08-01-2015,18:49:24,104,Cancelled
491,08-01-2015,19:01:12,107,Failed
492,08-01-2015,19:06:21,107,Success
493,08-01-2015,19:31:47,105,Cancelled
494,08-01-2015,19:38:40,101,Success
495,08-01-2015,19:42:52,101,Success
496,08-01-2015,19:46:18,110,Success
497,08-01-2015,19:49:26,106,Cancelled
498,08-01-2015,20:02:25,107,Cancelled
499,08-01-2015,21:10:46,104,Failed
500,08-01-2015,21:46:49,109,Cancelled
501,08-01-2015,21:51:31,102,Delivered
502,08-01-2015,22:26:08,107,Success
503,09-01-2015,11:16:21,104,Failed
504,09-01-2015,11:48:18,104,Delivered
505,09-01-2015,11:55:10,105,Success
506,09-01-2015,12:02:09,101,Delivered
507,09-01-2015,12:06:03,109,Cancelled
508,09-01-2015,12:13:32,104,Failed
509,09-01-2015,12:13:58,103,Failed
510,09-01-2015,12:15:03,106,Failed
511,09-01-2015,12:18:21,104,Success
512,09-01-2015,12:19:24,102,Delivered
513,09-01-2015,12:22:48,109,Cancelled
514,09-01-2015,12:26:47,101,Failed
515,09-01-2015,13:07:37,106,Failed
516,09-01-2015,13:09:09,110,Cancelled
517,09-01-2015,13:09:11,105,Failed
518,09-01-2015,13:11:25,101,Delivered
519,09-01-2015,13:15:20,105,Delivered
520,09-01-2015,13:22:33,108,Cancelled
521,09-01-2015,13:43:07,101,Failed
522,09-01-2015,14:09:33,104,Delivered
523,09-01-2015,14:42:14,104,Cancelled
524,09-01-2015,14:51:35,110,Cancelled
525,09-01-2015,15:08:46,105,Delivered
526,09-01-2015,15:10:13,101,Failed
527,09-01-2015,15:23:37,102,Cancelled
528,09-01-2015,15:27:21,101,Delivered
529,09-01-2015,15:31:01,103,Success
530,09-01-2015,15:43:01,110,Cancelled
531,09-01-2015,15:58:10,105,Failed
532,09-01-2015,16:14:28,103,Delivered
533,09-01-2015,16:28:43,107,Failed
534,09-01-2015,16:43:32,105,Cancelled
535,09-01-2015,17:08:47,109,Success
536,09-01-2015,17:18:50,109,Cancelled
537,09-01-2015,17:23:52,105,Delivered
538,09-01-2015,17:44:04,108,Delivered
539,09-01-2015,17:51:34,103,Failed
540,09-01-2015,17:52:41,101,Delivered
541,09-01-2015,18:07:47,107,Delivered
542,09-01-2015,18:08:06,104,Failed
543,09-01-2015,18:23:59,109,Success
544,09-01-2015,18:31:04,106,Delivered
545,09-01-2015,18:46:28,105,Cancelled
546,09-01-2015,18:47:27,102,Cancelled
547,09-01-2015,18:49:23,107,Cancelled
548,09-01-2015,19:06:09,102,Cancelled
549,09-01-2015,19:06:34,108,Cancelled
550,09-01-2015,19:12:59,105,Failed
551,09-01-2015,19:26:24,103,Delivered
552,09-01-2015,19:31:25,101,Success
553,09-01-2015,20:14:47,104,Cancelled
554,09-01-2015,20:15:51,101,Failed
555,09-01-2015,20:18:25,110,Failed
556,09-01-2015,20:23:12,107,Success
557,09-01-2015,20:30:06,107,Success
558,09-01-2015,20:51:10,106,Cancelled
559,09-01-2015,21:10:16,107,Success
560,09-01-2015,21:13:48,110,Success
561,09-01-2015,21:47:56,105,Cancelled
562,09-01-2015,22:04:05,106,Success
563,09-01-2015,22:19:03,101,Delivered
564,09-01-2015,22:32:32,110,Cancelled
565,10-01-2015,12:11:19,109,Delivered
566,10-01-2015,12:21:19,104,Cancelled
567,10-01-2015,12:27:47,105,Delivered
568,10-01-2015,12:28:53,106,Delivered
569,10-01-2015,12:37:10,104,Success
570,10-01-2015,13:13:59,109,Cancelled
571,10-01-2015,13:14:47,101,Failed
572,10-01-2015,13:15:32,101,Delivered
573,10-01-2015,13:39:33,110,Delivered
574,10-01-2015,13:40:54,104,Success
575,10-01-2015,13:41:04,101,Delivered
576,10-01-2015,13:44:22,106,Delivered
577,10-01-2015,13:45:00,101,Delivered
578,10-01-2015,13:48:49,102,Success
579,10-01-2015,13:51:19,105,Success
580,10-01-2015,13:56:01,108,Delivered
581,10-01-2015,14:13:01,105,Cancelled
582,10-01-2015,14:24:14,105,Cancelled
583,10-01-2015,14:33:19,103,Delivered
584,10-01-2015,15:05:29,110,Cancelled
585,10-01-2015,15:58:42,109,Failed
586,10-01-2015,16:09:57,102,Success
587,10-01-2015,16:32:36,108,Failed
588,10-01-2015,16:33:36,108,Failed
589,10-01-2015,17:12:39,101,Failed
590,10-01-2015,17:23:39,109,Cancelled
591,10-01-2015,17:32:54,106,Cancelled
592,10-01-2015,17:41:55,110,Cancelled
593,10-01-2015,17:48:57,103,Failed
594,10-01-2015,17:50:19,106,Failed
595,10-01-2015,18:12:28,110,Cancelled
596,10-01-2015,18:24:07,107,Success
597,10-01-2015,18:32:36,103,Delivered
598,10-01-2015,18:34:14,104,Success
599,10-01-2015,18:34:27,109,Cancelled
600,10-01-2015,18:53:52,107,Success
601,10-01-2015,18:58:19,102,Success
602,10-01-2015,19:02:27,110,Cancelled
603,10-01-2015,19:03:11,109,Success
604,10-01-2015,19:13:29,101,Cancelled
605,10-01-2015,19:23:51,101,Cancelled
606,10-01-2015,19:27:18,107,Delivered
607,10-01-2015,19:36:16,109,Failed
608,10-01-2015,19:36:33,104,Cancelled
609,10-01-2015,19:39:32,108,Cancelled
610,10-01-2015,19:51:02,101,Cancelled
611,10-01-2015,19:58:10,101,Success
612,10-01-2015,19:58:15,109,Success
613,10-01-2015,20:10:44,101,Delivered
614,10-01-2015,20:12:33,110,Failed
615,10-01-2015,20:14:03,108,Delivered
616,10-01-2015,20:20:10,109,Cancelled
617,10-01-2015,20:27:26,108,Cancelled
618,10-01-2015,20:31:14,101,Failed
619,10-01-2015,20:41:58,101,Delivered
620,10-01-2015,20:45:45,103,Cancelled
621,10-01-2015,20:49:29,103,Failed
622,10-01-2015,20:57:41,106,Failed
623,10-01-2015,21:21:21,106,Failed
624,10-01-2015,21:22:44,105,Failed
625,10-01-2015,21:50:23,106,Delivered
626,10-01-2015,21:55:12,106,Failed
627,10-01-2015,22:18:35,109,Cancelled
628,10-01-2015,22:47:17,109,Delivered
629,10-01-2015,22:48:39,105,Failed
630,11-01-2015,11:42:08,105,Success
631,11-01-2015,11:44:36,103,Failed
632,11-01-2015,11:44:52,108,Success
633,11-01-2015,11:51:45,102,Cancelled
634,11-01-2015,12:14:15,102,Cancelled
635,11-01-2015,12:18:31,102,Cancelled
636,11-01-2015,12:34:44,101,Cancelled
637,11-01-2015,12:44:10,110,Success
638,11-01-2015,12:49:26,103,Cancelled
639,11-01-2015,13:23:21,107,Delivered
640,11-01-2015,13:28:08,104,Failed
641,11-01-2015,13:37:46,110,Cancelled
642,11-01-2015,13:40:00,101,Success
643,11-01-2015,13:43:19,109,Delivered
644,11-01-2015,13:52:52,105,Delivered
645,11-01-2015,14:03:45,104,Delivered
646,11-01-2015,14:07:26,110,Failed
647,11-01-2015,14:07:35,110,Cancelled
648,11-01-2015,14:17:17,107,Delivered
649,11-01-2015,14:29:23,110,Success
650,11-01-2015,14:34:05,104,Failed
651,11-01-2015,14:49:35,108,Cancelled
652,11-01-2015,16:03:38,110,Cancelled
653,11-01-2015,16:18:23,101,Success
654,11-01-2015,16:34:07,102,Delivered
655,11-01-2015,16:43:33,107,Success
656,11-01-2015,16:44:49,109,Success
657,11-01-2015,16:45:47,109,Success
658,11-01-2015,16:55:24,107,Cancelled
659,11-01-2015,16:56:39,109,Success
660,11-01-2015,17:09:36,108,Cancelled
661,11-01-2015,17:18:14,101,Cancelled
662,11-01-2015,17:21:49,110,Success
663,11-01-2015,17:29:14,102,Delivered
664,11-01-2015,17:35:14,106,Success
665,11-01-2015,17:42:23,106,Failed
666,11-01-2015,17:42:25,107,Delivered
667,11-01-2015,18:13:08,106,Delivered
668,11-01-2015,18:13:12,109,Failed
669,11-01-2015,18:40:44,109,Success
670,11-01-2015,18:46:25,105,Delivered
671,11-01-2015,19:18:42,102,Failed
672,11-01-2015,19:18:46,107,Failed
673,11-01-2015,19:28:13,110,Success
674,11-01-2015,19:33:05,102,Delivered
675,11-01-2015,19:33:19,103,Delivered
676,11-01-2015,19:44:57,103,Success
677,11-01-2015,19:51:09,104,Cancelled
678,11-01-2015,19:52:49,110,Success
679,11-01-2015,20:31:02,103,Failed
680,11-01-2015,21:07:30,103,Success
681,11-01-2015,21:29:50,102,Failed
682,12-01-2015,11:38:15,104,Cancelled
683,12-01-2015,11:39:08,108,Success
684,12-01-2015,12:01:23,107,Failed
685,12-01-2015,12:11:46,103,Failed
686,12-01-2015,12:13:07,101,Success
687,12-01-2015,12:21:09,110,Cancelled
688,12-01-2015,12:26:41,108,Success
689,12-01-2015,12:33:22,103,Success
690,12-01-2015,12:42:10,105,Delivered
691,12-01-2015,12:45:53,103,Failed
692,12-01-2015,12:53:37,108,Cancelled
693,12-01-2015,13:04:24,103,Cancelled
694,12-01-2015,13:30:47,110,Cancelled
695,12-01-2015,13:33:06,107,Success
696,12-01-2015,13:49:40,103,Failed
697,12-01-2015,13:58:56,110,Cancelled
698,12-01-2015,14:08:16,110,Success
699,12-01-2015,14:27:03,107,Delivered
700,12-01-2015,14:31:13,104,Failed
701,12-01-2015,14:33:39,107,Success
702,12-01-2015,14:38:35,104,Delivered
703,12-01-2015,15:08:01,108,Delivered
704,12-01-2015,15:28:25,103,Delivered
705,12-01-2015,15:31:00,110,Failed
706,12-01-2015,15:39:04,109,Delivered
707,12-01-2015,15:41:32,103,Success
708,12-01-2015,15:52:44,109,Success
709,12-01-2015,15:53:56,101,Failed
710,12-01-2015,15:59:52,107,Failed
711,12-01-2015,16:21:10,109,Failed
712,12-01-2015,16:22:18,110,Cancelled
713,12-01-2015,16:31:56,108,Cancelled
714,12-01-2015,16:55:08,109,Failed
715,12-01-2015,17:05:33,109,Cancelled
716,12-01-2015,17:06:05,108,Failed
717,12-01-2015,17:24:44,103,Failed
718,12-01-2015,17:46:30,102,Cancelled
719,12-01-2015,17:52:27,106,Success
720,12-01-2015,17:53:59,103,Delivered
721,12-01-2015,18:17:15,105,Failed
722,12-01-2015,18:20:58,105,Delivered
723,12-01-2015,18:21:04,107,Success
724,12-01-2015,18:24:47,102,Cancelled
725,12-01-2015,18:33:14,102,Delivered
726,12-01-2015,18:34:25,102,Cancelled
727,12-01-2015,18:44:57,109,Failed
728,12-01-2015,18:53:17,107,Failed
729,12-01-2015,19:20:41,109,Failed
730,12-01-2015,19:22:00,108,Success
731,12-01-2015,19:27:47,106,Delivered
732,12-01-2015,19:30:17,103,Cancelled
733,12-01-2015,19:57:36,105,Failed
734,12-01-2015,20:00:30,102,Delivered
735,12-01-2015,20:35:34,105,Delivered
736,12-01-2015,21:35:14,108,Failed
737,13-01-2015,11:31:34,103,Success
738,13-01-2015,12:16:47,102,Failed
739,13-01-2015,12:19:38,106,Cancelled
740,13-01-2015,12:29:51,104,Success
741,13-01-2015,12:49:09,109,Success
742,13-01-2015,12:53:01,101,Success
743,13-01-2015,13:08:32,108,Cancelled
744,13-01-2015,13:34:48,104,Cancelled
745,13-01-2015,13:36:53,104,Success
746,13-01-2015,13:41:13,102,Success
747,13-01-2015,14:15:02,101,Delivered
748,13-01-2015,14:27:31,104,Success
749,13-01-2015,14:29:23,105,Cancelled
750,13-01-2015,14:48:09,101,Cancelled
751,13-01-2015,15:07:35,107,Failed
752,13-01-2015,15:19:25,110,Cancelled
753,13-01-2015,15:22:11,102,Delivered
754,13-01-2015,15:47:56,107,Success
755,13-01-2015,15:50:49,106,Delivered
756,13-01-2015,15:55:11,104,Failed
757,13-01-2015,16:10:34,103,Failed
758,13-01-2015,16:14:43,106,Failed
759,13-01-2015,16:14:56,108,Failed
760,13-01-2015,16:27:40,102,Delivered
761,13-01-2015,16:30:20,108,Failed
762,13-01-2015,16:36:36,110,Delivered
763,13-01-2015,16:38:57,102,Success
764,13-01-2015,16:39:39,102,Delivered
765,13-01-2015,17:11:41,104,Cancelled
766,13-01-2015,17:21:45,106,Failed
767,13-01-2015,17:21:48,108,Delivered
768,13-01-2015,17:23:34,109,Success
769,13-01-2015,17:43:17,104,Cancelled
770,13-01-2015,17:44:13,110,Success
771,13-01-2015,17:59:32,109,Success
772,13-01-2015,18:07:59,106,Failed
773,13-01-2015,18:18:15,108,Success
774,13-01-2015,18:31:07,109,Failed
775,13-01-2015,18:42:12,108,Success
776,13-01-2015,18:50:43,101,Failed
777,13-01-2015,19:10:20,107,Delivered
778,13-01-2015,19:18:08,104,Success
779,13-01-2015,19:19:58,101,Delivered
780,13-01-2015,20:12:49,104,Delivered
781,13-01-2015,20:31:17,109,Failed
782,13-01-2015,20:36:27,108,Delivered
783,13-01-2015,21:17:08,106,Success
784,13-01-2015,21:39:41,102,Failed
785,14-01-2015,11:28:44,108,Cancelled
786,14-01-2015,11:35:30,109,Success
787,14-01-2015,11:45:30,109,Failed
788,14-01-2015,11:46:19,104,Cancelled
789,14-01-2015,11:51:37,101,Cancelled
790,14-01-2015,12:07:30,106,Cancelled
791,14-01-2015,12:23:54,109,Cancelled
792,14-01-2015,12:37:48,104,Cancelled
793,14-01-2015,12:38:27,103,Failed
794,14-01-2015,12:39:16,106,Success
795,14-01-2015,12:42:17,110,Cancelled
796,14-01-2015,12:43:09,105,Failed
797,14-01-2015,12:50:01,105,Success
798,14-01-2015,12:50:30,102,Failed
799,14-01-2015,12:51:29,106,Delivered
800,14-01-2015,12:54:35,106,Failed
801,14-01-2015,13:10:53,101,Failed
802,14-01-2015,13:23:47,104,Success
803,14-01-2015,13:37:51,101,Delivered
804,14-01-2015,13:42:01,104,Cancelled
805,14-01-2015,14:07:52,109,Failed
806,14-01-2015,14:12:22,106,Cancelled
807,14-01-2015,14:15:29,104,Cancelled
808,14-01-2015,14:15:32,107,Cancelled
809,14-01-2015,14:26:17,102,Delivered
810,14-01-2015,14:48:30,110,Cancelled
811,14-01-2015,14:48:56,108,Delivered
812,14-01-2015,15:37:45,102,Failed
813,14-01-2015,16:09:29,104,Success
814,14-01-2015,16:21:23,109,Success
815,14-01-2015,16:38:00,105,Cancelled
816,14-01-2015,17:04:08,105,Failed
817,14-01-2015,17:10:38,109,Success
818,14-01-2015,17:15:50,103,Cancelled
819,14-01-2015,17:21:39,109,Failed
820,14-01-2015,17:24:09,101,Delivered
821,14-01-2015,17:37:26,106,Cancelled
822,14-01-2015,17:38:53,105,Failed
823,14-01-2015,17:42:17,106,Delivered
824,14-01-2015,17:53:41,103,Delivered
825,14-01-2015,18:06:06,103,Delivered
826,14-01-2015,18:06:14,109,Success
827,14-01-2015,18:09:48,104,Delivered
828,14-01-2015,18:23:55,109,Delivered
829,14-01-2015,18:27:42,105,Delivered
830,14-01-2015,18:38:17,110,Failed
831,14-01-2015,18:38:20,107,Failed
832,14-01-2015,18:47:06,101,Cancelled
833,14-01-2015,19:07:45,109,Failed
834,14-01-2015,19:25:16,102,Delivered
835,14-01-2015,19:56:01,104,Failed
836,14-01-2015,20:08:08,110,Success
837,14-01-2015,20:12:27,106,Cancelled
838,14-01-2015,20:33:57,102,Delivered
839,14-01-2015,20:40:40,104,Delivered
840,14-01-2015,20:46:12,106,Success
841,14-01-2015,20:57:40,107,Delivered
842,14-01-2015,21:09:39,101,Failed
843,14-01-2015,21:32:21,110,Success
844,14-01-2015,21:36:58,107,Cancelled
845,14-01-2015,21:42:56,101,Success
846,14-01-2015,22:16:24,108,Cancelled
847,15-01-2015,11:37:03,105,Cancelled
848,15-01-2015,11:56:46,102,Success
849,15-01-2015,12:08:30,102,Delivered
850,15-01-2015,12:15:35,110,Success
851,15-01-2015,12:20:22,107,Cancelled
852,15-01-2015,12:33:51,108,Cancelled
853,15-01-2015,12:36:39,105,Cancelled
854,15-01-2015,12:51:19,105,Failed
855,15-01-2015,12:56:54,103,Success
856,15-01-2015,12:59:20,110,Cancelled
857,15-01-2015,13:01:53,101,Delivered
858,15-01-2015,13:03:42,104,Success
859,15-01-2015,13:05:13,107,Failed
860,15-01-2015,13:07:53,104,Success
861,15-01-2015,13:08:44,109,Cancelled
862,15-01-2015,13:10:45,107,Success
863,15-01-2015,13:12:29,106,Cancelled
864,15-01-2015,14:04:23,103,Failed
865,15-01-2015,14:10:00,104,Failed
866,15-01-2015,14:18:09,107,Success
867,15-01-2015,14:19:28,109,Failed
868,15-01-2015,14:27:25,107,Failed
869,15-01-2015,14:31:43,103,Cancelled
870,15-01-2015,14:38:31,105,Success
871,15-01-2015,14:45:22,106,Delivered
872,15-01-2015,14:48:37,102,Success
873,15-01-2015,15:06:15,109,Failed
874,15-01-2015,15:20:36,106,Delivered
875,15-01-2015,15:23:21,102,Cancelled
876,15-01-2015,15:27:03,101,Delivered
877,15-01-2015,15:32:59,106,Delivered
878,15-01-2015,16:05:58,106,Cancelled
879,15-01-2015,16:12:57,105,Failed
880,15-01-2015,16:19:26,109,Delivered
881,15-01-2015,16:40:04,103,Success
882,15-01-2015,16:44:46,104,Failed
883,15-01-2015,16:56:05,103,Success
884,15-01-2015,16:57:15,104,Cancelled
885,15-01-2015,16:57:55,102,Failed
886,15-01-2015,17:05:35,105,Success
887,15-01-2015,17:13:58,110,Delivered
888,15-01-2015,17:14:27,104,Cancelled
889,15-01-2015,17:27:51,106,Cancelled
890,15-01-2015,17:32:25,105,Delivered
891,15-01-2015,17:43:34,109,Delivered
892,15-01-2015,18:04:29,107,Delivered
893,15-01-2015,18:15:22,103,Failed
894,15-01-2015,18:17:26,102,Failed
895,15-01-2015,18:18:11,108,Success
896,15-01-2015,18:27:28,107,Delivered
897,15-01-2015,18:53:07,101,Success
898,15-01-2015,18:56:49,102,Cancelled
899,15-01-2015,19:06:14,102,Success
900,15-01-2015,19:09:51,109,Failed
901,15-01-2015,19:16:11,105,Failed
902,15-01-2015,19:21:00,107,Cancelled
903,15-01-2015,19:27:22,102,Delivered
904,15-01-2015,20:07:01,103,Success
905,15-01-2015,20:12:06,106,Delivered
906,15-01-2015,20:51:59,105,Failed
907,15-01-2015,20:54:32,104,Delivered
908,15-01-2015,21:42:32,109,Delivered
909,16-01-2015,11:19:25,104,Cancelled
910,16-01-2015,11:25:40,106,Delivered
911,16-01-2015,11:36:00,101,Delivered
912,16-01-2015,11:39:48,105,Cancelled
913,16-01-2015,11:55:24,104,Failed
914,16-01-2015,12:14:22,105,Failed
915,16-01-2015,12:20:22,109,Delivered
916,16-01-2015,12:30:09,102,Delivered
917,16-01-2015,12:34:15,105,Cancelled
918,16-01-2015,13:06:04,101,Cancelled
919,16-01-2015,13:11:15,109,Cancelled
920,16-01-2015,13:16:55,103,Delivered
921,16-01-2015,13:18:32,104,Success
922,16-01-2015,13:19:43,106,Delivered
923,16-01-2015,13:23:29,102,Delivered
924,16-01-2015,13:27:57,106,Success
925,16-01-2015,13:42:47,106,Success
926,16-01-2015,13:51:38,110,Failed
927,16-01-2015,13:59:21,105,Success
928,16-01-2015,14:14:40,107,Delivered
929,16-01-2015,14:24:45,101,Delivered
930,16-01-2015,15:00:11,105,Cancelled
931,16-01-2015,15:27:24,102,Failed
932,16-01-2015,15:33:19,109,Success
933,16-01-2015,15:49:05,104,Failed
934,16-01-2015,15:55:24,105,Success
935,16-01-2015,16:14:59,102,Delivered
936,16-01-2015,16:19:19,101,Delivered
937,16-01-2015,16:20:32,104,Cancelled
938,16-01-2015,16:43:09,106,Success
939,16-01-2015,16:59:23,104,Failed
940,16-01-2015,17:05:08,105,Success
941,16-01-2015,17:09:08,110,Delivered
942,16-01-2015,17:18:37,104,Cancelled
943,16-01-2015,17:22:00,104,Success
944,16-01-2015,17:54:33,103,Success
945,16-01-2015,17:58:38,106,Failed
946,16-01-2015,18:00:48,109,Success
947,16-01-2015,18:13:15,108,Cancelled
948,16-01-2015,18:42:17,108,Cancelled
949,16-01-2015,18:52:18,101,Success
950,16-01-2015,18:57:56,102,Cancelled
951,16-01-2015,19:03:46,108,Success
952,16-01-2015,19:05:35,106,Failed
953,16-01-2015,19:12:08,101,Failed
954,16-01-2015,19:14:03,103,Cancelled
955,16-01-2015,19:24:16,105,Cancelled
956,16-01-2015,19:24:40,108,Cancelled
957,16-01-2015,19:32:12,110,Success
958,16-01-2015,19:33:33,102,Failed
959,16-01-2015,19:34:00,109,Failed
960,16-01-2015,19:35:00,106,Success
961,16-01-2015,19:42:20,106,Cancelled
962,16-01-2015,19:55:17,107,Cancelled
963,16-01-2015,20:06:41,109,Failed
964,16-01-2015,20:24:37,104,Cancelled
965,16-01-2015,20:41:02,109,Cancelled
966,16-01-2015,20:59:17,108,Success
967,16-01-2015,21:03:33,107,Cancelled
968,16-01-2015,21:23:01,107,Success
969,16-01-2015,21:36:19,105,Delivered
970,16-01-2015,21:44:35,103,Delivered
971,16-01-2015,21:46:20,110,Failed
972,16-01-2015,22:03:09,105,Failed
973,16-01-2015,22:06:08,109,Failed
974,16-01-2015,22:06:53,106,Delivered
975,16-01-2015,22:10:21,106,Cancelled
976,17-01-2015,11:53:19,108,Cancelled
977,17-01-2015,12:01:58,102,Success
978,17-01-2015,12:24:36,110,Failed
979,17-01-2015,12:57:28,103,Success
980,17-01-2015,12:58:36,103,Cancelled
981,17-01-2015,13:56:46,106,Delivered
982,17-01-2015,14:12:58,101,Delivered
983,17-01-2015,14:29:31,106,Delivered
984,17-01-2015,14:33:55,104,Delivered
985,17-01-2015,14:34:50,102,Failed
986,17-01-2015,14:35:25,110,Cancelled
987,17-01-2015,14:41:14,110,Delivered
988,17-01-2015,14:44:56,105,Failed
989,17-01-2015,15:08:38,109,Cancelled
990,17-01-2015,15:30:10,107,Delivered
991,17-01-2015,15:43:27,102,Success
992,17-01-2015,15:49:31,109,Success
993,17-01-2015,16:16:59,101,Delivered
994,17-01-2015,16:19:42,102,Success
995,17-01-2015,16:57:30,105,Delivered
996,17-01-2015,17:11:07,107,Cancelled
997,17-01-2015,17:16:26,109,Failed
998,17-01-2015,17:19:16,109,Failed
999,17-01-2015,17:21:24,105,Success
1000,17-01-2015,17:24:24,110,Delivered
1001,17-01-2015,17:28:05,104,Success
1002,17-01-2015,17:29:41,102,Cancelled
1003,17-01-2015,17:31:16,102,Success
1004,17-01-2015,17:44:05,108,Success
1005,17-01-2015,17:49:51,108,Delivered
1006,17-01-2015,18:28:12,104,Failed
1007,17-01-2015,18:35:22,106,Cancelled
1008,17-01-2015,18:49:59,107,Success
1009,17-01-2015,18:58:24,104,Delivered
1010,17-01-2015,19:15:11,105,Cancelled
1011,17-01-2015,19:20:20,105,Cancelled
1012,17-01-2015,19:25:32,103,Failed
1013,17-01-2015,19:26:40,107,Cancelled
1014,17-01-2015,19:38:17,110,Failed
1015,17-01-2015,19:42:51,106,Failed
1016,17-01-2015,19:44:36,107,Cancelled
1017,17-01-2015,20:13:32,110,Success
1018,17-01-2015,20:38:50,109,Cancelled
1019,17-01-2015,20:50:54,102,Delivered
1020,17-01-2015,21:04:20,105,Delivered
1021,17-01-2015,21:11:31,102,Success
1022,17-01-2015,21:16:01,101,Success
1023,17-01-2015,21:20:18,107,Cancelled
1024,17-01-2015,21:21:23,108,Cancelled
1025,17-01-2015,21:49:00,102,Failed
1026,17-01-2015,21:55:05,104,Cancelled
1027,17-01-2015,21:57:02,104,Success
1028,17-01-2015,22:02:45,105,Cancelled
1029,17-01-2015,22:06:27,110,Success
1030,17-01-2015,22:13:59,105,Failed
1031,18-01-2015,11:39:03,109,Success
1032,18-01-2015,11:45:13,107,Cancelled
1033,18-01-2015,11:54:13,108,Cancelled
1034,18-01-2015,12:07:59,104,Failed
1035,18-01-2015,12:13:15,105,Success
1036,18-01-2015,12:49:29,103,Success
1037,18-01-2015,13:04:54,108,Delivered
1038,18-01-2015,13:14:59,102,Success
1039,18-01-2015,13:33:31,109,Failed
1040,18-01-2015,13:56:05,102,Failed
1041,18-01-2015,13:59:47,107,Delivered
1042,18-01-2015,14:06:19,106,Failed
1043,18-01-2015,14:07:36,109,Success
1044,18-01-2015,14:20:16,108,Failed
1045,18-01-2015,14:22:14,102,Success
1046,18-01-2015,14:39:33,101,Cancelled
1047,18-01-2015,14:50:37,103,Delivered
1048,18-01-2015,14:53:25,109,Delivered
1049,18-01-2015,14:57:48,109,Cancelled
1050,18-01-2015,15:05:54,107,Cancelled
1051,18-01-2015,15:08:45,101,Success
1052,18-01-2015,15:28:12,110,Cancelled
1053,18-01-2015,15:43:17,109,Delivered
1054,18-01-2015,15:56:04,105,Success
1055,18-01-2015,16:07:14,103,Failed
1056,18-01-2015,16:12:18,109,Failed
1057,18-01-2015,16:18:37,105,Cancelled
1058,18-01-2015,16:30:09,106,Delivered
1059,18-01-2015,16:30:14,102,Failed
1060,18-01-2015,16:39:46,107,Failed
1061,18-01-2015,17:17:02,108,Success
1062,18-01-2015,17:21:38,102,Delivered
1063,18-01-2015,17:28:29,106,Delivered
1064,18-01-2015,17:30:00,109,Cancelled
1065,18-01-2015,17:48:16,110,Delivered
1066,18-01-2015,18:10:50,104,Failed
1067,18-01-2015,18:13:43,106,Failed
1068,18-01-2015,18:16:32,103,Cancelled
1069,18-01-2015,18:19:47,104,Cancelled
1070,18-01-2015,18:21:27,103,Cancelled
1071,18-01-2015,18:27:40,106,Success
1072,18-01-2015,18:32:32,110,Delivered
1073,18-01-2015,18:42:02,102,Success
1074,18-01-2015,19:01:54,105,Failed
1075,18-01-2015,19:15:17,101,Failed
1076,18-01-2015,19:36:15,106,Delivered
1077,18-01-2015,20:13:25,108,Success
1078,18-01-2015,20:20:42,104,Delivered
1079,18-01-2015,20:45:11,110,Failed
1080,18-01-2015,21:22:58,104,Delivered
1081,18-01-2015,21:27:05,108,Failed
1082,19-01-2015,11:16:43,110,Cancelled
1083,19-01-2015,11:19:51,108,Delivered
1084,19-01-2015,11:27:33,106,Delivered
1085,19-01-2015,11:37:05,107,Delivered
1086,19-01-2015,11:57:17,101,Failed
1087,19-01-2015,11:57:38,104,Delivered
1088,19-01-2015,12:00:52,106,Failed
1089,19-01-2015,12:03:57,104,Delivered
1090,19-01-2015,12:14:24,106,Delivered
1091,19-01-2015,12:20:28,103,Failed
1092,19-01-2015,12:23:38,105,Success
1093,19-01-2015,12:33:24,110,Failed
1094,19-01-2015,12:33:50,107,Success
1095,19-01-2015,12:47:24,108,Success
1096,19-01-2015,12:56:45,106,Failed
1097,19-01-2015,13:02:07,110,Failed
1098,19-01-2015,13:25:39,102,Success
1099,19-01-2015,13:33:24,106,Delivered
1100,19-01-2015,13:34:27,104,Success
1101,19-01-2015,13:36:26,106,Failed
1102,19-01-2015,14:03:20,109,Failed
1103,19-01-2015,14:08:12,108,Success
1104,19-01-2015,14:39:45,101,Failed
1105,19-01-2015,15:13:54,101,Delivered
1106,19-01-2015,15:17:39,109,Success
1107,19-01-2015,15:45:44,103,Failed
1108,19-01-2015,16:18:49,101,Delivered
1109,19-01-2015,16:20:22,109,Failed
1110,19-01-2015,16:33:35,108,Failed
1111,19-01-2015,16:35:46,110,Cancelled
1112,19-01-2015,16:46:00,108,Failed
1113,19-01-2015,17:00:44,106,Delivered
1114,19-01-2015,17:00:53,109,Delivered
1115,19-01-2015,17:08:55,110,Success
1116,19-01-2015,17:09:15,109,Cancelled
1117,19-01-2015,17:13:25,107,Delivered
1118,19-01-2015,17:19:49,110,Delivered
1119,19-01-2015,17:42:23,103,Failed
1120,19-01-2015,17:46:46,107,Failed
1121,19-01-2015,18:15:08,109,Cancelled
1122,19-01-2015,18:16:44,103,Success
1123,19-01-2015,18:21:36,105,Cancelled
1124,19-01-2015,18:29:26,102,Failed
1125,19-01-2015,18:45:40,107,Success
1126,19-01-2015,18:48:46,104,Failed
1127,19-01-2015,18:53:52,107,Failed
1128,19-01-2015,18:59:54,104,Delivered
1129,19-01-2015,19:00:20,109,Cancelled
1130,19-01-2015,19:03:05,103,Cancelled
1131,19-01-2015,19:06:42,103,Cancelled
1132,19-01-2015,19:51:37,108,Failed
1133,19-01-2015,19:59:17,109,Success
1134,19-01-2015,20:05:41,102,Delivered
1135,19-01-2015,21:15:41,106,Failed
1136,19-01-2015,21:59:06,106,Delivered
1137,19-01-2015,22:13:28,104,Failed
1138,20-01-2015,11:21:49,106,Success
1139,20-01-2015,11:25:59,107,Failed
1140,20-01-2015,11:31:16,105,Delivered
1141,20-01-2015,11:35:08,109,Success
1142,20-01-2015,11:36:48,107,Cancelled
1143,20-01-2015,11:37:33,105,Delivered
1144,20-01-2015,12:02:21,110,Cancelled
1145,20-01-2015,12:04:15,106,Cancelled
1146,20-01-2015,12:12:00,107,Failed
1147,20-01-2015,12:12:25,109,Success
1148,20-01-2015,12:17:42,110,Success
1149,20-01-2015,12:22:41,102,Success
1150,20-01-2015,12:39:05,105,Cancelled
1151,20-01-2015,12:43:36,106,Success
1152,20-01-2015,12:44:23,109,Success
1153,20-01-2015,12:56:30,107,Success
1154,20-01-2015,12:59:38,107,Delivered
1155,20-01-2015,13:05:11,110,Cancelled
1156,20-01-2015,13:14:15,101,Success
1157,20-01-2015,13:16:58,110,Success
1158,20-01-2015,13:17:45,109,Delivered
1159,20-01-2015,14:06:41,101,Failed
1160,20-01-2015,14:14:54,101,Failed
1161,20-01-2015,14:21:41,102,Failed
1162,20-01-2015,14:40:02,110,Delivered
1163,20-01-2015,14:47:28,110,Cancelled
1164,20-01-2015,15:13:31,102,Failed
1165,20-01-2015,15:15:26,103,Cancelled
1166,20-01-2015,15:25:08,102,Failed
1167,20-01-2015,15:28:09,104,Delivered
1168,20-01-2015,15:58:05,103,Cancelled
1169,20-01-2015,16:08:25,103,Delivered
1170,20-01-2015,16:37:24,102,Success
1171,20-01-2015,16:41:58,107,Success
1172,20-01-2015,16:53:23,101,Cancelled
1173,20-01-2015,16:57:05,103,Cancelled
1174,20-01-2015,17:02:58,109,Success
1175,20-01-2015,17:05:14,104,Failed
1176,20-01-2015,17:05:19,110,Delivered
1177,20-01-2015,17:27:29,105,Cancelled
1178,20-01-2015,18:01:13,106,Cancelled
1179,20-01-2015,18:02:28,103,Success
1180,20-01-2015,18:12:31,110,Success
1181,20-01-2015,18:17:53,103,Success
1182,20-01-2015,18:33:48,104,Failed
1183,20-01-2015,18:51:30,104,Success
1184,20-01-2015,19:04:35,103,Delivered
1185,20-01-2015,19:10:26,102,Failed
1186,20-01-2015,19:19:55,107,Failed
1187,20-01-2015,19:21:40,108,Failed
1188,20-01-2015,19:25:25,102,Cancelled
1189,20-01-2015,19:40:47,109,Cancelled
1190,20-01-2015,19:43:15,106,Cancelled
1191,20-01-2015,19:56:41,110,Cancelled
1192,20-01-2015,20:15:27,101,Success
1193,20-01-2015,20:26:22,109,Failed
1194,20-01-2015,20:27:18,106,Success
1195,20-01-2015,20:39:52,106,Cancelled
1196,20-01-2015,20:44:41,110,Failed
1197,20-01-2015,20:53:41,102,Delivered
1198,20-01-2015,22:02:08,109,Failed
1199,20-01-2015,22:10:20,107,Cancelled
1200,20-01-2015,22:14:41,110,Failed
1201,20-01-2015,22:40:10,101,Cancelled
1202,21-01-2015,11:50:26,104,Success
1203,21-01-2015,11:54:22,106,Success
1204,21-01-2015,12:23:38,102,Success
1205,21-01-2015,12:29:13,103,Delivered
1206,21-01-2015,12:38:38,107,Failed
1207,21-01-2015,12:52:42,103,Delivered
1208,21-01-2015,13:03:21,106,Cancelled
1209,21-01-2015,13:13:52,103,Delivered
1210,21-01-2015,13:20:41,106,Cancelled
1211,21-01-2015,13:37:51,107,Success
1212,21-01-2015,13:42:25,101,Delivered
1213,21-01-2015,13:58:53,107,Delivered
1214,21-01-2015,14:00:05,104,Cancelled
1215,21-01-2015,14:02:04,103,Success
1216,21-01-2015,14:08:29,104,Cancelled
1217,21-01-2015,14:26:35,109,Failed
1218,21-01-2015,14:27:30,101,Success
1219,21-01-2015,15:13:10,103,Cancelled
1220,21-01-2015,15:20:03,110,Failed
1221,21-01-2015,15:23:36,106,Failed
1222,21-01-2015,15:32:23,104,Delivered
1223,21-01-2015,15:36:37,109,Delivered
1224,21-01-2015,15:45:47,105,Cancelled
1225,21-01-2015,15:59:07,106,Delivered
1226,21-01-2015,16:10:57,101,Delivered
1227,21-01-2015,16:20:21,102,Delivered
1228,21-01-2015,16:26:36,103,Failed
1229,21-01-2015,16:28:19,105,Cancelled
1230,21-01-2015,16:38:28,103,Success
1231,21-01-2015,16:45:04,106,Cancelled
1232,21-01-2015,16:50:36,104,Delivered
1233,21-01-2015,17:11:27,105,Cancelled
1234,21-01-2015,17:36:59,102,Success
1235,21-01-2015,17:55:58,105,Success
1236,21-01-2015,17:56:32,101,Delivered
1237,21-01-2015,18:10:40,108,Success
1238,21-01-2015,18:18:51,109,Failed
1239,21-01-2015,18:22:29,103,Success
1240,21-01-2015,18:40:50,105,Success
1241,21-01-2015,18:43:02,104,Success
1242,21-01-2015,18:50:51,106,Success
1243,21-01-2015,19:02:27,106,Success
1244,21-01-2015,19:24:32,106,Success
1245,21-01-2015,19:26:35,110,Cancelled
1246,21-01-2015,19:36:04,109,Delivered
1247,21-01-2015,19:54:37,107,Cancelled
1248,21-01-2015,20:13:51,109,Failed
1249,21-01-2015,20:40:44,103,Delivered
1250,21-01-2015,21:09:08,107,Cancelled
1251,21-01-2015,21:12:37,105,Failed
1252,21-01-2015,21:32:07,103,Success
1253,22-01-2015,11:34:52,110,Delivered
1254,22-01-2015,11:56:03,110,Delivered
1255,22-01-2015,12:05:34,110,Cancelled
1256,22-01-2015,12:06:15,106,Success
1257,22-01-2015,12:07:53,107,Failed
1258,22-01-2015,12:18:53,107,Delivered
1259,22-01-2015,12:22:47,103,Cancelled
1260,22-01-2015,12:31:07,109,Failed
1261,22-01-2015,12:32:00,110,Delivered
1262,22-01-2015,12:32:33,106,Cancelled
1263,22-01-2015,12:39:12,110,Cancelled
1264,22-01-2015,12:58:30,107,Failed
1265,22-01-2015,12:59:26,102,Cancelled
1266,22-01-2015,12:59:51,101,Cancelled
1267,22-01-2015,13:01:27,103,Delivered
1268,22-01-2015,13:01:39,104,Failed
1269,22-01-2015,13:04:41,104,Success
1270,22-01-2015,13:12:15,105,Failed
1271,22-01-2015,13:14:17,109,Delivered
1272,22-01-2015,13:14:37,109,Delivered
1273,22-01-2015,13:21:57,106,Failed
1274,22-01-2015,13:24:14,106,Cancelled
1275,22-01-2015,13:26:25,104,Success
1276,22-01-2015,13:46:36,103,Success
1277,22-01-2015,13:46:44,104,Delivered
1278,22-01-2015,14:07:34,101,Delivered
1279,22-01-2015,14:16:38,110,Delivered
1280,22-01-2015,14:44:54,107,Success
1281,22-01-2015,15:13:10,106,Success
1282,22-01-2015,15:16:54,110,Delivered
1283,22-01-2015,15:47:42,106,Delivered
1284,22-01-2015,15:53:38,103,Failed
1285,22-01-2015,16:18:42,109,Cancelled
1286,22-01-2015,16:29:13,103,Delivered
1287,22-01-2015,16:38:25,101,Success
1288,22-01-2015,17:10:07,108,Delivered
1289,22-01-2015,17:11:54,110,Failed
1290,22-01-2015,17:17:19,102,Success
1291,22-01-2015,17:20:13,103,Delivered
1292,22-01-2015,17:35:48,101,Success
1293,22-01-2015,17:37:59,101,Delivered
1294,22-01-2015,17:43:01,107,Success
1295,22-01-2015,17:44:59,103,Success
1296,22-01-2015,17:46:53,102,Success
1297,22-01-2015,17:51:53,103,Success
1298,22-01-2015,17:54:25,101,Delivered
1299,22-01-2015,17:56:07,108,Cancelled
1300,22-01-2015,18:28:51,109,Delivered
1301,22-01-2015,18:42:08,102,Delivered
1302,22-01-2015,18:44:04,104,Success
1303,22-01-2015,18:53:13,110,Delivered
1304,22-01-2015,19:02:50,107,Cancelled
1305,22-01-2015,19:24:01,103,Cancelled
1306,22-01-2015,19:35:25,103,Delivered
1307,22-01-2015,19:39:20,109,Success
1308,22-01-2015,19:43:14,101,Success
1309,22-01-2015,20:04:42,108,Cancelled
1310,22-01-2015,20:19:33,107,Failed
1311,22-01-2015,20:21:28,107,Cancelled
1312,22-01-2015,20:23:41,104,Failed
1313,22-01-2015,20:24:29,104,Success
1314,22-01-2015,20:40:55,102,Cancelled
1315,22-01-2015,20:46:44,108,Delivered
1316,22-01-2015,20:48:12,106,Cancelled
1317,22-01-2015,21:00:41,107,Success
1318,22-01-2015,21:36:48,105,Failed
1319,22-01-2015,22:24:05,107,Failed
1320,22-01-2015,23:02:31,110,Delivered
1321,23-01-2015,11:17:12,107,Failed
1322,23-01-2015,11:28:28,103,Delivered
1323,23-01-2015,11:45:37,109,Failed
1324,23-01-2015,11:46:56,103,Cancelled
1325,23-01-2015,11:50:45,105,Delivered
1326,23-01-2015,12:00:54,110,Delivered
1327,23-01-2015,12:01:01,101,Delivered
1328,23-01-2015,12:29:42,107,Success
1329,23-01-2015,12:49:11,103,Failed
1330,23-01-2015,12:54:53,101,Success
1331,23-01-2015,12:54:56,104,Failed
1332,23-01-2015,12:55:29,107,Cancelled
1333,23-01-2015,12:57:07,104,Failed
1334,23-01-2015,13:00:58,107,Cancelled
1335,23-01-2015,13:10:36,107,Success
1336,23-01-2015,13:14:10,103,Cancelled
1337,23-01-2015,13:44:49,110,Success
1338,23-01-2015,13:47:01,110,Delivered
1339,23-01-2015,14:10:45,103,Delivered
1340,23-01-2015,14:12:26,103,Cancelled
1341,23-01-2015,14:15:37,109,Delivered
1342,23-01-2015,14:17:05,109,Success
1343,23-01-2015,14:29:11,107,Failed
1344,23-01-2015,14:58:58,105,Success
1345,23-01-2015,15:01:02,105,Success
1346,23-01-2015,15:25:17,109,Success
1347,23-01-2015,15:32:59,106,Success
1348,23-01-2015,15:50:01,109,Cancelled
1349,23-01-2015,16:03:08,105,Failed
1350,23-01-2015,16:05:24,109,Failed
1351,23-01-2015,16:06:00,106,Success
1352,23-01-2015,16:12:21,109,Failed
1353,23-01-2015,16:21:26,107,Delivered
1354,23-01-2015,16:22:21,108,Cancelled
1355,23-01-2015,16:30:25,108,Success
1356,23-01-2015,17:11:00,104,Cancelled
1357,23-01-2015,17:17:58,102,Failed
1358,23-01-2015,17:24:07,109,Cancelled
1359,23-01-2015,17:31:29,108,Delivered
1360,23-01-2015,17:33:33,108,Failed
1361,23-01-2015,17:46:31,105,Failed
1362,23-01-2015,17:46:43,104,Delivered
1363,23-01-2015,17:46:45,106,Delivered
1364,23-01-2015,17:50:42,106,Failed
1365,23-01-2015,17:54:47,102,Cancelled
1366,23-01-2015,18:07:49,108,Delivered
1367,23-01-2015,18:09:22,102,Delivered
1368,23-01-2015,18:22:01,107,Failed
1369,23-01-2015,18:31:59,107,Success
1370,23-01-2015,18:45:57,103,Cancelled
1371,23-01-2015,18:54:00,103,Cancelled
1372,23-01-2015,18:57:10,105,Success
1373,23-01-2015,19:00:30,110,Cancelled
1374,23-01-2015,19:06:56,109,Failed
1375,23-01-2015,19:12:48,102,Failed
1376,23-01-2015,19:13:06,101,Cancelled
1377,23-01-2015,19:19:20,101,Cancelled
1378,23-01-2015,19:23:24,108,Delivered
1379,23-01-2015,19:33:07,102,Delivered
1380,23-01-2015,19:51:21,103,Failed
1381,23-01-2015,20:08:54,103,Delivered
1382,23-01-2015,20:11:35,108,Failed
1383,23-01-2015,20:24:59,103,Cancelled
1384,23-01-2015,20:31:01,107,Success
1385,23-01-2015,20:57:30,101,Failed
1386,23-01-2015,21:01:24,110,Failed
1387,23-01-2015,21:11:38,102,Cancelled
1388,23-01-2015,22:04:12,101,Delivered
1389,23-01-2015,22:05:37,108,Cancelled
1390,24-01-2015,11:38:40,107,Success
1391,24-01-2015,12:26:08,108,Failed
1392,24-01-2015,12:37:39,105,Success
1393,24-01-2015,12:43:03,104,Cancelled
1394,24-01-2015,13:25:55,107,Success
1395,24-01-2015,13:32:52,110,Delivered
1396,24-01-2015,13:34:33,106,Delivered
1397,24-01-2015,13:56:25,101,Success
1398,24-01-2015,14:04:36,101,Failed
1399,24-01-2015,14:07:38,102,Cancelled
1400,24-01-2015,14:08:26,105,Success
1401,24-01-2015,14:20:17,107,Failed
1402,24-01-2015,14:23:57,105,Cancelled
1403,24-01-2015,14:44:46,106,Success
1404,24-01-2015,14:59:38,108,Failed
1405,24-01-2015,15:00:13,107,Cancelled
1406,24-01-2015,15:08:57,107,Success
1407,24-01-2015,15:17:06,104,Success
1408,24-01-2015,16:05:14,102,Failed
1409,24-01-2015,16:06:10,108,Success
1410,24-01-2015,16:17:38,104,Success
1411,24-01-2015,16:36:53,108,Delivered
1412,24-01-2015,16:39:31,108,Failed
1413,24-01-2015,16:48:03,106,Delivered
1414,24-01-2015,16:49:15,103,Success
1415,24-01-2015,17:04:22,104,Failed
1416,24-01-2015,17:18:39,109,Delivered
1417,24-01-2015,17:31:05,110,Failed
1418,24-01-2015,17:50:34,105,Delivered
1419,24-01-2015,18:07:48,105,Delivered
1420,24-01-2015,18:10:44,108,Failed
1421,24-01-2015,18:17:01,104,Cancelled
1422,24-01-2015,18:26:42,107,Delivered
1423,24-01-2015,18:32:23,110,Failed
1424,24-01-2015,18:43:24,110,Delivered
1425,24-01-2015,18:50:51,109,Failed
1426,24-01-2015,19:06:06,104,Success
1427,24-01-2015,19:26:06,105,Delivered
1428,24-01-2015,19:33:57,110,Cancelled
1429,24-01-2015,19:36:22,109,Failed
1430,24-01-2015,19:39:56,106,Failed
1431,24-01-2015,19:40:03,101,Delivered
1432,24-01-2015,19:41:52,108,Failed
1433,24-01-2015,19:43:23,110,Delivered
1434,24-01-2015,19:43:40,106,Success
1435,24-01-2015,19:44:56,101,Failed
1436,24-01-2015,19:46:06,103,Failed
1437,24-01-2015,19:47:50,102,Delivered
1438,24-01-2015,19:54:07,103,Delivered
1439,24-01-2015,19:56:32,109,Failed
1440,24-01-2015,19:56:33,102,Delivered
1441,24-01-2015,20:13:00,108,Success
1442,24-01-2015,20:21:20,103,Cancelled
1443,24-01-2015,20:23:34,109,Failed
1444,24-01-2015,20:29:10,106,Delivered
1445,24-01-2015,20:29:40,106,Delivered
1446,24-01-2015,20:40:47,108,Cancelled
1447,24-01-2015,20:41:28,105,Success
1448,24-01-2015,20:59:29,103,Success
1449,24-01-2015,21:12:27,101,Failed
1450,24-01-2015,21:23:08,107,Success
1451,24-01-2015,21:23:59,101,Cancelled
1452,24-01-2015,22:32:11,101,Failed
1453,25-01-2015,12:24:36,103,Cancelled
1454,25-01-2015,12:27:51,103,Delivered
1455,25-01-2015,13:30:03,110,Failed
1456,25-01-2015,13:35:14,105,Delivered
1457,25-01-2015,13:35:53,110,Failed
1458,25-01-2015,13:46:05,104,Failed
1459,25-01-2015,14:01:11,110,Failed
1460,25-01-2015,14:17:13,109,Delivered
1461,25-01-2015,14:21:02,107,Delivered
1462,25-01-2015,14:32:07,103,Delivered
1463,25-01-2015,14:32:44,108,Delivered
1464,25-01-2015,14:43:49,102,Delivered
1465,25-01-2015,14:45:05,105,Cancelled
1466,25-01-2015,14:48:05,109,Delivered
1467,25-01-2015,14:50:29,101,Cancelled
1468,25-01-2015,15:05:16,102,Success
1469,25-01-2015,15:23:21,103,Delivered
1470,25-01-2015,15:29:05,106,Failed
1471,25-01-2015,16:07:00,105,Cancelled
1472,25-01-2015,16:32:36,105,Failed
1473,25-01-2015,16:36:54,106,Failed
1474,25-01-2015,16:52:12,105,Delivered
1475,25-01-2015,16:59:21,105,Delivered
1476,25-01-2015,17:05:06,105,Cancelled
1477,25-01-2015,17:08:54,108,Failed
1478,25-01-2015,17:26:23,103,Delivered
1479,25-01-2015,17:30:14,108,Failed
1480,25-01-2015,17:48:20,106,Failed
1481,25-01-2015,18:12:26,104,Delivered
1482,25-01-2015,18:32:16,110,Failed
1483,25-01-2015,18:39:10,108,Success
1484,25-01-2015,18:57:43,110,Success
1485,25-01-2015,19:05:15,102,Cancelled
1486,25-01-2015,19:09:03,108,Delivered
1487,25-01-2015,19:41:47,110,Cancelled
1488,25-01-2015,19:49:28,107,Success
1489,25-01-2015,20:01:54,103,Failed
1490,25-01-2015,20:07:13,105,Cancelled
1491,25-01-2015,20:19:40,108,Cancelled
1492,25-01-2015,20:46:56,110,Failed
1493,25-01-2015,21:00:40,102,Cancelled
1494,25-01-2015,21:01:50,101,Failed
1495,25-01-2015,21:17:32,109,Failed
1496,25-01-2015,21:32:38,105,Failed
1497,26-01-2015,11:15:57,108,Delivered
1498,26-01-2015,11:25:10,107,Failed
1499,26-01-2015,11:33:33,103,Delivered
1500,26-01-2015,11:52:57,104,Delivered
1501,26-01-2015,12:03:55,107,Success
1502,26-01-2015,12:04:48,101,Delivered
1503,26-01-2015,12:10:49,101,Failed
1504,26-01-2015,12:44:38,105,Delivered
1505,26-01-2015,12:47:34,102,Cancelled
1506,26-01-2015,12:56:04,104,Success
1507,26-01-2015,13:02:45,108,Failed
1508,26-01-2015,13:03:59,109,Success
1509,26-01-2015,13:08:25,104,Success
1510,26-01-2015,13:15:18,108,Success
1511,26-01-2015,13:24:17,102,Failed
1512,26-01-2015,13:27:32,103,Failed
1513,26-01-2015,13:46:01,101,Delivered
1514,26-01-2015,13:51:21,106,Failed
1515,26-01-2015,13:52:36,102,Delivered
1516,26-01-2015,13:54:36,109,Failed
1517,26-01-2015,13:56:01,106,Success
1518,26-01-2015,14:00:13,108,Success
1519,26-01-2015,14:21:10,110,Success
1520,26-01-2015,14:25:20,105,Failed
1521,26-01-2015,14:32:57,105,Failed
1522,26-01-2015,14:35:32,107,Failed
1523,26-01-2015,14:38:13,105,Delivered
1524,26-01-2015,14:47:17,102,Delivered
1525,26-01-2015,14:47:46,102,Delivered
1526,26-01-2015,14:55:06,108,Failed
1527,26-01-2015,15:14:30,105,Delivered
1528,26-01-2015,15:24:38,107,Failed
1529,26-01-2015,15:35:32,102,Delivered
1530,26-01-2015,15:49:09,107,Delivered
1531,26-01-2015,15:58:50,105,Failed
1532,26-01-2015,16:04:46,104,Delivered
1533,26-01-2015,16:08:02,103,Success
1534,26-01-2015,16:21:23,109,Delivered
1535,26-01-2015,16:38:21,104,Cancelled
1536,26-01-2015,16:52:11,107,Cancelled
1537,26-01-2015,17:04:54,102,Failed
1538,26-01-2015,17:06:36,101,Delivered
1539,26-01-2015,18:03:43,105,Delivered
1540,26-01-2015,18:08:56,108,Success
1541,26-01-2015,18:10:06,109,Delivered
1542,26-01-2015,18:37:22,103,Success
1543,26-01-2015,19:21:11,106,Failed
1544,26-01-2015,19:32:50,106,Success
1545,26-01-2015,19:33:23,102,Failed
1546,26-01-2015,19:42:41,101,Failed
1547,26-01-2015,20:58:38,101,Success
1548,26-01-2015,20:59:51,109,Cancelled
1549,26-01-2015,21:12:55,106,Success
1550,26-01-2015,21:23:19,106,Failed
1551,26-01-2015,21:37:51,109,Delivered
1552,27-01-2015,11:23:30,108,Success
1553,27-01-2015,11:47:40,101,Success
1554,27-01-2015,11:57:19,109,Success
1555,27-01-2015,12:07:54,108,Delivered
1556,27-01-2015,12:19:15,109,Success
1557,27-01-2015,12:21:21,108,Success
1558,27-01-2015,12:27:55,101,Failed
1559,27-01-2015,12:34:12,102,Cancelled
1560,27-01-2015,12:56:17,108,Delivered
1561,27-01-2015,12:56:35,108,Delivered
1562,27-01-2015,13:00:08,110,Success
1563,27-01-2015,13:04:38,110,Failed
1564,27-01-2015,13:05:50,109,Success
1565,27-01-2015,13:21:20,109,Success
1566,27-01-2015,13:23:02,110,Success
1567,27-01-2015,13:31:08,101,Cancelled
1568,27-01-2015,13:38:46,110,Delivered
1569,27-01-2015,13:38:50,101,Failed
1570,27-01-2015,13:49:25,101,Delivered
1571,27-01-2015,14:32:25,106,Failed
1572,27-01-2015,14:33:38,104,Failed
1573,27-01-2015,14:39:50,108,Failed
1574,27-01-2015,15:32:22,104,Delivered
1575,27-01-2015,15:37:13,106,Delivered
1576,27-01-2015,15:44:22,105,Delivered
1577,27-01-2015,15:48:27,107,Failed
1578,27-01-2015,16:07:40,104,Delivered
1579,27-01-2015,16:19:56,104,Success
1580,27-01-2015,16:27:31,103,Failed
1581,27-01-2015,16:28:38,106,Cancelled
1582,27-01-2015,16:34:55,110,Failed
1583,27-01-2015,17:01:03,103,Success
1584,27-01-2015,17:08:55,109,Success
1585,27-01-2015,17:14:26,102,Failed
1586,27-01-2015,17:15:31,108,Failed
1587,27-01-2015,17:26:55,105,Failed
1588,27-01-2015,17:29:19,104,Success
1589,27-01-2015,17:46:02,102,Failed
1590,27-01-2015,17:56:16,103,Success
1591,27-01-2015,18:00:16,101,Cancelled
1592,27-01-2015,18:02:51,107,Failed
1593,27-01-2015,18:06:25,101,Success
1594,27-01-2015,18:16:02,110,Success
1595,27-01-2015,18:17:38,107,Failed
1596,27-01-2015,18:22:07,110,Failed
1597,27-01-2015,18:22:23,105,Failed
1598,27-01-2015,18:31:26,103,Failed
1599,27-01-2015,18:33:59,110,Success
1600,27-01-2015,18:37:54,103,Cancelled
1601,27-01-2015,18:48:01,101,Success
1602,27-01-2015,18:49:15,103,Cancelled
1603,27-01-2015,19:16:45,108,Failed
1604,27-01-2015,20:05:01,109,Success
1605,27-01-2015,20:05:27,107,Cancelled
1606,27-01-2015,20:07:37,109,Cancelled
1607,27-01-2015,20:09:27,104,Success
1608,27-01-2015,20:10:32,104,Delivered
1609,27-01-2015,20:17:48,109,Failed
1610,27-01-2015,20:43:11,106,Delivered
1611,27-01-2015,21:03:04,101,Success
1612,27-01-2015,21:03:29,105,Delivered
1613,27-01-2015,21:05:59,102,Delivered
1614,27-01-2015,22:10:01,106,Failed
1615,27-01-2015,22:11:38,106,Success
1616,27-01-2015,22:22:25,107,Cancelled
1617,27-01-2015,22:25:26,102,Success
1618,28-01-2015,11:28:33,104,Cancelled
1619,28-01-2015,11:36:34,110,Cancelled
1620,28-01-2015,11:38:50,102,Cancelled
1621,28-01-2015,11:43:54,106,Cancelled
1622,28-01-2015,11:49:42,105,Failed
1623,28-01-2015,11:50:41,103,Failed
1624,28-01-2015,11:55:46,104,Success
1625,28-01-2015,11:58:42,103,Delivered
1626,28-01-2015,12:04:16,105,Cancelled
1627,28-01-2015,12:09:40,102,Delivered
1628,28-01-2015,12:16:39,103,Failed
1629,28-01-2015,12:17:09,103,Cancelled
1630,28-01-2015,12:19:50,107,Failed
1631,28-01-2015,12:20:11,104,Failed
1632,28-01-2015,12:20:31,105,Failed
1633,28-01-2015,12:45:52,108,Failed
1634,28-01-2015,12:47:43,103,Failed
1635,28-01-2015,13:07:37,110,Failed
1636,28-01-2015,13:07:52,109,Success
1637,28-01-2015,13:21:08,104,Cancelled
1638,28-01-2015,13:34:25,109,Delivered
1639,28-01-2015,13:37:57,101,Delivered
1640,28-01-2015,13:45:42,109,Success
1641,28-01-2015,14:21:48,101,Success
1642,28-01-2015,14:26:49,106,Success
1643,28-01-2015,14:46:45,102,Delivered
1644,28-01-2015,15:01:14,101,Cancelled
1645,28-01-2015,15:16:01,101,Delivered
1646,28-01-2015,15:28:30,104,Cancelled
1647,28-01-2015,15:29:24,108,Cancelled
1648,28-01-2015,15:43:15,109,Cancelled
1649,28-01-2015,16:26:11,109,Cancelled
1650,28-01-2015,16:35:45,107,Success
1651,28-01-2015,16:40:16,101,Delivered
1652,28-01-2015,16:56:19,101,Failed
1653,28-01-2015,17:28:53,110,Delivered
1654,28-01-2015,17:31:36,101,Cancelled
1655,28-01-2015,18:15:14,101,Success
1656,28-01-2015,18:15:57,104,Success
1657,28-01-2015,18:24:14,102,Delivered
1658,28-01-2015,18:44:20,103,Delivered
1659,28-01-2015,18:48:06,103,Cancelled
1660,28-01-2015,19:00:12,107,Success
1661,28-01-2015,19:05:34,102,Cancelled
1662,28-01-2015,19:54:25,101,Success
1663,28-01-2015,20:46:18,101,Failed
1664,28-01-2015,21:09:10,103,Success
1665,28-01-2015,21:24:32,109,Cancelled
1666,28-01-2015,21:28:58,108,Delivered
1667,28-01-2015,21:41:42,107,Cancelled
1668,28-01-2015,22:28:44,101,Delivered
1669,29-01-2015,11:43:36,106,Delivered
1670,29-01-2015,11:52:11,109,Failed
1671,29-01-2015,11:55:01,107,Cancelled
1672,29-01-2015,12:14:46,101,Cancelled
1673,29-01-2015,12:19:02,108,Success
1674,29-01-2015,12:26:17,101,Failed
1675,29-01-2015,12:26:53,103,Cancelled
1676,29-01-2015,12:39:31,106,Delivered
1677,29-01-2015,12:45:39,102,Cancelled
1678,29-01-2015,13:06:51,109,Failed
1679,29-01-2015,13:08:52,106,Delivered
1680,29-01-2015,13:10:44,103,Success
1681,29-01-2015,13:23:39,103,Success
1682,29-01-2015,13:27:10,103,Delivered
1683,29-01-2015,13:27:41,105,Success
1684,29-01-2015,13:33:16,108,Success
1685,29-01-2015,13:36:52,106,Delivered
1686,29-01-2015,13:37:50,108,Success
1687,29-01-2015,13:39:42,103,Delivered
1688,29-01-2015,13:42:20,108,Delivered
1689,29-01-2015,13:51:07,106,Success
1690,29-01-2015,13:55:35,109,Success
1691,29-01-2015,14:13:32,104,Failed
1692,29-01-2015,14:24:36,107,Success
1693,29-01-2015,14:28:24,104,Cancelled
1694,29-01-2015,14:39:52,102,Delivered
1695,29-01-2015,15:11:01,109,Delivered
1696,29-01-2015,15:26:55,109,Delivered
1697,29-01-2015,16:01:52,104,Delivered
1698,29-01-2015,16:04:23,109,Failed
1699,29-01-2015,16:05:53,101,Failed
1700,29-01-2015,16:07:41,101,Cancelled
1701,29-01-2015,16:40:57,105,Delivered
1702,29-01-2015,16:48:09,110,Failed
1703,29-01-2015,17:47:55,106,Failed
1704,29-01-2015,18:15:40,108,Success
1705,29-01-2015,18:38:41,101,Delivered
1706,29-01-2015,18:44:29,103,Cancelled
1707,29-01-2015,18:45:58,110,Failed
1708,29-01-2015,18:53:35,106,Success
1709,29-01-2015,18:55:40,104,Success
1710,29-01-2015,18:58:20,103,Success
1711,29-01-2015,18:59:29,103,Delivered
1712,29-01-2015,19:23:49,107,Failed
1713,29-01-2015,19:32:08,106,Success
1714,29-01-2015,19:34:31,105,Success
1715,29-01-2015,19:36:45,110,Delivered
1716,29-01-2015,20:05:12,107,Delivered
1717,29-01-2015,20:15:35,110,Delivered
1718,29-01-2015,20:15:51,110,Cancelled
1719,29-01-2015,20:23:41,109,Success
1720,29-01-2015,20:37:53,107,Delivered
1721,29-01-2015,20:38:52,110,Delivered
1722,29-01-2015,20:41:46,101,Failed
1723,29-01-2015,20:50:55,101,Failed
1724,29-01-2015,21:04:42,106,Success
1725,29-01-2015,21:27:53,104,Success
1726,29-01-2015,22:44:10,107,Delivered
1727,30-01-2015,11:25:25,101,Delivered
1728,30-01-2015,11:30:32,105,Failed
1729,30-01-2015,11:37:42,103,Failed
1730,30-01-2015,11:39:14,104,Failed
1731,30-01-2015,12:17:29,106,Failed
1732,30-01-2015,12:20:46,102,Delivered
1733,30-01-2015,12:26:56,104,Cancelled
1734,30-01-2015,12:36:42,103,Success
1735,30-01-2015,12:59:38,110,Delivered
1736,30-01-2015,13:34:18,103,Cancelled
1737,30-01-2015,13:41:21,106,Success
1738,30-01-2015,13:46:49,108,Cancelled
1739,30-01-2015,13:49:56,101,Success
1740,30-01-2015,14:14:17,110,Success
1741,30-01-2015,14:19:34,106,Cancelled
1742,30-01-2015,14:23:30,101,Delivered
1743,30-01-2015,14:25:35,108,Success
1744,30-01-2015,14:26:51,108,Failed
1745,30-01-2015,14:43:16,106,Cancelled
1746,30-01-2015,15:07:16,105,Failed
1747,30-01-2015,15:17:51,101,Delivered
1748,30-01-2015,15:32:57,106,Failed
1749,30-01-2015,16:02:56,101,Cancelled
1750,30-01-2015,16:12:42,105,Cancelled
1751,30-01-2015,16:49:58,110,Delivered
1752,30-01-2015,16:51:01,110,Failed
1753,30-01-2015,16:53:40,102,Cancelled
1754,30-01-2015,17:11:32,107,Delivered
1755,30-01-2015,17:22:31,109,Cancelled
1756,30-01-2015,17:30:17,107,Cancelled
1757,30-01-2015,17:32:30,107,Success
1758,30-01-2015,17:38:25,109,Success
1759,30-01-2015,17:49:25,104,Failed
1760,30-01-2015,18:00:46,110,Failed
1761,30-01-2015,18:02:30,109,Delivered
1762,30-01-2015,18:14:18,110,Delivered
1763,30-01-2015,18:24:28,107,Delivered
1764,30-01-2015,18:24:57,101,Success
1765,30-01-2015,18:32:30,108,Cancelled
1766,30-01-2015,18:50:13,103,Success
1767,30-01-2015,19:03:49,102,Success
1768,30-01-2015,19:28:42,109,Success
1769,30-01-2015,19:28:51,103,Delivered
1770,30-01-2015,19:31:17,101,Delivered
1771,30-01-2015,19:46:17,102,Delivered
1772,30-01-2015,19:57:11,109,Success
1773,30-01-2015,20:06:40,110,Failed
1774,30-01-2015,20:07:05,108,Failed
1775,30-01-2015,20:07:17,102,Cancelled
1776,30-01-2015,20:09:16,105,Cancelled
1777,30-01-2015,20:11:18,108,Delivered
1778,30-01-2015,20:26:02,101,Delivered
1779,30-01-2015,20:27:12,101,Success
1780,30-01-2015,20:54:47,105,Cancelled
1781,30-01-2015,21:05:03,103,Delivered
1782,30-01-2015,21:05:29,107,Success
1783,30-01-2015,21:05:39,108,Cancelled
1784,30-01-2015,21:06:05,107,Failed
1785,30-01-2015,21:08:02,110,Failed
1786,30-01-2015,21:20:25,107,Delivered
1787,30-01-2015,21:25:54,102,Success
1788,30-01-2015,21:35:08,108,Delivered
1789,30-01-2015,21:49:27,110,Success
1790,30-01-2015,22:07:03,103,Success
1791,30-01-2015,22:46:02,108,Failed
1792,31-01-2015,11:31:03,102,Delivered
1793,31-01-2015,11:44:04,101,Failed
1794,31-01-2015,11:56:54,104,Failed
1795,31-01-2015,13:21:53,109,Cancelled
1796,31-01-2015,13:31:47,103,Failed
1797,31-01-2015,13:40:00,106,Failed
1798,31-01-2015,14:03:30,108,Cancelled
1799,31-01-2015,14:07:32,104,Failed
1800,31-01-2015,14:17:39,103,Delivered
1801,31-01-2015,14:37:52,101,Success
1802,31-01-2015,14:55:20,106,Failed
1803,31-01-2015,15:12:38,102,Failed
1804,31-01-2015,15:44:13,105,Failed
1805,31-01-2015,16:01:42,105,Delivered
1806,31-01-2015,16:02:17,102,Cancelled
1807,31-01-2015,16:07:02,107,Success
1808,31-01-2015,16:07:49,104,Failed
1809,31-01-2015,16:13:08,101,Failed
1810,31-01-2015,16:16:19,108,Success
1811,31-01-2015,16:23:44,104,Failed
1812,31-01-2015,17:13:55,105,Cancelled
1813,31-01-2015,17:21:03,108,Success
1814,31-01-2015,17:24:47,109,Delivered
1815,31-01-2015,17:33:56,109,Success
1816,31-01-2015,17:59:29,107,Failed
1817,31-01-2015,18:05:04,101,Success
1818,31-01-2015,18:05:33,110,Failed
1819,31-01-2015,18:06:26,104,Success
1820,31-01-2015,18:13:57,105,Cancelled
1821,31-01-2015,18:14:53,108,Cancelled
1822,31-01-2015,18:17:53,110,Cancelled
1823,31-01-2015,18:19:33,103,Delivered
1824,31-01-2015,18:20:38,102,Failed
1825,31-01-2015,18:22:51,108,Success
1826,31-01-2015,18:33:05,104,Success
1827,31-01-2015,18:56:22,105,Cancelled
1828,31-01-2015,19:12:25,106,Delivered
1829,31-01-2015,19:15:50,101,Cancelled
1830,31-01-2015,19:23:54,105,Failed
1831,31-01-2015,20:02:14,102,Failed
1832,31-01-2015,20:08:22,109,Cancelled
1833,31-01-2015,20:11:10,109,Cancelled
1834,31-01-2015,20:26:06,106,Failed
1835,31-01-2015,20:28:11,101,Success
1836,31-01-2015,20:46:18,108,Success
1837,31-01-2015,20:56:35,103,Cancelled
1838,31-01-2015,20:56:38,109,Failed
1839,31-01-2015,20:58:38,106,Delivered
1840,31-01-2015,21:01:00,104,Failed
1841,31-01-2015,21:01:18,102,Success
1842,31-01-2015,21:07:17,103,Delivered
1843,31-01-2015,21:28:07,105,Success
1844,31-01-2015,22:09:40,106,Success
1845,31-01-2015,22:43:07,101,Delivered
1846,01-02-2015,11:32:07,105,Success
1847,01-02-2015,11:36:27,109,Delivered
1848,01-02-2015,11:40:46,104,Delivered
1849,01-02-2015,11:40:47,103,Success
1850,01-02-2015,11:44:12,108,Cancelled
1851,01-02-2015,11:49:01,106,Failed
1852,01-02-2015,11:54:36,106,Delivered
1853,01-02-2015,12:12:59,101,Delivered
1854,01-02-2015,12:27:17,103,Cancelled
1855,01-02-2015,12:28:09,102,Cancelled
1856,01-02-2015,12:32:48,107,Failed
1857,01-02-2015,12:34:00,110,Delivered
1858,01-02-2015,12:43:50,107,Success
1859,01-02-2015,13:18:55,102,Failed
1860,01-02-2015,13:19:52,107,Delivered
1861,01-02-2015,13:21:23,107,Delivered
1862,01-02-2015,13:27:02,110,Delivered
1863,01-02-2015,13:39:45,105,Cancelled
1864,01-02-2015,13:46:26,103,Success
1865,01-02-2015,14:09:37,105,Cancelled
1866,01-02-2015,14:18:56,101,Failed
1867,01-02-2015,14:35:50,109,Delivered
1868,01-02-2015,14:35:56,107,Delivered
1869,01-02-2015,14:37:38,109,Failed
1870,01-02-2015,14:45:45,110,Failed
1871,01-02-2015,15:01:40,103,Delivered
1872,01-02-2015,15:07:28,110,Cancelled
1873,01-02-2015,15:09:20,108,Delivered
1874,01-02-2015,15:19:35,109,Success
1875,01-02-2015,15:52:26,101,Failed
1876,01-02-2015,15:56:21,102,Failed
1877,01-02-2015,16:03:52,106,Success
1878,01-02-2015,16:07:22,109,Success
1879,01-02-2015,16:14:27,101,Failed
1880,01-02-2015,16:15:40,106,Cancelled
1881,01-02-2015,16:16:16,109,Success
1882,01-02-2015,16:18:31,107,Success
1883,01-02-2015,16:25:39,105,Cancelled
1884,01-02-2015,16:34:15,106,Success
1885,01-02-2015,16:34:57,107,Failed
1886,01-02-2015,16:43:54,101,Cancelled
1887,01-02-2015,16:48:06,103,Cancelled
1888,01-02-2015,17:01:44,110,Delivered
1889,01-02-2015,17:03:26,104,Success
1890,01-02-2015,17:09:36,106,Failed
1891,01-02-2015,17:11:07,105,Failed
1892,01-02-2015,17:11:28,108,Failed
1893,01-02-2015,17:11:36,107,Cancelled
1894,01-02-2015,17:13:57,105,Success
1895,01-02-2015,17:24:50,106,Cancelled
1896,01-02-2015,17:28:49,101,Failed
1897,01-02-2015,17:32:37,102,Failed
1898,01-02-2015,17:34:26,103,Cancelled
1899,01-02-2015,17:35:39,110,Cancelled
1900,01-02-2015,17:42:49,105,Cancelled
1901,01-02-2015,17:47:51,104,Cancelled
1902,01-02-2015,17:50:51,104,Cancelled
1903,01-02-2015,18:06:22,101,Failed
1904,01-02-2015,18:13:17,110,Failed
1905,01-02-2015,18:14:34,108,Success
1906,01-02-2015,18:17:07,110,Delivered
1907,01-02-2015,18:25:35,110,Cancelled
1908,01-02-2015,18:28:56,110,Failed
1909,01-02-2015,18:45:56,105,Failed
1910,01-02-2015,18:57:06,101,Delivered
1911,01-02-2015,19:01:15,110,Failed
1912,01-02-2015,19:01:32,109,Delivered
1913,01-02-2015,19:04:46,102,Delivered
1914,01-02-2015,19:24:03,105,Success
1915,01-02-2015,19:24:26,104,Cancelled
1916,01-02-2015,19:27:59,106,Success
1917,01-02-2015,19:48:51,104,Cancelled
1918,01-02-2015,19:50:54,101,Failed
1919,01-02-2015,20:03:59,105,Cancelled
1920,01-02-2015,20:04:38,107,Cancelled
1921,01-02-2015,20:07:50,108,Success
1922,01-02-2015,20:09:20,106,Failed
1923,01-02-2015,20:34:14,104,Cancelled
1924,01-02-2015,20:40:02,104,Cancelled
1925,01-02-2015,20:43:56,109,Failed
1926,01-02-2015,21:12:29,109,Success
1927,01-02-2015,21:31:03,106,Failed
1928,01-02-2015,21:57:20,101,Cancelled
1929,01-02-2015,22:08:01,110,Success
1930,01-02-2015,22:11:02,110,Delivered
1931,01-02-2015,22:15:43,109,Failed
1932,01-02-2015,22:29:35,108,Failed
1933,02-02-2015,11:17:08,101,Delivered
1934,02-02-2015,11:24:45,109,Success
1935,02-02-2015,11:24:47,108,Failed
1936,02-02-2015,11:34:50,107,Success
1937,02-02-2015,11:43:47,102,Failed
1938,02-02-2015,11:46:18,108,Failed
1939,02-02-2015,12:29:44,105,Failed
1940,02-02-2015,12:30:48,101,Failed
1941,02-02-2015,12:33:21,109,Success
1942,02-02-2015,12:38:58,109,Failed
1943,02-02-2015,12:40:35,106,Delivered
1944,02-02-2015,12:49:13,110,Delivered
1945,02-02-2015,12:50:14,108,Success
1946,02-02-2015,13:01:49,106,Failed
1947,02-02-2015,13:12:14,109,Cancelled
1948,02-02-2015,13:13:28,108,Success
1949,02-02-2015,13:14:06,110,Delivered
1950,02-02-2015,13:14:40,110,Delivered
1951,02-02-2015,13:39:08,107,Failed
1952,02-02-2015,13:41:46,109,Failed
1953,02-02-2015,13:42:31,102,Success
1954,02-02-2015,13:53:10,101,Delivered
1955,02-02-2015,14:28:24,105,Cancelled
1956,02-02-2015,14:36:07,102,Failed
1957,02-02-2015,14:50:01,109,Cancelled
1958,02-02-2015,15:05:43,110,Delivered
1959,02-02-2015,15:09:10,101,Success
1960,02-02-2015,15:15:16,104,Cancelled
1961,02-02-2015,15:29:57,102,Delivered
1962,02-02-2015,15:32:15,104,Failed
1963,02-02-2015,15:59:08,103,Failed
1964,02-02-2015,16:09:42,105,Delivered
1965,02-02-2015,16:10:04,107,Delivered
1966,02-02-2015,16:14:14,108,Failed
1967,02-02-2015,16:41:43,104,Failed
1968,02-02-2015,16:58:41,102,Success
1969,02-02-2015,17:10:43,107,Cancelled
1970,02-02-2015,17:30:16,104,Failed
1971,02-02-2015,17:31:16,105,Success
1972,02-02-2015,17:35:29,103,Success
1973,02-02-2015,17:48:51,108,Failed
1974,02-02-2015,17:49:37,101,Delivered
1975,02-02-2015,18:07:34,104,Cancelled
1976,02-02-2015,18:25:11,109,Cancelled
1977,02-02-2015,18:27:37,109,Cancelled
1978,02-02-2015,19:03:28,109,Failed
1979,02-02-2015,19:05:23,107,Failed
1980,02-02-2015,19:07:15,106,Success
1981,02-02-2015,19:10:40,109,Delivered
1982,02-02-2015,19:36:26,109,Failed
1983,02-02-2015,19:39:08,108,Cancelled
1984,02-02-2015,19:50:13,110,Success
1985,02-02-2015,20:00:05,104,Cancelled
1986,02-02-2015,20:07:17,101,Delivered
1987,02-02-2015,20:09:54,104,Delivered
1988,02-02-2015,20:46:01,106,Delivered
1989,02-02-2015,21:15:17,104,Cancelled
1990,02-02-2015,21:22:35,104,Failed
1991,02-02-2015,21:47:12,108,Failed
1992,02-02-2015,21:48:32,101,Delivered
1993,02-02-2015,22:07:29,101,Cancelled
1994,02-02-2015,22:08:10,107,Cancelled
1995,02-02-2015,22:19:33,104,Cancelled
1996,03-02-2015,11:25:25,109,Cancelled
1997,03-02-2015,11:35:10,107,Delivered
1998,03-02-2015,11:47:03,109,Success
1999,03-02-2015,12:07:51,107,Failed
2000,03-02-2015,12:14:27,101,Failed
2001,03-02-2015,12:20:45,108,Success
2002,03-02-2015,12:21:10,106,Success
2003,03-02-2015,12:21:25,104,Cancelled
2004,03-02-2015,12:24:06,104,Delivered
2005,03-02-2015,12:32:02,104,Success
2006,03-02-2015,12:35:28,103,Cancelled
2007,03-02-2015,12:37:21,108,Failed
2008,03-02-2015,12:47:12,110,Success
2009,03-02-2015,12:55:07,103,Delivered
2010,03-02-2015,13:00:41,108,Failed
2011,03-02-2015,13:01:28,104,Delivered
2012,03-02-2015,13:19:00,108,Failed
2013,03-02-2015,13:20:46,106,Cancelled
2014,03-02-2015,13:23:13,101,Success
2015,03-02-2015,13:23:49,102,Success
2016,03-02-2015,13:47:00,102,Failed
2017,03-02-2015,13:51:56,104,Success
2018,03-02-2015,14:06:04,103,Delivered
2019,03-02-2015,14:14:03,102,Success
2020,03-02-2015,14:14:05,102,Failed
2021,03-02-2015,14:25:13,108,Failed
2022,03-02-2015,14:36:36,103,Cancelled
2023,03-02-2015,15:05:28,105,Cancelled
2024,03-02-2015,16:04:02,102,Success
2025,03-02-2015,16:11:01,102,Success
2026,03-02-2015,16:11:48,107,Success
2027,03-02-2015,16:20:30,102,Success
2028,03-02-2015,16:38:16,110,Failed
2029,03-02-2015,16:47:49,109,Delivered
2030,03-02-2015,16:50:44,108,Delivered
2031,03-02-2015,16:51:05,109,Delivered
2032,03-02-2015,17:12:51,110,Failed
2033,03-02-2015,17:13:15,101,Delivered
2034,03-02-2015,17:15:18,107,Failed
2035,03-02-2015,17:16:16,108,Cancelled
2036,03-02-2015,17:17:29,103,Failed
2037,03-02-2015,17:30:57,107,Failed
2038,03-02-2015,17:31:35,106,Failed
2039,03-02-2015,17:36:07,110,Delivered
2040,03-02-2015,17:36:45,109,Failed
2041,03-02-2015,17:40:35,102,Failed
2042,03-02-2015,18:01:43,104,Cancelled
2043,03-02-2015,18:23:13,104,Cancelled
2044,03-02-2015,18:33:46,109,Failed
2045,03-02-2015,18:46:11,108,Success
2046,03-02-2015,18:46:54,102,Delivered
2047,03-02-2015,18:47:08,105,Cancelled
2048,03-02-2015,18:48:26,106,Success
2049,03-02-2015,19:00:24,101,Cancelled
2050,03-02-2015,19:20:46,102,Failed
2051,03-02-2015,19:51:00,109,Success
2052,03-02-2015,19:54:31,104,Failed
2053,03-02-2015,20:42:43,104,Delivered
2054,03-02-2015,20:46:45,110,Cancelled
2055,03-02-2015,20:59:30,103,Success
2056,03-02-2015,21:05:04,104,Cancelled
2057,03-02-2015,21:11:26,102,Cancelled
2058,04-02-2015,11:19:17,103,Delivered
2059,04-02-2015,11:41:34,109,Delivered
2060,04-02-2015,11:45:09,105,Cancelled
2061,04-02-2015,11:49:00,107,Delivered
2062,04-02-2015,11:56:32,107,Success
2063,04-02-2015,12:25:02,105,Success
2064,04-02-2015,12:26:39,110,Delivered
2065,04-02-2015,12:27:21,110,Delivered
2066,04-02-2015,12:44:20,107,Success
2067,04-02-2015,12:47:00,103,Failed
2068,04-02-2015,12:49:48,101,Delivered
2069,04-02-2015,12:58:32,105,Failed
2070,04-02-2015,13:00:47,109,Cancelled
2071,04-02-2015,13:06:29,104,Success
2072,04-02-2015,13:08:24,107,Cancelled
2073,04-02-2015,13:35:51,105,Cancelled
2074,04-02-2015,13:41:08,105,Failed
2075,04-02-2015,14:03:04,101,Cancelled
2076,04-02-2015,14:11:44,109,Cancelled
2077,04-02-2015,14:31:27,102,Failed
2078,04-02-2015,14:49:29,106,Success
2079,04-02-2015,14:57:11,104,Success
2080,04-02-2015,14:58:48,104,Failed
2081,04-02-2015,15:14:39,102,Cancelled
2082,04-02-2015,15:16:20,105,Cancelled
2083,04-02-2015,15:40:20,109,Success
2084,04-02-2015,16:06:23,109,Delivered
2085,04-02-2015,16:16:36,108,Success
2086,04-02-2015,16:38:50,110,Failed
2087,04-02-2015,16:39:18,101,Failed
2088,04-02-2015,16:48:57,110,Cancelled
2089,04-02-2015,17:05:16,110,Cancelled
2090,04-02-2015,17:17:07,102,Failed
2091,04-02-2015,17:17:43,101,Failed
2092,04-02-2015,17:31:43,107,Delivered
2093,04-02-2015,17:33:29,107,Success
2094,04-02-2015,17:35:45,109,Cancelled
2095,04-02-2015,17:49:55,102,Failed
2096,04-02-2015,18:11:16,103,Delivered
2097,04-02-2015,18:13:32,104,Success
2098,04-02-2015,18:16:27,102,Success
2099,04-02-2015,18:44:17,108,Success
2100,04-02-2015,18:46:03,110,Cancelled
2101,04-02-2015,19:27:08,110,Delivered
2102,04-02-2015,19:30:52,101,Cancelled
2103,04-02-2015,19:38:28,102,Delivered
2104,04-02-2015,20:09:43,103,Cancelled
2105,04-02-2015,20:22:27,106,Cancelled
2106,04-02-2015,20:54:54,102,Failed
2107,04-02-2015,21:01:41,104,Delivered
2108,04-02-2015,21:05:07,107,Delivered
2109,04-02-2015,21:13:14,105,Cancelled
2110,04-02-2015,21:16:34,104,Success
2111,04-02-2015,21:28:44,108,Success
2112,04-02-2015,22:07:51,106,Success
2113,04-02-2015,22:16:08,106,Cancelled
2114,04-02-2015,22:26:28,105,Success
2115,05-02-2015,11:15:19,107,Failed
2116,05-02-2015,12:11:52,101,Cancelled
2117,05-02-2015,12:20:33,104,Cancelled
2118,05-02-2015,12:24:57,104,Failed
2119,05-02-2015,12:30:46,105,Success
2120,05-02-2015,12:47:12,110,Cancelled
2121,05-02-2015,12:50:51,102,Cancelled
2122,05-02-2015,12:52:55,103,Cancelled
2123,05-02-2015,12:54:56,102,Delivered
2124,05-02-2015,12:56:27,101,Delivered
2125,05-02-2015,13:06:10,103,Delivered
2126,05-02-2015,13:31:29,109,Success
2127,05-02-2015,13:42:16,104,Cancelled
2128,05-02-2015,13:42:50,104,Cancelled
2129,05-02-2015,13:48:38,102,Cancelled
2130,05-02-2015,14:17:14,103,Cancelled
2131,05-02-2015,14:17:24,109,Cancelled
2132,05-02-2015,14:18:04,106,Failed
2133,05-02-2015,14:18:52,103,Success
2134,05-02-2015,14:36:32,108,Cancelled
2135,05-02-2015,14:38:28,107,Delivered
2136,05-02-2015,14:54:49,101,Delivered
2137,05-02-2015,15:00:15,109,Delivered
2138,05-02-2015,15:08:13,101,Success
2139,05-02-2015,15:41:58,110,Success
2140,05-02-2015,16:55:35,105,Failed
2141,05-02-2015,17:00:13,106,Success
2142,05-02-2015,17:36:09,108,Success
2143,05-02-2015,17:44:52,110,Cancelled
2144,05-02-2015,17:48:08,102,Success
2145,05-02-2015,17:57:12,103,Failed
2146,05-02-2015,18:04:19,105,Failed
2147,05-02-2015,18:11:25,103,Success
2148,05-02-2015,18:15:37,108,Delivered
2149,05-02-2015,18:19:51,101,Failed
2150,05-02-2015,18:22:25,110,Success
2151,05-02-2015,18:22:28,104,Failed
2152,05-02-2015,18:35:11,107,Failed
2153,05-02-2015,18:38:01,107,Delivered
2154,05-02-2015,18:55:27,110,Delivered
2155,05-02-2015,18:59:56,110,Failed
2156,05-02-2015,19:29:29,108,Failed
2157,05-02-2015,19:39:29,105,Failed
2158,05-02-2015,19:49:47,110,Success
2159,05-02-2015,19:55:12,104,Cancelled
2160,05-02-2015,20:01:50,103,Success
2161,05-02-2015,20:10:24,105,Cancelled
2162,05-02-2015,20:15:06,101,Cancelled
2163,05-02-2015,20:18:08,101,Delivered
2164,05-02-2015,20:23:49,105,Delivered
2165,05-02-2015,20:29:51,103,Success
2166,05-02-2015,20:41:36,107,Cancelled
2167,05-02-2015,20:56:14,106,Failed
2168,05-02-2015,20:59:08,101,Delivered
2169,05-02-2015,21:23:02,110,Delivered
2170,05-02-2015,21:34:23,102,Cancelled
2171,05-02-2015,21:48:24,103,Failed
2172,05-02-2015,21:51:44,109,Success
2173,05-02-2015,21:56:42,105,Success
2174,05-02-2015,22:00:17,103,Failed
2175,06-02-2015,11:16:08,107,Failed
2176,06-02-2015,11:18:53,104,Success
2177,06-02-2015,11:25:48,103,Cancelled
2178,06-02-2015,11:32:25,101,Delivered
2179,06-02-2015,11:54:09,102,Success
2180,06-02-2015,11:59:14,102,Delivered
2181,06-02-2015,12:06:15,108,Delivered
2182,06-02-2015,12:22:30,110,Failed
2183,06-02-2015,12:25:17,101,Cancelled
2184,06-02-2015,12:40:25,106,Cancelled
2185,06-02-2015,12:54:25,107,Success
2186,06-02-2015,13:03:16,107,Cancelled
2187,06-02-2015,13:10:13,105,Failed
2188,06-02-2015,13:13:33,103,Cancelled
2189,06-02-2015,13:14:59,107,Success
2190,06-02-2015,13:19:45,108,Success
2191,06-02-2015,13:19:59,107,Cancelled
2192,06-02-2015,13:20:41,103,Failed
2193,06-02-2015,13:21:21,108,Success
2194,06-02-2015,13:22:11,102,Cancelled
2195,06-02-2015,13:39:29,110,Delivered
2196,06-02-2015,13:45:32,105,Delivered
2197,06-02-2015,14:01:18,106,Failed
2198,06-02-2015,14:13:09,106,Failed
2199,06-02-2015,14:36:06,107,Failed
2200,06-02-2015,15:21:45,102,Failed
2201,06-02-2015,15:24:02,109,Delivered
2202,06-02-2015,15:31:14,102,Success
2203,06-02-2015,16:11:41,103,Delivered
2204,06-02-2015,16:28:46,104,Failed
2205,06-02-2015,16:39:28,106,Success
2206,06-02-2015,16:59:29,105,Delivered
2207,06-02-2015,17:00:57,105,Cancelled
2208,06-02-2015,17:10:44,103,Success
2209,06-02-2015,17:11:37,106,Delivered
2210,06-02-2015,17:24:07,110,Success
2211,06-02-2015,17:30:36,106,Cancelled
2212,06-02-2015,17:52:48,105,Failed
2213,06-02-2015,17:53:26,108,Failed
2214,06-02-2015,17:57:31,109,Failed
2215,06-02-2015,18:07:53,109,Success
2216,06-02-2015,18:10:26,103,Delivered
2217,06-02-2015,18:21:44,106,Success
2218,06-02-2015,18:29:00,102,Delivered
2219,06-02-2015,18:41:54,107,Cancelled
2220,06-02-2015,18:46:32,106,Failed
2221,06-02-2015,18:47:16,106,Success
2222,06-02-2015,18:51:55,110,Cancelled
2223,06-02-2015,19:02:30,109,Cancelled
2224,06-02-2015,19:02:49,107,Cancelled
2225,06-02-2015,19:23:26,109,Delivered
2226,06-02-2015,19:29:57,108,Failed
2227,06-02-2015,19:43:48,104,Cancelled
2228,06-02-2015,20:04:33,106,Delivered
2229,06-02-2015,20:16:54,104,Success
2230,06-02-2015,20:41:12,103,Cancelled
2231,06-02-2015,20:42:58,109,Cancelled
2232,06-02-2015,20:50:02,106,Success
2233,06-02-2015,21:07:01,110,Success
2234,06-02-2015,21:17:17,108,Failed
2235,06-02-2015,21:26:37,106,Cancelled
2236,06-02-2015,21:32:03,110,Cancelled
2237,06-02-2015,21:37:09,102,Delivered
2238,06-02-2015,21:38:28,102,Failed
2239,06-02-2015,22:09:09,107,Failed
2240,06-02-2015,22:22:17,108,Cancelled
2241,07-02-2015,11:40:43,105,Cancelled
2242,07-02-2015,11:57:32,101,Cancelled
2243,07-02-2015,12:22:59,110,Success
2244,07-02-2015,12:24:36,101,Failed
2245,07-02-2015,12:30:31,101,Success
2246,07-02-2015,12:52:30,110,Failed
2247,07-02-2015,13:15:55,103,Success
2248,07-02-2015,13:22:06,104,Delivered
2249,07-02-2015,13:24:15,109,Cancelled
2250,07-02-2015,13:31:14,109,Delivered
2251,07-02-2015,13:58:00,101,Delivered
2252,07-02-2015,14:32:17,101,Failed
2253,07-02-2015,14:54:01,109,Success
2254,07-02-2015,15:00:58,103,Failed
2255,07-02-2015,15:15:54,106,Cancelled
2256,07-02-2015,15:22:04,101,Cancelled
2257,07-02-2015,15:28:55,110,Delivered
2258,07-02-2015,15:34:05,110,Failed
2259,07-02-2015,15:41:25,102,Cancelled
2260,07-02-2015,15:43:28,103,Success
2261,07-02-2015,15:48:00,105,Cancelled
2262,07-02-2015,16:36:54,109,Delivered
2263,07-02-2015,16:42:45,104,Cancelled
2264,07-02-2015,16:46:03,103,Success
2265,07-02-2015,17:05:42,108,Cancelled
2266,07-02-2015,17:20:38,106,Delivered
2267,07-02-2015,17:22:30,106,Cancelled
2268,07-02-2015,17:27:05,102,Success
2269,07-02-2015,17:40:20,107,Cancelled
2270,07-02-2015,17:57:15,106,Success
2271,07-02-2015,18:09:56,106,Delivered
2272,07-02-2015,18:17:46,101,Success
2273,07-02-2015,18:31:29,106,Cancelled
2274,07-02-2015,18:35:51,104,Success
2275,07-02-2015,18:42:49,103,Cancelled
2276,07-02-2015,18:44:16,102,Cancelled
2277,07-02-2015,18:53:49,105,Failed
2278,07-02-2015,19:02:51,110,Cancelled
2279,07-02-2015,19:13:49,106,Success
2280,07-02-2015,19:14:00,108,Success
2281,07-02-2015,19:15:58,106,Cancelled
2282,07-02-2015,19:33:21,101,Success
2283,07-02-2015,19:34:04,109,Success
2284,07-02-2015,19:35:53,106,Success
2285,07-02-2015,19:38:29,107,Success
2286,07-02-2015,19:42:45,109,Cancelled
2287,07-02-2015,20:13:16,101,Delivered
2288,07-02-2015,20:20:41,110,Delivered
2289,07-02-2015,20:29:43,108,Cancelled
2290,07-02-2015,20:47:23,104,Cancelled
2291,07-02-2015,20:55:05,110,Failed
2292,07-02-2015,20:57:53,106,Delivered
2293,07-02-2015,21:14:52,103,Cancelled
2294,07-02-2015,21:16:09,104,Failed
2295,07-02-2015,21:21:53,104,Failed
2296,07-02-2015,21:24:01,103,Success
2297,07-02-2015,21:35:12,102,Delivered
2298,07-02-2015,21:40:33,104,Cancelled
2299,07-02-2015,21:55:00,106,Delivered
2300,07-02-2015,21:59:07,108,Delivered
2301,07-02-2015,22:10:57,108,Delivered
2302,08-02-2015,11:46:15,104,Failed
2303,08-02-2015,12:10:20,101,Delivered
2304,08-02-2015,12:22:04,109,Delivered
2305,08-02-2015,12:27:40,108,Success
2306,08-02-2015,12:45:27,104,Success
2307,08-02-2015,12:51:06,101,Cancelled
2308,08-02-2015,13:03:37,105,Failed
2309,08-02-2015,13:06:36,109,Cancelled
2310,08-02-2015,13:38:04,101,Success
2311,08-02-2015,13:38:52,105,Failed
2312,08-02-2015,14:10:27,107,Failed
2313,08-02-2015,14:12:59,102,Cancelled
2314,08-02-2015,14:25:11,107,Success
2315,08-02-2015,14:33:52,106,Failed
2316,08-02-2015,14:37:47,101,Cancelled
2317,08-02-2015,14:49:35,110,Delivered
2318,08-02-2015,15:00:00,103,Delivered
2319,08-02-2015,15:10:49,105,Success
2320,08-02-2015,15:27:41,101,Cancelled
2321,08-02-2015,15:33:33,107,Success
2322,08-02-2015,15:46:13,107,Delivered
2323,08-02-2015,16:07:18,110,Failed
2324,08-02-2015,16:16:21,107,Delivered
2325,08-02-2015,16:28:32,106,Delivered
2326,08-02-2015,16:28:40,105,Failed
2327,08-02-2015,16:58:21,103,Success
2328,08-02-2015,17:02:47,107,Failed
2329,08-02-2015,17:19:00,109,Failed
2330,08-02-2015,17:19:54,102,Failed
2331,08-02-2015,17:20:08,103,Failed
2332,08-02-2015,17:53:01,108,Failed
2333,08-02-2015,18:02:00,102,Cancelled
2334,08-02-2015,18:06:04,108,Success
2335,08-02-2015,18:20:27,109,Failed
2336,08-02-2015,18:24:31,107,Failed
2337,08-02-2015,18:50:18,107,Cancelled
2338,08-02-2015,18:51:54,107,Delivered
2339,08-02-2015,18:54:41,107,Success
2340,08-02-2015,18:59:56,109,Success
2341,08-02-2015,19:07:53,102,Success
2342,08-02-2015,19:12:49,101,Success
2343,08-02-2015,19:20:14,107,Success
2344,08-02-2015,20:20:37,106,Delivered
2345,08-02-2015,20:20:51,102,Success
2346,08-02-2015,20:25:39,102,Delivered
2347,08-02-2015,20:28:32,106,Delivered
2348,08-02-2015,20:58:36,109,Delivered
2349,08-02-2015,20:59:06,101,Cancelled
2350,08-02-2015,21:21:37,108,Failed
2351,08-02-2015,21:52:14,105,Success
2352,08-02-2015,22:21:27,105,Cancelled
2353,08-02-2015,22:23:41,104,Failed
2354,08-02-2015,22:36:28,102,Success
2355,09-02-2015,11:26:25,109,Success
2356,09-02-2015,11:31:10,105,Delivered
2357,09-02-2015,11:44:49,101,Success
2358,09-02-2015,12:13:41,102,Cancelled
2359,09-02-2015,12:16:09,105,Cancelled
2360,09-02-2015,12:19:47,109,Delivered
2361,09-02-2015,12:23:58,108,Delivered
2362,09-02-2015,12:30:05,110,Cancelled
2363,09-02-2015,12:35:50,105,Cancelled
2364,09-02-2015,12:52:36,109,Delivered
2365,09-02-2015,13:02:33,105,Success
2366,09-02-2015,13:07:01,101,Delivered
2367,09-02-2015,13:08:29,107,Cancelled
2368,09-02-2015,13:35:05,108,Failed
2369,09-02-2015,14:00:19,102,Cancelled
2370,09-02-2015,14:00:23,101,Cancelled
2371,09-02-2015,14:00:40,102,Cancelled
2372,09-02-2015,14:04:34,107,Cancelled
2373,09-02-2015,14:29:17,101,Delivered
2374,09-02-2015,14:35:54,109,Cancelled
2375,09-02-2015,15:14:42,101,Failed
2376,09-02-2015,15:25:59,102,Delivered
2377,09-02-2015,15:26:16,106,Cancelled
2378,09-02-2015,16:05:30,109,Delivered
2379,09-02-2015,16:18:14,107,Failed
2380,09-02-2015,16:22:26,107,Cancelled
2381,09-02-2015,16:49:40,104,Failed
2382,09-02-2015,17:09:34,101,Success
2383,09-02-2015,17:12:03,105,Failed
2384,09-02-2015,17:17:07,108,Delivered
2385,09-02-2015,17:23:46,103,Failed
2386,09-02-2015,17:36:17,104,Cancelled
2387,09-02-2015,17:38:39,107,Cancelled
2388,09-02-2015,17:46:35,109,Delivered
2389,09-02-2015,17:57:51,104,Success
2390,09-02-2015,18:02:29,110,Failed
2391,09-02-2015,18:05:26,110,Failed
2392,09-02-2015,18:05:44,102,Cancelled
2393,09-02-2015,18:06:54,109,Delivered
2394,09-02-2015,18:14:43,103,Success
2395,09-02-2015,18:33:38,106,Success
2396,09-02-2015,18:34:07,104,Failed
2397,09-02-2015,18:35:19,106,Failed
2398,09-02-2015,18:53:44,110,Cancelled
2399,09-02-2015,19:00:56,110,Cancelled
2400,09-02-2015,19:30:28,108,Success
2401,09-02-2015,19:33:50,109,Success
2402,09-02-2015,19:38:23,106,Cancelled
2403,09-02-2015,19:54:24,107,Success
2404,09-02-2015,20:09:44,108,Success
2405,09-02-2015,20:38:13,107,Failed
2406,09-02-2015,21:08:21,109,Success
2407,09-02-2015,21:51:59,106,Delivered
2408,09-02-2015,22:01:04,103,Delivered
2409,10-02-2015,11:28:16,103,Cancelled
2410,10-02-2015,11:43:09,108,Cancelled
2411,10-02-2015,11:53:29,105,Success
2412,10-02-2015,12:09:03,109,Failed
2413,10-02-2015,12:10:19,106,Success
2414,10-02-2015,12:10:37,104,Delivered
2415,10-02-2015,12:34:39,102,Success
2416,10-02-2015,12:37:42,109,Success
2417,10-02-2015,12:38:36,109,Cancelled
2418,10-02-2015,12:40:03,102,Delivered
2419,10-02-2015,12:41:17,104,Delivered
2420,10-02-2015,12:43:17,108,Success
2421,10-02-2015,12:48:04,105,Cancelled
2422,10-02-2015,12:58:32,109,Cancelled
2423,10-02-2015,13:04:06,107,Success
2424,10-02-2015,13:04:23,101,Failed
2425,10-02-2015,13:17:12,102,Delivered
2426,10-02-2015,13:37:25,110,Cancelled
2427,10-02-2015,13:42:50,105,Cancelled
2428,10-02-2015,13:45:23,103,Failed
2429,10-02-2015,13:49:59,103,Success
2430,10-02-2015,13:54:52,102,Cancelled
2431,10-02-2015,14:06:28,106,Failed
2432,10-02-2015,14:11:49,106,Cancelled
2433,10-02-2015,14:23:45,108,Cancelled
2434,10-02-2015,14:25:40,106,Failed
2435,10-02-2015,14:28:48,101,Failed
2436,10-02-2015,14:58:42,107,Failed
2437,10-02-2015,15:01:08,109,Delivered
2438,10-02-2015,15:31:30,103,Success
2439,10-02-2015,16:43:26,108,Delivered
2440,10-02-2015,16:43:55,101,Delivered
2441,10-02-2015,16:49:23,104,Delivered
2442,10-02-2015,16:49:38,110,Delivered
2443,10-02-2015,16:54:05,107,Delivered
2444,10-02-2015,17:02:57,104,Delivered
2445,10-02-2015,17:10:46,101,Cancelled
2446,10-02-2015,17:19:06,101,Cancelled
2447,10-02-2015,17:20:30,105,Delivered
2448,10-02-2015,17:26:11,102,Failed
2449,10-02-2015,17:51:44,105,Success
2450,10-02-2015,17:55:50,103,Failed
2451,10-02-2015,17:58:53,101,Success
2452,10-02-2015,18:09:01,105,Failed
2453,10-02-2015,18:51:01,104,Delivered
2454,10-02-2015,19:00:37,103,Delivered
2455,10-02-2015,19:07:28,110,Delivered
2456,10-02-2015,19:19:00,109,Failed
2457,10-02-2015,20:01:34,108,Success
2458,10-02-2015,20:09:17,105,Failed
2459,10-02-2015,20:12:30,101,Success
2460,10-02-2015,20:13:13,110,Cancelled
2461,10-02-2015,20:14:23,104,Success
2462,10-02-2015,20:18:10,101,Failed
2463,10-02-2015,20:20:20,104,Success
2464,10-02-2015,20:20:24,107,Delivered
2465,10-02-2015,20:33:37,102,Delivered
2466,10-02-2015,21:11:59,109,Success
2467,10-02-2015,21:35:04,102,Success
2468,11-02-2015,11:44:12,107,Success
2469,11-02-2015,11:44:58,110,Success
2470,11-02-2015,11:46:05,102,Success
2471,11-02-2015,11:48:07,101,Success
2472,11-02-2015,11:53:20,109,Cancelled
2473,11-02-2015,12:00:54,109,Delivered
2474,11-02-2015,12:02:54,106,Delivered
2475,11-02-2015,12:08:37,106,Delivered
2476,11-02-2015,12:11:27,110,Success
2477,11-02-2015,12:20:06,103,Failed
2478,11-02-2015,12:27:39,108,Delivered
2479,11-02-2015,12:35:27,103,Cancelled
2480,11-02-2015,12:42:27,104,Delivered
2481,11-02-2015,12:54:36,108,Cancelled
2482,11-02-2015,12:55:29,109,Success
2483,11-02-2015,12:56:55,110,Success
2484,11-02-2015,13:14:20,109,Failed
2485,11-02-2015,13:22:08,104,Success
2486,11-02-2015,13:30:45,110,Delivered
2487,11-02-2015,13:34:18,107,Cancelled
2488,11-02-2015,13:43:20,102,Delivered
2489,11-02-2015,13:52:56,103,Cancelled
2490,11-02-2015,13:58:36,104,Success
2491,11-02-2015,14:00:00,105,Cancelled
2492,11-02-2015,14:20:32,105,Failed
2493,11-02-2015,14:40:54,104,Cancelled
2494,11-02-2015,14:41:21,109,Cancelled
2495,11-02-2015,14:50:55,106,Delivered
2496,11-02-2015,15:02:30,107,Success
2497,11-02-2015,15:12:46,109,Success
2498,11-02-2015,15:23:21,102,Success
2499,11-02-2015,16:34:30,104,Cancelled
2500,11-02-2015,17:00:13,109,Delivered
2501,11-02-2015,17:00:41,101,Success
2502,11-02-2015,17:08:01,105,Failed
2503,11-02-2015,17:08:24,105,Cancelled
2504,11-02-2015,17:12:25,104,Failed
2505,11-02-2015,17:22:02,109,Cancelled
2506,11-02-2015,17:44:46,102,Delivered
2507,11-02-2015,17:47:02,101,Failed
2508,11-02-2015,17:47:30,109,Failed
2509,11-02-2015,17:49:56,106,Success
2510,11-02-2015,17:53:00,107,Success
2511,11-02-2015,18:00:12,106,Cancelled
2512,11-02-2015,18:02:54,110,Delivered
2513,11-02-2015,18:21:25,110,Delivered
2514,11-02-2015,18:25:46,105,Cancelled
2515,11-02-2015,18:46:12,103,Success
2516,11-02-2015,18:50:33,108,Failed
2517,11-02-2015,18:56:35,106,Success
2518,11-02-2015,19:02:19,101,Cancelled
2519,11-02-2015,19:04:08,110,Cancelled
2520,11-02-2015,19:06:07,104,Failed
2521,11-02-2015,19:11:58,110,Cancelled
2522,11-02-2015,19:25:46,107,Success
2523,11-02-2015,19:30:16,109,Success
2524,11-02-2015,19:31:47,104,Failed
2525,11-02-2015,19:32:54,101,Delivered
2526,11-02-2015,19:36:30,104,Cancelled
2527,11-02-2015,19:53:46,107,Delivered
2528,11-02-2015,19:54:40,102,Success
2529,11-02-2015,20:06:11,107,Delivered
2530,11-02-2015,20:11:26,109,Failed
2531,11-02-2015,20:22:03,109,Delivered
2532,11-02-2015,20:33:15,104,Delivered
2533,11-02-2015,21:34:53,109,Delivered
2534,11-02-2015,21:44:25,101,Cancelled
2535,11-02-2015,21:45:46,101,Success
2536,11-02-2015,21:52:14,101,Cancelled
2537,12-02-2015,11:17:06,109,Failed
2538,12-02-2015,11:37:34,102,Success
2539,12-02-2015,11:38:35,105,Cancelled
2540,12-02-2015,11:48:50,102,Cancelled
2541,12-02-2015,11:54:44,105,Cancelled
2542,12-02-2015,11:57:08,102,Delivered
2543,12-02-2015,12:00:00,108,Cancelled
2544,12-02-2015,12:03:27,101,Success
2545,12-02-2015,12:12:17,110,Delivered
2546,12-02-2015,12:41:02,104,Failed
2547,12-02-2015,12:45:49,102,Cancelled
2548,12-02-2015,12:48:03,107,Success
2549,12-02-2015,13:06:59,110,Success
2550,12-02-2015,13:18:54,104,Delivered
2551,12-02-2015,13:28:21,103,Delivered
2552,12-02-2015,13:47:03,102,Cancelled
2553,12-02-2015,13:47:07,110,Failed
2554,12-02-2015,13:53:40,102,Cancelled
2555,12-02-2015,14:00:00,102,Failed
2556,12-02-2015,14:00:38,101,Success
2557,12-02-2015,14:09:47,108,Failed
2558,12-02-2015,14:20:14,103,Delivered
2559,12-02-2015,14:22:23,102,Delivered
2560,12-02-2015,14:27:16,105,Delivered
2561,12-02-2015,14:28:55,105,Success
2562,12-02-2015,14:30:22,110,Success
2563,12-02-2015,14:43:38,106,Failed
2564,12-02-2015,14:53:19,108,Cancelled
2565,12-02-2015,15:04:49,107,Failed
2566,12-02-2015,15:25:11,107,Success
2567,12-02-2015,15:38:37,108,Cancelled
2568,12-02-2015,15:53:33,109,Cancelled
2569,12-02-2015,15:53:59,109,Delivered
2570,12-02-2015,15:54:49,101,Cancelled
2571,12-02-2015,15:58:47,107,Cancelled
2572,12-02-2015,16:04:07,101,Success
2573,12-02-2015,16:10:39,105,Failed
2574,12-02-2015,16:22:32,107,Cancelled
2575,12-02-2015,16:30:57,110,Delivered
2576,12-02-2015,16:58:29,105,Success
2577,12-02-2015,17:21:15,109,Cancelled
2578,12-02-2015,17:36:09,106,Cancelled
2579,12-02-2015,17:38:32,102,Cancelled
2580,12-02-2015,17:42:00,109,Success
2581,12-02-2015,17:56:55,105,Failed
2582,12-02-2015,17:59:55,110,Cancelled
2583,12-02-2015,18:14:11,110,Cancelled
2584,12-02-2015,18:25:21,107,Cancelled
2585,12-02-2015,18:27:56,104,Failed
2586,12-02-2015,19:04:06,105,Delivered
2587,12-02-2015,19:09:56,101,Cancelled
2588,12-02-2015,20:01:13,109,Delivered
2589,12-02-2015,20:14:33,107,Delivered
2590,12-02-2015,20:25:21,105,Cancelled
2591,12-02-2015,20:39:09,105,Failed
2592,12-02-2015,21:43:21,106,Success
2593,12-02-2015,22:02:05,104,Failed
2594,12-02-2015,22:54:43,110,Delivered
2595,13-02-2015,11:25:30,104,Delivered
2596,13-02-2015,11:27:46,103,Delivered
2597,13-02-2015,11:31:11,108,Cancelled
2598,13-02-2015,11:37:51,104,Delivered
2599,13-02-2015,11:52:09,104,Cancelled
2600,13-02-2015,11:53:11,106,Success
2601,13-02-2015,12:03:27,105,Delivered
2602,13-02-2015,12:10:01,109,Success
2603,13-02-2015,12:22:43,106,Cancelled
2604,13-02-2015,12:33:36,107,Failed
2605,13-02-2015,12:46:15,106,Cancelled
2606,13-02-2015,12:56:00,106,Failed
2607,13-02-2015,13:00:12,103,Success
2608,13-02-2015,13:11:19,107,Failed
2609,13-02-2015,13:12:42,101,Cancelled
2610,13-02-2015,13:17:50,101,Success
2611,13-02-2015,13:22:38,110,Failed
2612,13-02-2015,13:43:11,105,Success
2613,13-02-2015,13:46:46,105,Success
2614,13-02-2015,13:52:26,110,Failed
2615,13-02-2015,13:54:55,103,Failed
2616,13-02-2015,13:59:40,103,Cancelled
2617,13-02-2015,14:38:42,107,Cancelled
2618,13-02-2015,14:46:51,105,Delivered
2619,13-02-2015,14:53:46,105,Delivered
2620,13-02-2015,15:00:24,107,Success
2621,13-02-2015,15:34:03,109,Failed
2622,13-02-2015,16:06:27,109,Cancelled
2623,13-02-2015,16:08:36,105,Cancelled
2624,13-02-2015,16:21:18,104,Success
2625,13-02-2015,16:23:52,103,Delivered
2626,13-02-2015,16:49:57,104,Cancelled
2627,13-02-2015,16:50:09,104,Delivered
2628,13-02-2015,16:57:02,109,Delivered
2629,13-02-2015,17:07:10,105,Failed
2630,13-02-2015,17:15:17,103,Cancelled
2631,13-02-2015,17:19:26,105,Delivered
2632,13-02-2015,17:24:48,109,Failed
2633,13-02-2015,17:37:46,107,Cancelled
2634,13-02-2015,18:01:27,103,Failed
2635,13-02-2015,18:09:55,106,Delivered
2636,13-02-2015,18:10:11,101,Cancelled
2637,13-02-2015,18:17:35,108,Cancelled
2638,13-02-2015,18:27:27,104,Success
2639,13-02-2015,18:38:55,103,Delivered
2640,13-02-2015,19:21:23,107,Failed
2641,13-02-2015,19:52:22,108,Cancelled
2642,13-02-2015,20:02:53,103,Delivered
2643,13-02-2015,20:08:34,101,Cancelled
2644,13-02-2015,20:22:27,102,Delivered
2645,13-02-2015,20:26:18,109,Delivered
2646,13-02-2015,20:29:23,102,Cancelled
2647,13-02-2015,20:45:14,110,Failed
2648,13-02-2015,20:48:10,102,Failed
2649,13-02-2015,20:52:50,110,Success
2650,13-02-2015,20:55:07,108,Cancelled
2651,13-02-2015,20:59:54,105,Cancelled
2652,13-02-2015,21:00:56,105,Success
2653,13-02-2015,21:03:23,106,Failed
2654,13-02-2015,21:05:06,110,Failed
2655,13-02-2015,21:34:36,103,Cancelled
2656,13-02-2015,21:36:02,101,Delivered
2657,13-02-2015,21:46:22,108,Cancelled
2658,13-02-2015,21:59:50,110,Cancelled
2659,13-02-2015,22:00:43,104,Delivered
2660,13-02-2015,22:02:38,101,Success
2661,13-02-2015,22:09:27,107,Failed
2662,13-02-2015,22:22:32,104,Cancelled
2663,13-02-2015,22:24:52,106,Failed
2664,13-02-2015,22:38:02,105,Failed
2665,13-02-2015,22:41:26,103,Delivered
2666,14-02-2015,11:48:35,109,Cancelled
2667,14-02-2015,12:10:23,103,Cancelled
2668,14-02-2015,12:22:58,108,Success
2669,14-02-2015,12:42:49,107,Cancelled
2670,14-02-2015,13:13:51,106,Delivered
2671,14-02-2015,13:17:44,109,Success
2672,14-02-2015,14:05:30,101,Delivered
2673,14-02-2015,14:07:03,101,Failed
2674,14-02-2015,14:15:01,108,Delivered
2675,14-02-2015,14:41:49,101,Failed
2676,14-02-2015,15:17:34,103,Cancelled
2677,14-02-2015,15:27:42,107,Failed
2678,14-02-2015,15:47:53,110,Success
2679,14-02-2015,16:01:35,108,Success
2680,14-02-2015,16:10:21,102,Success
2681,14-02-2015,16:39:19,107,Failed
2682,14-02-2015,16:40:26,103,Failed
2683,14-02-2015,16:56:35,105,Success
2684,14-02-2015,17:02:18,102,Success
2685,14-02-2015,17:15:58,101,Cancelled
2686,14-02-2015,17:23:06,108,Delivered
2687,14-02-2015,17:31:20,103,Success
2688,14-02-2015,17:43:28,108,Failed
2689,14-02-2015,17:48:59,102,Delivered
2690,14-02-2015,17:49:26,106,Delivered
2691,14-02-2015,17:52:15,110,Failed
2692,14-02-2015,17:55:07,102,Failed
2693,14-02-2015,18:01:21,106,Failed
2694,14-02-2015,18:10:04,109,Success
2695,14-02-2015,18:15:16,102,Cancelled
2696,14-02-2015,18:32:58,107,Success
2697,14-02-2015,18:43:18,101,Delivered
2698,14-02-2015,18:43:20,107,Success
2699,14-02-2015,18:44:17,110,Failed
2700,14-02-2015,18:47:34,106,Success
2701,14-02-2015,18:53:37,110,Cancelled
2702,14-02-2015,18:54:29,107,Success
2703,14-02-2015,19:11:09,107,Success
2704,14-02-2015,19:11:21,104,Success
2705,14-02-2015,19:34:31,103,Failed
2706,14-02-2015,19:35:44,105,Failed
2707,14-02-2015,19:35:46,108,Success
2708,14-02-2015,19:40:04,104,Delivered
2709,14-02-2015,19:44:58,107,Success
2710,14-02-2015,20:00:00,108,Failed
2711,14-02-2015,20:00:33,103,Success
2712,14-02-2015,20:52:05,107,Delivered
2713,14-02-2015,21:08:21,108,Failed
2714,14-02-2015,21:22:31,108,Failed
2715,14-02-2015,21:31:51,102,Delivered
2716,14-02-2015,21:33:46,103,Success
2717,14-02-2015,21:58:09,101,Failed
2718,14-02-2015,22:16:39,109,Cancelled
2719,14-02-2015,22:22:46,107,Success
2720,14-02-2015,22:29:54,110,Failed
2721,14-02-2015,22:29:57,102,Cancelled
2722,14-02-2015,22:52:37,107,Delivered
2723,15-02-2015,11:35:24,107,Cancelled
2724,15-02-2015,11:48:59,109,Failed
2725,15-02-2015,11:52:00,108,Failed
2726,15-02-2015,11:54:55,110,Success
2727,15-02-2015,11:56:33,104,Cancelled
2728,15-02-2015,12:12:02,109,Delivered
2729,15-02-2015,13:29:30,101,Failed
2730,15-02-2015,13:53:02,103,Success
2731,15-02-2015,13:54:31,101,Cancelled
2732,15-02-2015,14:16:54,106,Failed
2733,15-02-2015,14:40:34,105,Cancelled
2734,15-02-2015,14:51:01,103,Success
2735,15-02-2015,14:53:31,105,Delivered
2736,15-02-2015,15:11:36,108,Cancelled
2737,15-02-2015,15:19:05,107,Failed
2738,15-02-2015,15:57:57,101,Cancelled
2739,15-02-2015,16:29:16,104,Cancelled
2740,15-02-2015,16:32:41,109,Cancelled
2741,15-02-2015,16:39:02,108,Delivered
2742,15-02-2015,16:51:56,104,Delivered
2743,15-02-2015,16:54:36,107,Cancelled
2744,15-02-2015,17:01:46,105,Delivered
2745,15-02-2015,17:07:31,107,Cancelled
2746,15-02-2015,17:10:49,104,Success
2747,15-02-2015,17:16:27,103,Delivered
2748,15-02-2015,17:21:12,104,Success
2749,15-02-2015,17:21:37,101,Failed
2750,15-02-2015,17:26:04,105,Failed
2751,15-02-2015,17:28:16,104,Cancelled
2752,15-02-2015,17:29:20,107,Delivered
2753,15-02-2015,17:34:35,108,Failed
2754,15-02-2015,17:42:41,102,Cancelled
2755,15-02-2015,17:49:17,105,Delivered
2756,15-02-2015,17:50:18,104,Delivered
2757,15-02-2015,17:51:40,102,Delivered
2758,15-02-2015,17:58:47,109,Failed
2759,15-02-2015,18:04:36,109,Delivered
2760,15-02-2015,18:50:04,110,Cancelled
2761,15-02-2015,18:50:06,102,Cancelled
2762,15-02-2015,18:54:43,110,Cancelled
2763,15-02-2015,18:58:26,110,Delivered
2764,15-02-2015,19:16:07,103,Cancelled
2765,15-02-2015,19:28:59,103,Failed
2766,15-02-2015,19:30:07,107,Success
2767,15-02-2015,19:45:33,102,Success
2768,15-02-2015,19:59:22,107,Success
2769,15-02-2015,20:14:22,110,Success
2770,15-02-2015,20:41:38,105,Delivered
2771,15-02-2015,20:54:46,102,Failed
2772,15-02-2015,21:02:21,101,Failed
2773,15-02-2015,21:02:35,101,Cancelled
2774,15-02-2015,21:02:44,107,Cancelled
2775,15-02-2015,21:44:07,101,Cancelled
2776,15-02-2015,21:44:18,107,Delivered
2777,15-02-2015,21:56:36,108,Success
2778,16-02-2015,11:20:37,108,Delivered
2779,16-02-2015,11:35:56,106,Success
2780,16-02-2015,11:40:28,105,Failed
2781,16-02-2015,11:47:04,105,Cancelled
2782,16-02-2015,11:58:57,105,Cancelled
2783,16-02-2015,12:02:14,106,Failed
2784,16-02-2015,12:16:21,101,Failed
2785,16-02-2015,12:17:18,106,Cancelled
2786,16-02-2015,12:18:19,104,Success
2787,16-02-2015,12:23:23,106,Success
2788,16-02-2015,12:39:37,104,Cancelled
2789,16-02-2015,12:40:50,105,Failed
2790,16-02-2015,12:46:47,110,Cancelled
2791,16-02-2015,12:53:24,109,Success
2792,16-02-2015,12:56:07,104,Delivered
2793,16-02-2015,13:12:48,105,Failed
2794,16-02-2015,13:13:19,110,Success
2795,16-02-2015,13:44:29,109,Success
2796,16-02-2015,14:17:05,107,Failed
2797,16-02-2015,14:19:46,110,Success
2798,16-02-2015,14:39:07,108,Failed
2799,16-02-2015,14:47:20,107,Success
2800,16-02-2015,15:46:10,105,Failed
2801,16-02-2015,15:58:06,107,Cancelled
2802,16-02-2015,16:01:31,107,Delivered
2803,16-02-2015,16:23:34,104,Failed
2804,16-02-2015,16:43:53,101,Delivered
2805,16-02-2015,16:57:14,103,Success
2806,16-02-2015,17:12:37,103,Delivered
2807,16-02-2015,17:13:02,107,Delivered
2808,16-02-2015,17:27:14,102,Delivered
2809,16-02-2015,17:47:25,105,Success
2810,16-02-2015,17:54:00,108,Delivered
2811,16-02-2015,18:03:29,109,Delivered
2812,16-02-2015,18:13:00,102,Success
2813,16-02-2015,18:15:02,107,Delivered
2814,16-02-2015,18:21:06,107,Delivered
2815,16-02-2015,18:21:17,101,Delivered
2816,16-02-2015,18:21:37,108,Cancelled
2817,16-02-2015,18:37:05,103,Failed
2818,16-02-2015,18:40:09,101,Delivered
2819,16-02-2015,19:26:51,105,Delivered
2820,16-02-2015,19:35:17,106,Failed
2821,16-02-2015,19:35:28,104,Delivered
2822,16-02-2015,19:37:08,105,Cancelled
2823,16-02-2015,19:53:49,102,Cancelled
2824,16-02-2015,19:55:28,107,Failed
2825,16-02-2015,20:46:23,104,Failed
2826,16-02-2015,22:40:27,101,Success
2827,17-02-2015,11:24:02,107,Delivered
2828,17-02-2015,11:26:13,103,Delivered
2829,17-02-2015,11:41:17,109,Cancelled
2830,17-02-2015,11:51:54,103,Cancelled
2831,17-02-2015,12:01:02,108,Success
2832,17-02-2015,12:05:10,106,Delivered
2833,17-02-2015,12:33:55,101,Success
2834,17-02-2015,12:43:07,105,Failed
2835,17-02-2015,12:53:50,110,Failed
2836,17-02-2015,12:58:28,101,Delivered
2837,17-02-2015,12:58:45,106,Delivered
2838,17-02-2015,13:00:48,107,Cancelled
2839,17-02-2015,13:14:08,108,Failed
2840,17-02-2015,13:21:27,101,Delivered
2841,17-02-2015,13:25:44,108,Delivered
2842,17-02-2015,13:31:20,105,Cancelled
2843,17-02-2015,13:36:33,106,Failed
2844,17-02-2015,13:41:34,102,Failed
2845,17-02-2015,13:47:42,108,Cancelled
2846,17-02-2015,13:58:44,107,Delivered
2847,17-02-2015,14:00:42,101,Delivered
2848,17-02-2015,14:02:20,101,Cancelled
2849,17-02-2015,14:07:24,107,Failed
2850,17-02-2015,14:16:57,109,Delivered
2851,17-02-2015,14:23:26,105,Cancelled
2852,17-02-2015,14:30:43,101,Failed
2853,17-02-2015,14:49:35,101,Success
2854,17-02-2015,15:24:37,109,Cancelled
2855,17-02-2015,15:26:05,101,Failed
2856,17-02-2015,16:00:48,110,Cancelled
2857,17-02-2015,16:43:16,105,Failed
2858,17-02-2015,16:52:53,103,Success
2859,17-02-2015,16:56:21,101,Cancelled
2860,17-02-2015,17:02:17,105,Cancelled
2861,17-02-2015,17:26:55,109,Cancelled
2862,17-02-2015,17:27:13,101,Cancelled
2863,17-02-2015,17:28:53,110,Delivered
2864,17-02-2015,17:30:42,102,Success
2865,17-02-2015,17:33:09,107,Success
2866,17-02-2015,17:36:11,106,Delivered
2867,17-02-2015,17:36:38,106,Cancelled
2868,17-02-2015,17:42:20,102,Success
2869,17-02-2015,17:55:47,110,Success
2870,17-02-2015,18:09:41,109,Success
2871,17-02-2015,18:39:26,103,Success
2872,17-02-2015,18:40:22,107,Failed
2873,17-02-2015,18:46:36,101,Failed
2874,17-02-2015,19:03:32,109,Failed
2875,17-02-2015,19:26:46,109,Failed
2876,17-02-2015,19:46:45,102,Delivered
2877,17-02-2015,19:57:06,108,Success
2878,17-02-2015,20:02:56,108,Cancelled
2879,17-02-2015,20:04:09,106,Success
2880,17-02-2015,20:41:21,106,Cancelled
2881,17-02-2015,20:59:44,107,Success
2882,17-02-2015,21:30:31,108,Failed
2883,17-02-2015,21:51:06,109,Cancelled
2884,17-02-2015,22:06:26,106,Failed
2885,17-02-2015,22:20:14,105,Delivered
2886,17-02-2015,22:20:30,101,Failed
2887,17-02-2015,22:25:41,101,Success
2888,18-02-2015,11:18:58,106,Failed
2889,18-02-2015,11:22:20,105,Cancelled
2890,18-02-2015,11:32:11,106,Failed
2891,18-02-2015,11:39:41,109,Success
2892,18-02-2015,11:41:20,110,Cancelled
2893,18-02-2015,11:55:10,107,Failed
2894,18-02-2015,12:06:02,107,Success
2895,18-02-2015,12:06:59,109,Delivered
2896,18-02-2015,12:20:01,104,Failed
2897,18-02-2015,12:25:17,110,Success
2898,18-02-2015,12:26:20,102,Failed
2899,18-02-2015,12:32:03,109,Delivered
2900,18-02-2015,12:55:30,104,Delivered
2901,18-02-2015,13:00:48,104,Delivered
2902,18-02-2015,13:04:25,110,Success
2903,18-02-2015,13:10:12,104,Failed
2904,18-02-2015,13:20:44,104,Delivered
2905,18-02-2015,13:32:59,103,Cancelled
2906,18-02-2015,13:34:49,104,Cancelled
2907,18-02-2015,13:51:14,102,Cancelled
2908,18-02-2015,14:17:18,104,Failed
2909,18-02-2015,14:21:14,104,Delivered
2910,18-02-2015,14:32:22,110,Success
2911,18-02-2015,14:54:10,107,Delivered
2912,18-02-2015,15:39:02,105,Success
2913,18-02-2015,15:44:31,110,Delivered
2914,18-02-2015,15:56:55,101,Delivered
2915,18-02-2015,16:34:02,103,Failed
2916,18-02-2015,16:50:00,101,Success
2917,18-02-2015,16:57:15,108,Cancelled
2918,18-02-2015,16:59:11,102,Failed
2919,18-02-2015,17:07:38,107,Cancelled
2920,18-02-2015,17:08:04,102,Failed
2921,18-02-2015,17:13:58,101,Failed
2922,18-02-2015,17:17:04,101,Cancelled
2923,18-02-2015,17:49:17,105,Success
2924,18-02-2015,18:00:30,106,Failed
2925,18-02-2015,18:03:20,107,Success
2926,18-02-2015,18:06:26,103,Success
2927,18-02-2015,18:09:39,102,Cancelled
2928,18-02-2015,18:22:10,103,Delivered
2929,18-02-2015,18:22:28,109,Delivered
2930,18-02-2015,18:39:01,110,Cancelled
2931,18-02-2015,18:43:05,102,Failed
2932,18-02-2015,18:50:08,104,Cancelled
2933,18-02-2015,18:50:39,105,Cancelled
2934,18-02-2015,19:00:00,110,Failed
2935,18-02-2015,19:03:42,102,Cancelled
2936,18-02-2015,19:15:17,105,Success
2937,18-02-2015,19:57:16,109,Delivered
2938,18-02-2015,20:07:26,104,Cancelled
2939,18-02-2015,20:08:11,101,Delivered
2940,18-02-2015,20:20:30,106,Delivered
2941,18-02-2015,20:27:48,104,Failed
2942,18-02-2015,20:34:26,107,Success
2943,18-02-2015,20:41:00,105,Failed
2944,18-02-2015,21:17:25,105,Delivered
2945,18-02-2015,21:30:26,102,Cancelled
2946,18-02-2015,21:40:57,110,Failed
2947,18-02-2015,22:15:02,106,Success
2948,18-02-2015,22:40:30,106,Cancelled
2949,19-02-2015,11:15:43,103,Success
2950,19-02-2015,11:35:51,106,Delivered
2951,19-02-2015,11:39:10,105,Success
2952,19-02-2015,12:03:36,108,Cancelled
2953,19-02-2015,12:20:32,102,Failed
2954,19-02-2015,12:21:49,102,Delivered
2955,19-02-2015,12:25:18,106,Success
2956,19-02-2015,12:33:38,109,Cancelled
2957,19-02-2015,12:40:31,106,Cancelled
2958,19-02-2015,12:56:06,110,Success
2959,19-02-2015,13:01:24,109,Success
2960,19-02-2015,13:09:03,105,Failed
2961,19-02-2015,13:13:54,108,Success
2962,19-02-2015,13:18:02,107,Cancelled
2963,19-02-2015,13:22:56,105,Cancelled
2964,19-02-2015,13:27:47,108,Cancelled
2965,19-02-2015,13:35:13,101,Success
2966,19-02-2015,13:37:11,107,Delivered
2967,19-02-2015,13:44:40,104,Delivered
2968,19-02-2015,14:06:37,104,Failed
2969,19-02-2015,14:10:09,107,Cancelled
2970,19-02-2015,14:19:12,105,Delivered
2971,19-02-2015,14:32:56,103,Cancelled
2972,19-02-2015,14:59:53,102,Cancelled
2973,19-02-2015,15:04:17,103,Cancelled
2974,19-02-2015,15:07:56,102,Success
2975,19-02-2015,15:22:51,104,Success
2976,19-02-2015,15:29:10,106,Failed
2977,19-02-2015,15:33:26,104,Success
2978,19-02-2015,15:45:48,102,Failed
2979,19-02-2015,16:43:03,109,Failed
2980,19-02-2015,16:48:44,108,Delivered
2981,19-02-2015,17:21:47,101,Delivered
2982,19-02-2015,17:24:23,106,Failed
2983,19-02-2015,17:26:31,110,Cancelled
2984,19-02-2015,17:36:12,104,Success
2985,19-02-2015,17:36:55,101,Delivered
2986,19-02-2015,17:39:32,105,Cancelled
2987,19-02-2015,17:41:19,104,Delivered
2988,19-02-2015,17:42:25,101,Failed
2989,19-02-2015,18:11:40,104,Cancelled
2990,19-02-2015,18:13:19,110,Failed
2991,19-02-2015,18:21:31,104,Failed
2992,19-02-2015,18:38:54,101,Success
2993,19-02-2015,18:49:06,104,Failed
2994,19-02-2015,18:58:08,109,Delivered
2995,19-02-2015,18:59:05,102,Failed
2996,19-02-2015,19:05:53,106,Delivered
2997,19-02-2015,19:38:24,107,Success
2998,19-02-2015,19:52:20,105,Failed
2999,19-02-2015,19:57:15,110,Delivered
3000,19-02-2015,19:57:23,108,Success
3001,19-02-2015,20:34:39,104,Success
3002,19-02-2015,21:27:34,101,Success
3003,19-02-2015,21:32:12,108,Cancelled
3004,19-02-2015,21:56:20,107,Delivered
3005,20-02-2015,11:53:36,103,Success
3006,20-02-2015,12:01:32,101,Success
3007,20-02-2015,12:06:37,106,Delivered
3008,20-02-2015,12:09:54,106,Cancelled
3009,20-02-2015,12:21:25,104,Failed
3010,20-02-2015,12:26:16,105,Failed
3011,20-02-2015,12:29:25,104,Failed
3012,20-02-2015,12:32:03,110,Failed
3013,20-02-2015,12:45:23,101,Failed
3014,20-02-2015,12:58:29,104,Failed
3015,20-02-2015,12:59:05,104,Success
3016,20-02-2015,13:07:02,107,Cancelled
3017,20-02-2015,13:09:41,103,Cancelled
3018,20-02-2015,13:12:40,108,Success
3019,20-02-2015,13:15:28,107,Failed
3020,20-02-2015,13:17:11,107,Success
3021,20-02-2015,13:23:48,102,Failed
3022,20-02-2015,13:24:12,108,Cancelled
3023,20-02-2015,13:29:47,101,Delivered
3024,20-02-2015,13:35:59,109,Delivered
3025,20-02-2015,13:37:52,110,Cancelled
3026,20-02-2015,13:38:14,109,Success
3027,20-02-2015,13:41:20,104,Failed
3028,20-02-2015,13:48:58,105,Cancelled
3029,20-02-2015,13:55:24,101,Delivered
3030,20-02-2015,13:59:16,105,Failed
3031,20-02-2015,14:06:14,101,Delivered
3032,20-02-2015,14:08:19,102,Cancelled
3033,20-02-2015,14:54:29,108,Delivered
3034,20-02-2015,14:55:08,108,Cancelled
3035,20-02-2015,15:07:45,105,Cancelled
3036,20-02-2015,15:14:47,105,Success
3037,20-02-2015,15:16:15,108,Delivered
3038,20-02-2015,15:46:43,108,Cancelled
3039,20-02-2015,15:48:51,104,Failed
3040,20-02-2015,16:09:58,104,Cancelled
3041,20-02-2015,16:25:39,103,Failed
3042,20-02-2015,16:30:09,102,Success
3043,20-02-2015,16:46:25,103,Success
3044,20-02-2015,17:10:25,106,Failed
3045,20-02-2015,17:27:46,106,Failed
3046,20-02-2015,17:35:34,109,Success
3047,20-02-2015,17:42:09,101,Delivered
3048,20-02-2015,17:45:15,103,Delivered
3049,20-02-2015,17:49:20,107,Success
3050,20-02-2015,17:54:22,109,Cancelled
3051,20-02-2015,17:57:09,109,Failed
3052,20-02-2015,17:57:21,110,Delivered
3053,20-02-2015,17:58:01,109,Delivered
3054,20-02-2015,18:04:47,105,Cancelled
3055,20-02-2015,18:42:15,106,Success
3056,20-02-2015,19:01:48,110,Delivered
3057,20-02-2015,19:17:04,107,Success
3058,20-02-2015,19:19:17,102,Success
3059,20-02-2015,19:26:34,107,Failed
3060,20-02-2015,19:36:58,102,Success
3061,20-02-2015,19:42:12,101,Success
3062,20-02-2015,19:51:17,107,Delivered
3063,20-02-2015,20:03:43,105,Cancelled
3064,20-02-2015,20:06:45,104,Failed
3065,20-02-2015,20:12:13,110,Cancelled
3066,20-02-2015,20:12:43,106,Success
3067,20-02-2015,20:22:25,107,Cancelled
3068,20-02-2015,20:45:09,109,Delivered
3069,20-02-2015,20:47:39,109,Success
3070,20-02-2015,21:02:16,102,Delivered
3071,20-02-2015,21:14:34,104,Cancelled
3072,20-02-2015,21:28:46,103,Failed
3073,20-02-2015,21:36:46,104,Success
3074,20-02-2015,21:39:19,102,Delivered
3075,20-02-2015,22:11:07,105,Success
3076,20-02-2015,22:12:20,101,Delivered
3077,20-02-2015,22:17:15,101,Cancelled
3078,21-02-2015,11:43:29,104,Delivered
3079,21-02-2015,12:04:27,104,Success
3080,21-02-2015,12:23:18,108,Failed
3081,21-02-2015,12:35:15,109,Delivered
3082,21-02-2015,12:37:30,107,Success
3083,21-02-2015,12:43:43,110,Cancelled
3084,21-02-2015,12:44:07,110,Delivered
3085,21-02-2015,12:49:36,102,Cancelled
3086,21-02-2015,12:57:21,106,Cancelled
3087,21-02-2015,12:59:13,105,Success
3088,21-02-2015,13:20:12,107,Failed
3089,21-02-2015,13:42:51,105,Cancelled
3090,21-02-2015,14:03:29,105,Success
3091,21-02-2015,14:04:59,105,Failed
3092,21-02-2015,14:41:55,105,Success
3093,21-02-2015,15:07:39,107,Delivered
3094,21-02-2015,15:10:02,101,Delivered
3095,21-02-2015,15:11:34,106,Failed
3096,21-02-2015,15:12:31,105,Success
3097,21-02-2015,15:25:30,109,Cancelled
3098,21-02-2015,15:26:00,105,Delivered
3099,21-02-2015,15:37:24,104,Cancelled
3100,21-02-2015,15:41:20,109,Cancelled
3101,21-02-2015,16:12:23,103,Cancelled
3102,21-02-2015,16:32:10,110,Success
3103,21-02-2015,16:37:19,103,Delivered
3104,21-02-2015,16:45:25,110,Cancelled
3105,21-02-2015,16:46:37,110,Delivered
3106,21-02-2015,17:16:04,104,Failed
3107,21-02-2015,17:26:20,108,Delivered
3108,21-02-2015,17:28:57,104,Failed
3109,21-02-2015,17:30:27,104,Delivered
3110,21-02-2015,17:54:51,105,Cancelled
3111,21-02-2015,18:11:42,109,Success
3112,21-02-2015,18:12:32,108,Cancelled
3113,21-02-2015,18:13:22,104,Delivered
3114,21-02-2015,18:13:49,101,Cancelled
3115,21-02-2015,18:15:34,106,Cancelled
3116,21-02-2015,18:28:28,102,Failed
3117,21-02-2015,18:47:53,104,Failed
3118,21-02-2015,19:07:50,108,Failed
3119,21-02-2015,19:16:59,107,Success
3120,21-02-2015,19:21:02,105,Delivered
3121,21-02-2015,19:25:20,103,Cancelled
3122,21-02-2015,19:29:14,108,Delivered
3123,21-02-2015,19:46:07,101,Success
3124,21-02-2015,19:59:20,103,Success
3125,21-02-2015,20:12:37,105,Failed
3126,21-02-2015,20:35:12,102,Success
3127,21-02-2015,20:40:10,103,Cancelled
3128,21-02-2015,21:45:43,107,Delivered
3129,21-02-2015,21:50:56,106,Cancelled
3130,21-02-2015,21:59:36,104,Failed
3131,21-02-2015,22:14:02,101,Delivered
3132,21-02-2015,22:55:11,102,Success
3133,21-02-2015,23:05:24,104,Delivered
3134,22-02-2015,11:40:25,106,Success
3135,22-02-2015,12:00:54,101,Delivered
3136,22-02-2015,12:39:19,102,Cancelled
3137,22-02-2015,12:40:49,104,Failed
3138,22-02-2015,13:02:28,104,Delivered
3139,22-02-2015,13:11:07,101,Delivered
3140,22-02-2015,13:40:06,102,Success
3141,22-02-2015,14:15:23,109,Delivered
3142,22-02-2015,14:17:17,105,Success
3143,22-02-2015,15:16:59,104,Success
3144,22-02-2015,15:26:04,110,Success
3145,22-02-2015,15:41:07,103,Success
3146,22-02-2015,15:55:09,104,Success
3147,22-02-2015,15:59:59,106,Success
3148,22-02-2015,16:03:50,104,Cancelled
3149,22-02-2015,16:23:12,106,Success
3150,22-02-2015,16:23:23,108,Failed
3151,22-02-2015,16:34:34,104,Success
3152,22-02-2015,16:42:27,103,Delivered
3153,22-02-2015,17:00:52,105,Cancelled
3154,22-02-2015,17:44:21,108,Delivered
3155,22-02-2015,18:28:37,106,Success
3156,22-02-2015,18:57:53,109,Cancelled
3157,22-02-2015,19:34:23,109,Delivered
3158,22-02-2015,19:35:02,110,Failed
3159,22-02-2015,19:38:44,108,Delivered
3160,22-02-2015,19:51:29,101,Success
3161,22-02-2015,19:53:24,106,Success
3162,22-02-2015,20:40:55,110,Delivered
3163,22-02-2015,20:43:58,108,Success
3164,22-02-2015,20:47:46,101,Failed
3165,22-02-2015,21:02:45,101,Success
3166,22-02-2015,21:12:20,110,Success
3167,22-02-2015,21:13:36,110,Cancelled
3168,22-02-2015,21:36:58,106,Delivered
3169,22-02-2015,21:50:42,101,Failed
3170,22-02-2015,22:13:50,105,Cancelled
3171,23-02-2015,11:18:31,108,Failed
3172,23-02-2015,11:52:30,110,Cancelled
3173,23-02-2015,11:54:41,105,Delivered
3174,23-02-2015,12:09:18,104,Failed
3175,23-02-2015,12:10:43,107,Failed
3176,23-02-2015,12:21:42,107,Cancelled
3177,23-02-2015,12:23:43,110,Success
3178,23-02-2015,12:30:16,109,Failed
3179,23-02-2015,12:41:52,110,Failed
3180,23-02-2015,12:44:52,104,Success
3181,23-02-2015,12:51:43,109,Cancelled
3182,23-02-2015,12:57:29,109,Cancelled
3183,23-02-2015,13:04:34,105,Success
3184,23-02-2015,13:15:00,101,Success
3185,23-02-2015,13:22:07,104,Success
3186,23-02-2015,13:22:54,103,Failed
3187,23-02-2015,13:27:18,107,Delivered
3188,23-02-2015,13:34:56,106,Delivered
3189,23-02-2015,13:59:04,107,Failed
3190,23-02-2015,14:24:16,108,Failed
3191,23-02-2015,15:11:01,104,Delivered
3192,23-02-2015,15:19:27,110,Failed
3193,23-02-2015,15:49:25,104,Success
3194,23-02-2015,16:19:34,107,Success
3195,23-02-2015,16:24:11,109,Delivered
3196,23-02-2015,16:28:00,104,Cancelled
3197,23-02-2015,16:36:02,102,Delivered
3198,23-02-2015,16:40:05,105,Success
3199,23-02-2015,17:13:58,104,Success
3200,23-02-2015,17:16:39,109,Failed
3201,23-02-2015,17:21:33,110,Delivered
3202,23-02-2015,17:22:50,102,Success
3203,23-02-2015,17:23:12,102,Delivered
3204,23-02-2015,17:29:25,107,Failed
3205,23-02-2015,17:31:33,109,Success
3206,23-02-2015,17:31:54,102,Failed
3207,23-02-2015,17:34:41,101,Delivered
3208,23-02-2015,17:41:51,105,Success
3209,23-02-2015,17:42:59,108,Failed
3210,23-02-2015,18:05:29,104,Cancelled
3211,23-02-2015,18:22:26,103,Failed
3212,23-02-2015,18:33:38,110,Delivered
3213,23-02-2015,18:37:54,103,Delivered
3214,23-02-2015,18:39:22,104,Delivered
3215,23-02-2015,18:48:26,103,Failed
3216,23-02-2015,18:51:30,105,Cancelled
3217,23-02-2015,19:56:16,102,Failed
3218,23-02-2015,19:57:22,107,Cancelled
3219,23-02-2015,20:21:54,102,Success
3220,23-02-2015,20:33:37,105,Delivered
3221,23-02-2015,21:09:47,107,Cancelled
3222,23-02-2015,21:19:27,108,Delivered
3223,23-02-2015,22:05:27,102,Success
3224,23-02-2015,22:22:21,110,Success
3225,24-02-2015,11:44:17,101,Success
3226,24-02-2015,11:56:22,109,Success
3227,24-02-2015,11:57:44,109,Failed
3228,24-02-2015,12:08:42,105,Delivered
3229,24-02-2015,12:11:31,107,Delivered
3230,24-02-2015,12:13:18,108,Delivered
3231,24-02-2015,12:15:10,109,Cancelled
3232,24-02-2015,12:24:43,103,Delivered
3233,24-02-2015,12:29:32,103,Delivered
3234,24-02-2015,12:34:37,110,Failed
3235,24-02-2015,12:49:47,110,Success
3236,24-02-2015,12:50:51,108,Delivered
3237,24-02-2015,12:51:26,103,Failed
3238,24-02-2015,12:52:55,105,Success
3239,24-02-2015,13:11:53,105,Cancelled
3240,24-02-2015,13:24:10,102,Success
3241,24-02-2015,13:26:36,102,Delivered
3242,24-02-2015,13:26:39,101,Success
3243,24-02-2015,13:29:11,101,Failed
3244,24-02-2015,13:40:52,105,Failed
3245,24-02-2015,14:08:37,107,Failed
3246,24-02-2015,14:31:36,102,Success
3247,24-02-2015,14:43:13,110,Delivered
3248,24-02-2015,15:00:06,105,Delivered
3249,24-02-2015,15:18:55,107,Delivered
3250,24-02-2015,16:09:29,103,Failed
3251,24-02-2015,16:19:28,106,Failed
3252,24-02-2015,16:28:32,110,Success
3253,24-02-2015,16:33:11,101,Success
3254,24-02-2015,16:39:08,110,Cancelled
3255,24-02-2015,16:41:21,104,Cancelled
3256,24-02-2015,17:31:07,110,Success
3257,24-02-2015,17:38:20,103,Delivered
3258,24-02-2015,17:40:49,104,Delivered
3259,24-02-2015,17:40:57,101,Success
3260,24-02-2015,17:41:19,107,Failed
3261,24-02-2015,17:50:57,103,Delivered
3262,24-02-2015,18:05:09,104,Delivered
3263,24-02-2015,18:11:03,101,Delivered
3264,24-02-2015,18:19:39,107,Delivered
3265,24-02-2015,18:39:12,105,Success
3266,24-02-2015,18:40:58,105,Delivered
3267,24-02-2015,18:42:17,101,Success
3268,24-02-2015,19:23:15,110,Success
3269,24-02-2015,19:26:01,109,Delivered
3270,24-02-2015,19:31:37,107,Success
3271,24-02-2015,19:40:28,110,Success
3272,24-02-2015,19:43:11,103,Cancelled
3273,24-02-2015,20:20:10,104,Failed
3274,24-02-2015,20:23:21,108,Failed
3275,24-02-2015,20:40:50,107,Success
3276,24-02-2015,20:46:55,103,Delivered
3277,24-02-2015,20:49:40,107,Cancelled
3278,24-02-2015,21:03:42,104,Cancelled
3279,24-02-2015,21:35:05,109,Success
3280,24-02-2015,21:48:31,109,Delivered
3281,24-02-2015,21:50:48,110,Cancelled
3282,24-02-2015,22:57:58,105,Success
3283,25-02-2015,10:54:03,103,Cancelled
3284,25-02-2015,11:37:52,102,Success
3285,25-02-2015,11:47:42,103,Cancelled
3286,25-02-2015,11:50:16,102,Success
3287,25-02-2015,12:00:21,110,Delivered
3288,25-02-2015,12:00:55,105,Success
3289,25-02-2015,12:22:27,109,Delivered
3290,25-02-2015,12:32:36,102,Success
3291,25-02-2015,12:34:40,108,Success
3292,25-02-2015,12:39:18,101,Cancelled
3293,25-02-2015,12:41:42,103,Failed
3294,25-02-2015,12:43:23,105,Failed
3295,25-02-2015,12:44:09,103,Cancelled
3296,25-02-2015,12:45:11,106,Failed
3297,25-02-2015,12:57:10,102,Failed
3298,25-02-2015,13:01:51,102,Delivered
3299,25-02-2015,13:08:59,101,Failed
3300,25-02-2015,13:10:46,110,Cancelled
3301,25-02-2015,13:18:01,106,Failed
3302,25-02-2015,13:24:42,101,Failed
3303,25-02-2015,13:29:23,102,Success
3304,25-02-2015,13:36:09,108,Cancelled
3305,25-02-2015,14:24:47,105,Cancelled
3306,25-02-2015,14:25:47,103,Delivered
3307,25-02-2015,14:43:41,110,Success
3308,25-02-2015,15:07:18,102,Success
3309,25-02-2015,15:11:35,106,Cancelled
3310,25-02-2015,15:39:00,110,Cancelled
3311,25-02-2015,15:44:27,104,Failed
3312,25-02-2015,15:49:29,110,Success
3313,25-02-2015,15:52:00,107,Failed
3314,25-02-2015,15:54:56,106,Failed
3315,25-02-2015,16:28:11,107,Success
3316,25-02-2015,16:38:42,102,Cancelled
3317,25-02-2015,16:51:29,105,Failed
3318,25-02-2015,16:58:06,107,Success
3319,25-02-2015,17:05:27,107,Cancelled
3320,25-02-2015,17:09:14,107,Cancelled
3321,25-02-2015,17:22:08,101,Cancelled
3322,25-02-2015,17:25:13,101,Failed
3323,25-02-2015,17:45:10,107,Delivered
3324,25-02-2015,17:59:30,105,Success
3325,25-02-2015,18:00:51,109,Failed
3326,25-02-2015,18:15:41,106,Failed
3327,25-02-2015,18:19:46,108,Success
3328,25-02-2015,18:44:25,110,Delivered
3329,25-02-2015,18:49:43,104,Failed
3330,25-02-2015,18:58:00,104,Success
3331,25-02-2015,19:31:42,110,Failed
3332,25-02-2015,19:41:18,105,Success
3333,25-02-2015,19:44:04,106,Success
3334,25-02-2015,19:54:47,107,Cancelled
3335,25-02-2015,20:03:38,103,Cancelled
3336,25-02-2015,20:13:37,108,Failed
3337,25-02-2015,20:15:01,109,Failed
3338,25-02-2015,20:16:05,110,Cancelled
3339,25-02-2015,20:27:43,104,Cancelled
3340,25-02-2015,20:41:17,102,Cancelled
3341,25-02-2015,20:46:02,106,Cancelled
3342,25-02-2015,21:08:05,110,Success
3343,25-02-2015,21:16:08,104,Success
3344,25-02-2015,21:26:35,104,Delivered
3345,25-02-2015,21:39:51,103,Failed
3346,26-02-2015,12:01:09,107,Delivered
3347,26-02-2015,12:03:11,106,Failed
3348,26-02-2015,12:08:52,104,Delivered
3349,26-02-2015,12:12:46,110,Cancelled
3350,26-02-2015,12:16:27,104,Delivered
3351,26-02-2015,12:18:48,107,Delivered
3352,26-02-2015,12:22:34,109,Delivered
3353,26-02-2015,12:39:02,101,Delivered
3354,26-02-2015,12:58:00,103,Success
3355,26-02-2015,13:04:26,107,Success
3356,26-02-2015,13:06:30,104,Cancelled
3357,26-02-2015,13:07:13,110,Success
3358,26-02-2015,13:13:35,107,Success
3359,26-02-2015,13:25:04,105,Delivered
3360,26-02-2015,13:44:24,110,Cancelled
3361,26-02-2015,13:50:11,109,Success
3362,26-02-2015,13:50:14,106,Cancelled
3363,26-02-2015,13:52:23,109,Success
3364,26-02-2015,13:56:18,108,Cancelled
3365,26-02-2015,14:08:46,104,Delivered
3366,26-02-2015,14:18:48,104,Failed
3367,26-02-2015,14:28:31,106,Cancelled
3368,26-02-2015,14:48:56,106,Failed
3369,26-02-2015,15:22:08,101,Delivered
3370,26-02-2015,15:39:19,104,Delivered
3371,26-02-2015,15:58:02,110,Failed
3372,26-02-2015,15:58:38,107,Cancelled
3373,26-02-2015,16:01:28,109,Success
3374,26-02-2015,16:15:25,102,Delivered
3375,26-02-2015,16:20:18,103,Success
3376,26-02-2015,16:27:20,105,Cancelled
3377,26-02-2015,16:32:16,103,Cancelled
3378,26-02-2015,16:53:26,101,Failed
3379,26-02-2015,16:55:17,102,Delivered
3380,26-02-2015,17:16:51,103,Failed
3381,26-02-2015,17:22:05,102,Failed
3382,26-02-2015,17:24:43,101,Cancelled
3383,26-02-2015,17:31:14,108,Delivered
3384,26-02-2015,17:37:19,101,Cancelled
3385,26-02-2015,17:45:02,103,Delivered
3386,26-02-2015,17:50:20,104,Delivered
3387,26-02-2015,17:51:35,105,Failed
3388,26-02-2015,17:53:56,104,Failed
3389,26-02-2015,18:19:17,104,Success
3390,26-02-2015,18:26:17,103,Cancelled
3391,26-02-2015,18:37:03,101,Success
3392,26-02-2015,18:49:00,106,Failed
3393,26-02-2015,18:53:40,105,Cancelled
3394,26-02-2015,19:03:13,104,Delivered
3395,26-02-2015,19:08:46,107,Cancelled
3396,26-02-2015,19:13:12,105,Cancelled
3397,26-02-2015,19:25:04,105,Failed
3398,26-02-2015,19:49:51,101,Cancelled
3399,26-02-2015,20:22:43,104,Cancelled
3400,26-02-2015,22:22:05,109,Success
3401,27-02-2015,11:48:28,109,Failed
3402,27-02-2015,11:51:02,104,Cancelled
3403,27-02-2015,11:57:25,108,Delivered
3404,27-02-2015,12:00:32,104,Cancelled
3405,27-02-2015,12:07:37,102,Delivered
3406,27-02-2015,12:09:32,108,Cancelled
3407,27-02-2015,12:09:41,105,Delivered
3408,27-02-2015,12:28:49,105,Delivered
3409,27-02-2015,12:29:39,104,Failed
3410,27-02-2015,12:33:50,101,Success
3411,27-02-2015,12:38:54,104,Failed
3412,27-02-2015,12:40:41,103,Failed
3413,27-02-2015,12:54:17,110,Failed
3414,27-02-2015,12:56:47,110,Delivered
3415,27-02-2015,13:02:11,107,Failed
3416,27-02-2015,13:02:43,110,Cancelled
3417,27-02-2015,13:05:16,104,Delivered
3418,27-02-2015,13:07:39,106,Success
3419,27-02-2015,13:36:13,107,Delivered
3420,27-02-2015,13:37:23,105,Failed
3421,27-02-2015,13:57:48,110,Failed
3422,27-02-2015,14:03:49,102,Cancelled
3423,27-02-2015,14:09:03,101,Cancelled
3424,27-02-2015,14:14:57,103,Delivered
3425,27-02-2015,14:26:06,109,Success
3426,27-02-2015,15:27:21,104,Success
3427,27-02-2015,15:54:13,110,Failed
3428,27-02-2015,16:08:31,108,Delivered
3429,27-02-2015,16:13:37,104,Delivered
3430,27-02-2015,16:25:27,102,Failed
3431,27-02-2015,16:27:45,106,Cancelled
3432,27-02-2015,16:35:16,108,Failed
3433,27-02-2015,16:37:35,109,Failed
3434,27-02-2015,16:45:33,104,Delivered
3435,27-02-2015,16:55:04,107,Delivered
3436,27-02-2015,17:09:56,105,Cancelled
3437,27-02-2015,17:15:48,102,Cancelled
3438,27-02-2015,17:18:29,107,Failed
3439,27-02-2015,17:19:07,104,Cancelled
3440,27-02-2015,17:38:36,109,Cancelled
3441,27-02-2015,17:38:46,104,Delivered
3442,27-02-2015,17:48:37,110,Failed
3443,27-02-2015,17:50:49,110,Failed
3444,27-02-2015,17:57:03,105,Cancelled
3445,27-02-2015,18:08:58,105,Cancelled
3446,27-02-2015,18:09:37,101,Failed
3447,27-02-2015,18:14:22,101,Success
3448,27-02-2015,18:30:33,101,Cancelled
3449,27-02-2015,18:43:12,110,Success
3450,27-02-2015,18:45:28,101,Failed
3451,27-02-2015,18:46:17,102,Cancelled
3452,27-02-2015,18:47:21,101,Cancelled
3453,27-02-2015,18:48:01,103,Delivered
3454,27-02-2015,18:57:55,108,Delivered
3455,27-02-2015,19:06:41,108,Delivered
3456,27-02-2015,19:09:27,104,Success
3457,27-02-2015,19:09:52,107,Cancelled
3458,27-02-2015,19:11:01,105,Failed
3459,27-02-2015,19:11:44,105,Failed
3460,27-02-2015,19:14:07,110,Cancelled
3461,27-02-2015,19:44:21,110,Cancelled
3462,27-02-2015,19:55:23,108,Delivered
3463,27-02-2015,20:11:00,108,Success
3464,27-02-2015,20:15:36,110,Cancelled
3465,27-02-2015,20:23:35,107,Failed
3466,27-02-2015,20:35:42,106,Failed
3467,27-02-2015,21:22:02,104,Delivered
3468,27-02-2015,21:38:02,107,Failed
3469,27-02-2015,21:39:53,104,Failed
3470,27-02-2015,21:53:24,105,Failed
3471,27-02-2015,22:03:03,101,Delivered
3472,28-02-2015,11:34:54,103,Cancelled
3473,28-02-2015,11:49:43,108,Success
3474,28-02-2015,11:50:01,110,Success
3475,28-02-2015,12:02:32,110,Failed
3476,28-02-2015,12:08:55,101,Failed
3477,28-02-2015,12:29:20,110,Success
3478,28-02-2015,12:34:26,108,Failed
3479,28-02-2015,12:36:18,104,Cancelled
3480,28-02-2015,12:44:01,102,Failed
3481,28-02-2015,12:48:17,101,Failed
3482,28-02-2015,13:05:32,105,Delivered
3483,28-02-2015,13:09:50,106,Cancelled
3484,28-02-2015,13:57:51,110,Success
3485,28-02-2015,14:02:50,103,Failed
3486,28-02-2015,14:10:13,110,Cancelled
3487,28-02-2015,14:20:54,110,Delivered
3488,28-02-2015,14:52:00,105,Failed
3489,28-02-2015,15:08:43,103,Cancelled
3490,28-02-2015,15:26:21,107,Failed
3491,28-02-2015,15:44:50,109,Cancelled
3492,28-02-2015,16:01:29,101,Success
3493,28-02-2015,16:30:08,108,Success
3494,28-02-2015,16:34:35,107,Success
3495,28-02-2015,16:55:06,102,Success
3496,28-02-2015,17:01:57,107,Delivered
3497,28-02-2015,17:19:30,109,Failed
3498,28-02-2015,17:19:47,105,Success
3499,28-02-2015,17:28:45,109,Delivered
3500,28-02-2015,17:41:37,101,Success
3501,28-02-2015,17:45:11,110,Delivered
3502,28-02-2015,18:02:19,110,Failed
3503,28-02-2015,18:15:31,105,Cancelled
3504,28-02-2015,18:16:10,104,Delivered
3505,28-02-2015,18:35:20,108,Cancelled
3506,28-02-2015,18:39:46,107,Delivered
3507,28-02-2015,18:47:24,103,Failed
3508,28-02-2015,18:58:46,104,Cancelled
3509,28-02-2015,19:05:49,103,Failed
3510,28-02-2015,19:21:12,105,Delivered
3511,28-02-2015,19:23:54,104,Cancelled
3512,28-02-2015,19:39:15,110,Success
3513,28-02-2015,19:44:10,107,Success
3514,28-02-2015,19:59:10,109,Delivered
3515,28-02-2015,20:00:18,106,Success
3516,28-02-2015,20:05:17,106,Failed
3517,28-02-2015,20:06:50,103,Failed
3518,28-02-2015,20:40:24,106,Delivered
3519,28-02-2015,20:42:48,105,Failed
3520,28-02-2015,20:47:42,108,Success
3521,28-02-2015,20:51:13,110,Failed
3522,28-02-2015,21:03:34,106,Success
3523,28-02-2015,21:06:54,101,Success
3524,28-02-2015,21:14:22,101,Cancelled
3525,28-02-2015,21:21:02,108,Cancelled
3526,28-02-2015,21:28:39,105,Cancelled
3527,28-02-2015,21:30:14,108,Delivered
3528,28-02-2015,21:39:40,109,Cancelled
3529,28-02-2015,21:52:13,107,Success
3530,28-02-2015,23:05:17,110,Success
3531,01-03-2015,11:34:00,107,Success
3532,01-03-2015,11:49:27,101,Success
3533,01-03-2015,12:08:01,102,Delivered
3534,01-03-2015,12:33:49,107,Success
3535,01-03-2015,12:47:14,109,Cancelled
3536,01-03-2015,12:51:19,104,Success
3537,01-03-2015,12:52:52,107,Cancelled
3538,01-03-2015,13:25:47,107,Delivered
3539,01-03-2015,14:08:51,107,Failed
3540,01-03-2015,14:20:57,101,Failed
3541,01-03-2015,14:39:01,103,Success
3542,01-03-2015,14:40:22,101,Delivered
3543,01-03-2015,14:41:33,102,Cancelled
3544,01-03-2015,14:56:46,101,Success
3545,01-03-2015,15:10:04,104,Success
3546,01-03-2015,15:20:14,103,Success
3547,01-03-2015,15:47:40,108,Success
3548,01-03-2015,15:57:50,107,Delivered
3549,01-03-2015,16:58:16,106,Delivered
3550,01-03-2015,17:04:49,107,Success
3551,01-03-2015,17:04:51,107,Cancelled
3552,01-03-2015,17:06:58,103,Cancelled
3553,01-03-2015,17:29:42,104,Success
3554,01-03-2015,17:42:36,108,Success
3555,01-03-2015,17:48:53,108,Cancelled
3556,01-03-2015,17:52:21,107,Cancelled
3557,01-03-2015,18:07:12,102,Delivered
3558,01-03-2015,18:08:01,110,Failed
3559,01-03-2015,18:17:40,108,Delivered
3560,01-03-2015,18:19:41,110,Failed
3561,01-03-2015,18:36:33,103,Delivered
3562,01-03-2015,18:41:16,101,Success
3563,01-03-2015,18:44:52,103,Success
3564,01-03-2015,18:56:36,105,Success
3565,01-03-2015,19:01:34,103,Success
3566,01-03-2015,19:14:27,106,Cancelled
3567,01-03-2015,19:20:28,101,Success
3568,01-03-2015,19:27:23,109,Cancelled
3569,01-03-2015,19:39:29,106,Cancelled
3570,01-03-2015,19:43:37,101,Failed
3571,01-03-2015,19:56:35,103,Success
3572,01-03-2015,20:06:37,107,Success
3573,01-03-2015,20:07:52,105,Delivered
3574,01-03-2015,20:49:00,110,Delivered
3575,01-03-2015,21:10:58,108,Delivered
3576,01-03-2015,22:00:46,110,Failed
3577,01-03-2015,22:08:42,105,Delivered
3578,01-03-2015,22:23:48,104,Success
3579,01-03-2015,22:59:18,109,Cancelled
3580,02-03-2015,11:49:24,109,Success
3581,02-03-2015,11:52:25,103,Cancelled
3582,02-03-2015,11:55:07,102,Failed
3583,02-03-2015,12:07:16,107,Cancelled
3584,02-03-2015,12:30:47,110,Success
3585,02-03-2015,12:33:30,104,Delivered
3586,02-03-2015,12:34:55,107,Failed
3587,02-03-2015,12:39:13,106,Success
3588,02-03-2015,12:42:52,108,Cancelled
3589,02-03-2015,12:46:49,107,Failed
3590,02-03-2015,12:50:05,109,Delivered
3591,02-03-2015,13:07:22,103,Cancelled
3592,02-03-2015,13:11:50,105,Delivered
3593,02-03-2015,13:15:28,107,Delivered
3594,02-03-2015,13:22:54,110,Cancelled
3595,02-03-2015,13:33:21,107,Failed
3596,02-03-2015,13:37:06,107,Cancelled
3597,02-03-2015,13:43:07,101,Failed
3598,02-03-2015,13:46:38,101,Delivered
3599,02-03-2015,13:59:44,107,Delivered
3600,02-03-2015,14:01:10,106,Delivered
3601,02-03-2015,14:04:41,107,Cancelled
3602,02-03-2015,14:43:05,105,Delivered
3603,02-03-2015,15:01:31,101,Failed
3604,02-03-2015,15:27:26,110,Delivered
3605,02-03-2015,15:27:51,106,Delivered
3606,02-03-2015,15:40:12,109,Cancelled
3607,02-03-2015,15:43:31,109,Delivered
3608,02-03-2015,15:50:46,104,Success
3609,02-03-2015,15:53:54,103,Delivered
3610,02-03-2015,16:19:32,105,Delivered
3611,02-03-2015,16:28:50,108,Failed
3612,02-03-2015,16:36:01,107,Cancelled
3613,02-03-2015,16:36:54,107,Cancelled
3614,02-03-2015,16:58:21,104,Success
3615,02-03-2015,17:13:08,110,Delivered
3616,02-03-2015,17:19:07,105,Cancelled
3617,02-03-2015,17:31:32,108,Cancelled
3618,02-03-2015,17:33:55,105,Cancelled
3619,02-03-2015,17:47:31,106,Cancelled
3620,02-03-2015,17:54:08,106,Success
3621,02-03-2015,18:02:16,104,Delivered
3622,02-03-2015,18:06:22,106,Cancelled
3623,02-03-2015,18:20:06,105,Cancelled
3624,02-03-2015,18:25:01,110,Delivered
3625,02-03-2015,18:29:22,106,Success
3626,02-03-2015,18:29:51,107,Success
3627,02-03-2015,18:45:21,103,Success
3628,02-03-2015,19:01:00,109,Cancelled
3629,02-03-2015,19:09:34,102,Cancelled
3630,02-03-2015,19:34:40,106,Cancelled
3631,02-03-2015,20:41:25,107,Success
3632,02-03-2015,21:00:34,110,Failed
3633,02-03-2015,21:03:49,109,Success
3634,02-03-2015,21:16:40,110,Cancelled
3635,02-03-2015,21:28:09,105,Delivered
3636,02-03-2015,21:34:03,108,Failed
3637,02-03-2015,22:21:24,101,Failed
3638,03-03-2015,11:26:02,110,Cancelled
3639,03-03-2015,11:31:41,105,Failed
3640,03-03-2015,11:50:41,109,Cancelled
3641,03-03-2015,12:14:07,109,Cancelled
3642,03-03-2015,12:24:18,106,Failed
3643,03-03-2015,12:39:57,108,Cancelled
3644,03-03-2015,12:48:47,110,Delivered
3645,03-03-2015,12:57:06,107,Failed
3646,03-03-2015,12:57:32,104,Cancelled
3647,03-03-2015,13:01:48,104,Cancelled
3648,03-03-2015,13:05:06,101,Failed
3649,03-03-2015,13:07:20,101,Success
3650,03-03-2015,13:13:33,104,Success
3651,03-03-2015,13:16:50,101,Cancelled
3652,03-03-2015,13:21:01,105,Cancelled
3653,03-03-2015,13:25:29,110,Delivered
3654,03-03-2015,13:38:34,104,Success
3655,03-03-2015,13:39:24,108,Cancelled
3656,03-03-2015,13:41:05,104,Delivered
3657,03-03-2015,13:53:01,101,Success
3658,03-03-2015,14:00:33,102,Success
3659,03-03-2015,14:03:25,103,Failed
3660,03-03-2015,14:08:53,108,Delivered
3661,03-03-2015,15:05:02,104,Delivered
3662,03-03-2015,15:34:25,101,Cancelled
3663,03-03-2015,15:47:14,106,Cancelled
3664,03-03-2015,15:55:09,105,Delivered
3665,03-03-2015,16:32:20,110,Failed
3666,03-03-2015,16:43:44,102,Success
3667,03-03-2015,16:46:19,106,Failed
3668,03-03-2015,17:06:11,102,Failed
3669,03-03-2015,17:19:38,110,Delivered
3670,03-03-2015,17:27:05,101,Delivered
3671,03-03-2015,17:27:27,108,Success
3672,03-03-2015,17:29:49,108,Cancelled
3673,03-03-2015,17:48:45,108,Delivered
3674,03-03-2015,17:58:31,104,Success
3675,03-03-2015,18:18:27,102,Cancelled
3676,03-03-2015,18:29:01,101,Success
3677,03-03-2015,18:36:32,106,Success
3678,03-03-2015,18:41:49,102,Delivered
3679,03-03-2015,18:45:59,101,Failed
3680,03-03-2015,19:10:38,104,Delivered
3681,03-03-2015,19:11:50,109,Failed
3682,03-03-2015,19:46:03,104,Cancelled
3683,03-03-2015,19:56:12,110,Delivered
3684,03-03-2015,19:59:11,101,Failed
3685,03-03-2015,20:05:12,101,Delivered
3686,03-03-2015,20:20:00,104,Success
3687,03-03-2015,20:25:37,110,Success
3688,03-03-2015,20:46:18,110,Success
3689,03-03-2015,21:41:41,110,Success
3690,03-03-2015,21:58:18,109,Delivered
3691,04-03-2015,11:23:00,108,Delivered
3692,04-03-2015,11:31:04,103,Failed
3693,04-03-2015,11:34:38,102,Failed
3694,04-03-2015,11:38:17,102,Delivered
3695,04-03-2015,12:02:42,106,Cancelled
3696,04-03-2015,12:07:09,104,Cancelled
3697,04-03-2015,12:19:37,103,Cancelled
3698,04-03-2015,12:28:30,107,Failed
3699,04-03-2015,12:29:54,107,Delivered
3700,04-03-2015,12:32:19,105,Delivered
3701,04-03-2015,12:51:21,108,Success
3702,04-03-2015,12:53:29,103,Delivered
3703,04-03-2015,12:59:51,103,Cancelled
3704,04-03-2015,13:06:24,106,Delivered
3705,04-03-2015,13:15:42,101,Failed
3706,04-03-2015,13:17:31,107,Cancelled
3707,04-03-2015,13:20:21,104,Delivered
3708,04-03-2015,13:23:35,110,Success
3709,04-03-2015,13:26:50,109,Success
3710,04-03-2015,13:48:40,103,Failed
3711,04-03-2015,13:51:43,109,Cancelled
3712,04-03-2015,14:15:54,105,Delivered
3713,04-03-2015,14:45:20,101,Failed
3714,04-03-2015,14:47:48,103,Failed
3715,04-03-2015,14:51:20,105,Failed
3716,04-03-2015,14:57:58,102,Delivered
3717,04-03-2015,15:38:29,106,Delivered
3718,04-03-2015,15:57:13,101,Failed
3719,04-03-2015,16:09:26,101,Delivered
3720,04-03-2015,16:10:09,103,Delivered
3721,04-03-2015,16:15:28,109,Cancelled
3722,04-03-2015,16:21:46,104,Cancelled
3723,04-03-2015,16:29:02,108,Delivered
3724,04-03-2015,16:38:05,104,Failed
3725,04-03-2015,16:56:16,106,Success
3726,04-03-2015,17:11:50,103,Cancelled
3727,04-03-2015,17:16:34,101,Delivered
3728,04-03-2015,17:30:38,105,Success
3729,04-03-2015,17:52:09,107,Delivered
3730,04-03-2015,17:55:40,110,Cancelled
3731,04-03-2015,18:06:40,109,Delivered
3732,04-03-2015,18:13:25,104,Cancelled
3733,04-03-2015,18:19:59,102,Delivered
3734,04-03-2015,18:23:25,103,Success
3735,04-03-2015,18:25:22,102,Success
3736,04-03-2015,18:27:05,103,Failed
3737,04-03-2015,18:27:40,110,Delivered
3738,04-03-2015,18:36:42,104,Success
3739,04-03-2015,18:59:47,101,Delivered
3740,04-03-2015,19:17:24,110,Failed
3741,04-03-2015,19:17:32,106,Success
3742,04-03-2015,19:48:33,101,Cancelled
3743,04-03-2015,19:52:52,106,Cancelled
3744,04-03-2015,20:14:27,106,Success
3745,04-03-2015,20:30:11,108,Failed
3746,04-03-2015,20:45:53,109,Success
3747,04-03-2015,20:48:13,102,Failed
3748,04-03-2015,20:59:07,108,Success
3749,04-03-2015,21:02:21,109,Success
3750,05-03-2015,11:46:21,104,Delivered
3751,05-03-2015,11:47:34,105,Delivered
3752,05-03-2015,11:49:36,108,Delivered
3753,05-03-2015,12:01:47,106,Cancelled
3754,05-03-2015,12:05:20,103,Delivered
3755,05-03-2015,12:20:34,108,Failed
3756,05-03-2015,12:30:24,102,Delivered
3757,05-03-2015,12:33:09,105,Cancelled
3758,05-03-2015,12:34:45,106,Cancelled
3759,05-03-2015,12:44:29,109,Success
3760,05-03-2015,12:49:45,101,Cancelled
3761,05-03-2015,12:52:34,109,Failed
3762,05-03-2015,13:03:52,105,Cancelled
3763,05-03-2015,13:06:49,104,Success
3764,05-03-2015,13:06:59,110,Failed
3765,05-03-2015,13:21:27,109,Cancelled
3766,05-03-2015,13:23:49,106,Success
3767,05-03-2015,13:26:19,104,Success
3768,05-03-2015,13:27:04,107,Success
3769,05-03-2015,13:28:39,107,Cancelled
3770,05-03-2015,13:34:21,107,Success
3771,05-03-2015,13:35:17,102,Failed
3772,05-03-2015,13:38:19,110,Failed
3773,05-03-2015,13:41:31,107,Failed
3774,05-03-2015,13:47:15,105,Failed
3775,05-03-2015,13:49:24,107,Failed
3776,05-03-2015,13:59:08,105,Cancelled
3777,05-03-2015,14:05:21,106,Failed
3778,05-03-2015,14:21:03,103,Delivered
3779,05-03-2015,14:24:19,107,Cancelled
3780,05-03-2015,14:39:18,109,Failed
3781,05-03-2015,15:25:06,102,Delivered
3782,05-03-2015,15:29:44,105,Failed
3783,05-03-2015,15:31:22,103,Failed
3784,05-03-2015,15:38:04,108,Failed
3785,05-03-2015,15:42:22,103,Success
3786,05-03-2015,15:48:08,103,Delivered
3787,05-03-2015,15:57:10,105,Delivered
3788,05-03-2015,16:07:50,105,Delivered
3789,05-03-2015,16:12:54,106,Success
3790,05-03-2015,16:12:59,106,Delivered
3791,05-03-2015,16:26:30,103,Delivered
3792,05-03-2015,16:39:37,109,Success
3793,05-03-2015,17:04:01,103,Cancelled
3794,05-03-2015,17:09:43,103,Cancelled
3795,05-03-2015,17:11:05,101,Success
3796,05-03-2015,17:19:11,110,Cancelled
3797,05-03-2015,17:23:32,106,Cancelled
3798,05-03-2015,17:24:03,108,Success
3799,05-03-2015,17:25:14,105,Failed
3800,05-03-2015,17:30:54,109,Failed
3801,05-03-2015,17:51:47,105,Failed
3802,05-03-2015,18:03:09,110,Delivered
3803,05-03-2015,18:05:39,105,Failed
3804,05-03-2015,18:13:03,101,Success
3805,05-03-2015,18:21:32,101,Success
3806,05-03-2015,18:30:10,103,Failed
3807,05-03-2015,18:35:58,104,Cancelled
3808,05-03-2015,18:39:12,105,Failed
3809,05-03-2015,18:52:11,106,Failed
3810,05-03-2015,18:53:34,103,Delivered
3811,05-03-2015,19:33:05,106,Failed
3812,05-03-2015,20:58:09,103,Failed
3813,05-03-2015,21:01:23,106,Cancelled
3814,06-03-2015,11:31:55,108,Delivered
3815,06-03-2015,11:31:57,103,Delivered
3816,06-03-2015,12:05:44,101,Delivered
3817,06-03-2015,12:13:16,103,Cancelled
3818,06-03-2015,12:19:00,104,Delivered
3819,06-03-2015,12:24:41,110,Cancelled
3820,06-03-2015,12:27:51,102,Failed
3821,06-03-2015,12:29:52,110,Delivered
3822,06-03-2015,12:30:08,103,Delivered
3823,06-03-2015,12:31:40,104,Delivered
3824,06-03-2015,12:37:22,102,Success
3825,06-03-2015,12:39:17,106,Failed
3826,06-03-2015,12:39:33,103,Success
3827,06-03-2015,12:42:55,108,Delivered
3828,06-03-2015,12:48:55,103,Failed
3829,06-03-2015,13:05:46,106,Cancelled
3830,06-03-2015,13:09:50,109,Failed
3831,06-03-2015,13:14:53,103,Cancelled
3832,06-03-2015,13:23:16,109,Delivered
3833,06-03-2015,13:29:45,102,Cancelled
3834,06-03-2015,13:48:02,101,Failed
3835,06-03-2015,13:59:21,110,Delivered
3836,06-03-2015,14:13:38,108,Delivered
3837,06-03-2015,14:30:34,106,Failed
3838,06-03-2015,14:47:21,108,Delivered
3839,06-03-2015,15:05:16,103,Failed
3840,06-03-2015,15:18:05,103,Cancelled
3841,06-03-2015,15:18:10,101,Cancelled
3842,06-03-2015,15:41:03,102,Success
3843,06-03-2015,15:46:23,103,Delivered
3844,06-03-2015,15:59:29,101,Failed
3845,06-03-2015,16:01:00,102,Cancelled
3846,06-03-2015,16:14:40,104,Delivered
3847,06-03-2015,16:47:39,107,Success
3848,06-03-2015,17:02:56,110,Failed
3849,06-03-2015,17:05:52,101,Cancelled
3850,06-03-2015,17:12:49,108,Failed
3851,06-03-2015,17:15:19,102,Delivered
3852,06-03-2015,17:27:18,102,Failed
3853,06-03-2015,17:46:48,105,Cancelled
3854,06-03-2015,18:00:49,104,Delivered
3855,06-03-2015,18:08:43,103,Cancelled
3856,06-03-2015,18:15:58,107,Delivered
3857,06-03-2015,18:28:28,108,Failed
3858,06-03-2015,18:42:52,103,Success
3859,06-03-2015,18:48:17,109,Cancelled
3860,06-03-2015,18:59:18,109,Delivered
3861,06-03-2015,19:15:15,110,Cancelled
3862,06-03-2015,19:18:42,105,Success
3863,06-03-2015,19:50:37,108,Delivered
3864,06-03-2015,19:57:15,104,Cancelled
3865,06-03-2015,19:58:48,102,Failed
3866,06-03-2015,20:01:26,105,Failed
3867,06-03-2015,20:10:12,102,Success
3868,06-03-2015,20:18:30,109,Failed
3869,06-03-2015,20:29:18,104,Delivered
3870,06-03-2015,20:34:43,108,Success
3871,06-03-2015,21:12:07,104,Cancelled
3872,06-03-2015,21:18:50,102,Success
3873,06-03-2015,21:22:02,107,Success
3874,06-03-2015,21:28:26,106,Success
3875,06-03-2015,21:28:27,110,Cancelled
3876,06-03-2015,21:34:49,102,Failed
3877,06-03-2015,22:13:59,108,Delivered
3878,06-03-2015,22:23:06,108,Failed
3879,06-03-2015,22:41:23,101,Failed
3880,07-03-2015,11:38:08,103,Success
3881,07-03-2015,11:46:18,105,Delivered
3882,07-03-2015,11:47:47,103,Failed
3883,07-03-2015,11:48:30,109,Success
3884,07-03-2015,11:52:36,106,Success
3885,07-03-2015,12:08:34,103,Success
3886,07-03-2015,12:23:20,109,Failed
3887,07-03-2015,12:24:10,110,Success
3888,07-03-2015,12:52:11,110,Success
3889,07-03-2015,13:28:07,109,Success
3890,07-03-2015,14:01:23,107,Success
3891,07-03-2015,14:42:35,108,Cancelled
3892,07-03-2015,15:00:38,110,Delivered
3893,07-03-2015,15:06:30,108,Failed
3894,07-03-2015,15:35:59,104,Failed
3895,07-03-2015,16:08:09,104,Success
3896,07-03-2015,16:09:05,103,Success
3897,07-03-2015,16:14:53,103,Delivered
3898,07-03-2015,16:15:17,103,Delivered
3899,07-03-2015,16:21:06,110,Failed
3900,07-03-2015,16:26:19,105,Cancelled
3901,07-03-2015,16:34:59,102,Success
3902,07-03-2015,17:01:11,108,Failed
3903,07-03-2015,17:18:44,104,Success
3904,07-03-2015,17:22:07,103,Failed
3905,07-03-2015,17:39:40,106,Success
3906,07-03-2015,17:42:03,103,Success
3907,07-03-2015,18:06:44,107,Cancelled
3908,07-03-2015,18:17:47,102,Cancelled
3909,07-03-2015,18:23:27,101,Success
3910,07-03-2015,18:30:46,107,Success
3911,07-03-2015,18:41:26,108,Cancelled
3912,07-03-2015,18:43:59,101,Failed
3913,07-03-2015,18:45:53,104,Success
3914,07-03-2015,19:08:43,109,Failed
3915,07-03-2015,19:12:55,101,Failed
3916,07-03-2015,19:20:59,105,Delivered
3917,07-03-2015,19:31:49,110,Cancelled
3918,07-03-2015,19:40:59,108,Cancelled
3919,07-03-2015,19:48:54,103,Delivered
3920,07-03-2015,19:49:06,105,Success
3921,07-03-2015,20:10:19,108,Cancelled
3922,07-03-2015,20:12:39,103,Cancelled
3923,07-03-2015,20:22:59,104,Delivered
3924,07-03-2015,20:33:42,101,Success
3925,07-03-2015,20:39:45,105,Failed
3926,07-03-2015,20:49:53,102,Delivered
3927,07-03-2015,20:57:08,105,Failed
3928,07-03-2015,21:01:55,110,Success
3929,07-03-2015,21:13:37,102,Success
3930,07-03-2015,21:16:27,108,Delivered
3931,07-03-2015,21:23:14,106,Success
3932,07-03-2015,21:49:12,109,Failed
3933,07-03-2015,22:18:41,106,Failed
3934,07-03-2015,22:31:24,107,Delivered
3935,07-03-2015,22:42:37,106,Delivered
3936,07-03-2015,22:59:17,107,Delivered
3937,07-03-2015,23:02:35,106,Failed
3938,08-03-2015,11:50:19,101,Delivered
3939,08-03-2015,12:22:52,104,Delivered
3940,08-03-2015,12:29:28,107,Cancelled
3941,08-03-2015,12:31:16,104,Failed
3942,08-03-2015,12:34:14,109,Delivered
3943,08-03-2015,12:37:23,107,Success
3944,08-03-2015,12:58:48,103,Delivered
3945,08-03-2015,13:08:44,101,Cancelled
3946,08-03-2015,13:16:01,108,Success
3947,08-03-2015,13:18:56,107,Failed
3948,08-03-2015,13:25:26,101,Failed
3949,08-03-2015,13:33:30,108,Cancelled
3950,08-03-2015,13:43:32,107,Cancelled
3951,08-03-2015,14:14:25,107,Cancelled
3952,08-03-2015,14:14:42,108,Success
3953,08-03-2015,14:35:06,101,Cancelled
3954,08-03-2015,14:38:40,107,Success
3955,08-03-2015,14:46:52,106,Delivered
3956,08-03-2015,14:53:46,101,Cancelled
3957,08-03-2015,15:02:47,106,Failed
3958,08-03-2015,15:13:04,110,Cancelled
3959,08-03-2015,15:18:05,101,Delivered
3960,08-03-2015,15:56:08,108,Cancelled
3961,08-03-2015,15:56:48,109,Delivered
3962,08-03-2015,15:58:21,106,Cancelled
3963,08-03-2015,15:59:35,101,Failed
3964,08-03-2015,16:16:42,106,Success
3965,08-03-2015,16:26:39,101,Success
3966,08-03-2015,16:32:58,107,Success
3967,08-03-2015,16:48:23,105,Success
3968,08-03-2015,16:55:44,105,Failed
3969,08-03-2015,16:57:55,104,Delivered
3970,08-03-2015,17:07:58,108,Delivered
3971,08-03-2015,17:13:18,105,Success
3972,08-03-2015,17:29:55,109,Success
3973,08-03-2015,17:34:55,108,Delivered
3974,08-03-2015,17:41:34,103,Delivered
3975,08-03-2015,17:46:49,104,Delivered
3976,08-03-2015,17:51:53,102,Success
3977,08-03-2015,17:52:16,103,Failed
3978,08-03-2015,17:55:21,101,Cancelled
3979,08-03-2015,18:11:37,104,Failed
3980,08-03-2015,18:19:16,107,Failed
3981,08-03-2015,18:19:19,109,Delivered
3982,08-03-2015,18:19:27,103,Delivered
3983,08-03-2015,18:25:31,109,Success
3984,08-03-2015,18:28:07,106,Success
3985,08-03-2015,18:29:24,101,Delivered
3986,08-03-2015,18:29:51,105,Delivered
3987,08-03-2015,18:33:21,103,Delivered
3988,08-03-2015,19:27:14,101,Cancelled
3989,08-03-2015,19:53:16,109,Failed
3990,08-03-2015,19:56:35,103,Success
3991,08-03-2015,20:03:54,110,Failed
3992,08-03-2015,20:14:02,109,Success
3993,08-03-2015,20:29:17,101,Cancelled
3994,08-03-2015,20:30:09,109,Failed
3995,08-03-2015,20:47:41,103,Failed
3996,08-03-2015,20:51:13,107,Delivered
3997,08-03-2015,20:55:45,110,Cancelled
3998,08-03-2015,21:36:47,107,Success
3999,08-03-2015,21:47:00,110,Success
4000,09-03-2015,11:34:01,109,Delivered
4001,09-03-2015,11:41:53,107,Failed
4002,09-03-2015,11:46:21,105,Success
4003,09-03-2015,11:49:50,108,Failed
4004,09-03-2015,11:53:06,110,Success
4005,09-03-2015,12:40:14,104,Cancelled
4006,09-03-2015,12:44:49,105,Delivered
4007,09-03-2015,13:03:46,104,Cancelled
4008,09-03-2015,13:03:47,102,Delivered
4009,09-03-2015,13:06:54,106,Delivered
4010,09-03-2015,13:07:43,110,Delivered
4011,09-03-2015,13:12:55,104,Delivered
4012,09-03-2015,13:17:54,102,Cancelled
4013,09-03-2015,13:31:53,102,Cancelled
4014,09-03-2015,13:39:39,106,Failed
4015,09-03-2015,14:05:48,103,Cancelled
4016,09-03-2015,14:09:30,105,Cancelled
4017,09-03-2015,14:20:15,110,Success
4018,09-03-2015,14:46:33,109,Success
4019,09-03-2015,14:55:28,106,Delivered
4020,09-03-2015,15:30:34,104,Cancelled
4021,09-03-2015,15:39:32,109,Success
4022,09-03-2015,16:15:29,104,Delivered
4023,09-03-2015,16:18:37,101,Failed
4024,09-03-2015,16:26:31,110,Failed
4025,09-03-2015,16:38:56,108,Success
4026,09-03-2015,16:46:41,109,Failed
4027,09-03-2015,16:50:50,102,Delivered
4028,09-03-2015,17:04:08,105,Cancelled
4029,09-03-2015,17:08:55,106,Cancelled
4030,09-03-2015,17:10:40,102,Delivered
4031,09-03-2015,17:26:17,103,Success
4032,09-03-2015,17:40:50,110,Cancelled
4033,09-03-2015,17:43:46,103,Delivered
4034,09-03-2015,17:48:17,102,Delivered
4035,09-03-2015,17:54:50,110,Delivered
4036,09-03-2015,17:56:04,102,Delivered
4037,09-03-2015,18:01:34,110,Success
4038,09-03-2015,18:04:03,108,Success
4039,09-03-2015,18:13:22,107,Failed
4040,09-03-2015,18:31:54,106,Cancelled
4041,09-03-2015,18:33:34,107,Failed
4042,09-03-2015,18:37:43,109,Cancelled
4043,09-03-2015,18:37:57,104,Failed
4044,09-03-2015,18:59:49,106,Success
4045,09-03-2015,19:07:54,106,Failed
4046,09-03-2015,19:19:40,102,Failed
4047,09-03-2015,19:41:26,110,Delivered
4048,09-03-2015,19:42:52,103,Cancelled
4049,09-03-2015,20:22:42,105,Failed
4050,09-03-2015,20:23:00,106,Delivered
4051,09-03-2015,20:28:51,104,Success
4052,09-03-2015,20:51:47,107,Failed
4053,09-03-2015,21:23:40,103,Success
4054,09-03-2015,21:39:28,103,Cancelled
4055,09-03-2015,21:58:39,107,Failed
4056,10-03-2015,11:25:36,109,Cancelled
4057,10-03-2015,11:28:54,107,Delivered
4058,10-03-2015,11:36:03,107,Cancelled
4059,10-03-2015,12:06:00,110,Delivered
4060,10-03-2015,12:25:20,102,Failed
4061,10-03-2015,12:27:06,105,Delivered
4062,10-03-2015,12:29:59,107,Success
4063,10-03-2015,12:34:52,108,Success
4064,10-03-2015,12:39:50,101,Cancelled
4065,10-03-2015,12:47:09,110,Cancelled
4066,10-03-2015,12:50:46,107,Cancelled
4067,10-03-2015,12:53:35,108,Delivered
4068,10-03-2015,12:56:40,110,Success
4069,10-03-2015,13:04:35,107,Cancelled
4070,10-03-2015,13:09:33,110,Cancelled
4071,10-03-2015,13:11:32,108,Cancelled
4072,10-03-2015,13:19:51,105,Delivered
4073,10-03-2015,13:25:22,101,Failed
4074,10-03-2015,13:33:17,109,Failed
4075,10-03-2015,13:41:38,101,Failed
4076,10-03-2015,13:43:55,110,Failed
4077,10-03-2015,13:55:11,108,Cancelled
4078,10-03-2015,14:06:41,107,Success
4079,10-03-2015,14:36:45,105,Delivered
4080,10-03-2015,14:38:10,108,Delivered
4081,10-03-2015,14:41:40,102,Failed
4082,10-03-2015,14:53:14,110,Success
4083,10-03-2015,14:53:51,105,Failed
4084,10-03-2015,14:56:15,105,Delivered
4085,10-03-2015,14:58:08,109,Delivered
4086,10-03-2015,15:01:10,107,Success
4087,10-03-2015,15:42:01,109,Success
4088,10-03-2015,15:48:01,110,Delivered
4089,10-03-2015,16:04:11,110,Failed
4090,10-03-2015,16:43:06,103,Delivered
4091,10-03-2015,16:43:37,104,Success
4092,10-03-2015,16:49:23,101,Failed
4093,10-03-2015,17:11:16,104,Cancelled
4094,10-03-2015,17:13:54,101,Cancelled
4095,10-03-2015,17:22:03,104,Failed
4096,10-03-2015,17:44:06,103,Delivered
4097,10-03-2015,17:57:38,105,Cancelled
4098,10-03-2015,18:20:47,104,Success
4099,10-03-2015,18:21:25,103,Delivered
4100,10-03-2015,18:30:06,104,Failed
4101,10-03-2015,18:42:29,104,Delivered
4102,10-03-2015,18:45:32,109,Success
4103,10-03-2015,19:10:04,102,Cancelled
4104,10-03-2015,19:14:28,108,Delivered
4105,10-03-2015,19:30:41,106,Cancelled
4106,10-03-2015,20:08:25,110,Success
4107,10-03-2015,20:17:32,107,Delivered
4108,10-03-2015,20:20:38,103,Delivered
4109,10-03-2015,20:45:34,102,Cancelled
4110,10-03-2015,20:55:20,110,Delivered
4111,10-03-2015,21:05:08,104,Success
4112,10-03-2015,21:23:19,109,Delivered
4113,10-03-2015,22:13:47,107,Delivered
4114,10-03-2015,22:18:08,101,Delivered
4115,11-03-2015,12:01:41,105,Cancelled
4116,11-03-2015,12:02:01,105,Success
4117,11-03-2015,12:06:00,108,Delivered
4118,11-03-2015,12:10:49,110,Cancelled
4119,11-03-2015,12:17:41,108,Failed
4120,11-03-2015,12:31:01,108,Success
4121,11-03-2015,12:37:36,105,Delivered
4122,11-03-2015,12:44:34,101,Success
4123,11-03-2015,12:53:38,110,Success
4124,11-03-2015,12:54:05,110,Delivered
4125,11-03-2015,13:00:09,102,Delivered
4126,11-03-2015,13:07:26,104,Failed
4127,11-03-2015,13:09:51,106,Success
4128,11-03-2015,13:20:46,103,Cancelled
4129,11-03-2015,13:21:18,101,Success
4130,11-03-2015,13:22:05,109,Delivered
4131,11-03-2015,13:45:13,104,Cancelled
4132,11-03-2015,13:49:46,107,Delivered
4133,11-03-2015,14:05:09,105,Success
4134,11-03-2015,14:23:53,102,Success
4135,11-03-2015,14:25:34,109,Failed
4136,11-03-2015,14:33:24,109,Failed
4137,11-03-2015,14:33:39,109,Delivered
4138,11-03-2015,14:39:14,106,Delivered
4139,11-03-2015,14:39:27,104,Success
4140,11-03-2015,15:01:55,101,Failed
4141,11-03-2015,15:22:38,110,Failed
4142,11-03-2015,15:36:22,104,Cancelled
4143,11-03-2015,15:39:09,110,Delivered
4144,11-03-2015,16:20:07,109,Success
4145,11-03-2015,16:23:58,101,Delivered
4146,11-03-2015,16:25:58,110,Delivered
4147,11-03-2015,16:37:46,105,Cancelled
4148,11-03-2015,16:40:21,108,Failed
4149,11-03-2015,16:43:33,102,Cancelled
4150,11-03-2015,16:45:38,102,Cancelled
4151,11-03-2015,16:49:53,108,Delivered
4152,11-03-2015,16:51:16,110,Success
4153,11-03-2015,17:08:05,106,Cancelled
4154,11-03-2015,17:11:37,101,Success
4155,11-03-2015,17:12:58,106,Cancelled
4156,11-03-2015,17:18:27,108,Delivered
4157,11-03-2015,17:29:31,104,Cancelled
4158,11-03-2015,17:33:30,103,Delivered
4159,11-03-2015,17:37:24,104,Success
4160,11-03-2015,18:17:39,107,Cancelled
4161,11-03-2015,18:24:12,106,Cancelled
4162,11-03-2015,18:27:59,110,Success
4163,11-03-2015,18:28:15,101,Failed
4164,11-03-2015,18:33:24,101,Delivered
4165,11-03-2015,18:39:21,107,Delivered
4166,11-03-2015,18:44:57,106,Failed
4167,11-03-2015,18:46:52,105,Failed
4168,11-03-2015,19:25:05,102,Delivered
4169,11-03-2015,19:52:29,101,Cancelled
4170,11-03-2015,20:01:57,104,Delivered
4171,11-03-2015,21:35:22,101,Success
4172,11-03-2015,21:49:42,104,Success
4173,11-03-2015,22:03:13,108,Failed
4174,11-03-2015,22:22:00,103,Cancelled
4175,11-03-2015,22:27:17,109,Failed
4176,11-03-2015,22:28:40,107,Cancelled
4177,12-03-2015,11:26:04,103,Cancelled
4178,12-03-2015,11:37:02,110,Cancelled
4179,12-03-2015,11:56:55,110,Failed
4180,12-03-2015,12:00:07,103,Delivered
4181,12-03-2015,12:08:19,108,Success
4182,12-03-2015,12:13:53,107,Failed
4183,12-03-2015,12:18:35,108,Failed
4184,12-03-2015,12:19:43,104,Failed
4185,12-03-2015,12:34:53,107,Failed
4186,12-03-2015,12:38:05,108,Delivered
4187,12-03-2015,12:44:27,109,Failed
4188,12-03-2015,13:03:40,107,Cancelled
4189,12-03-2015,13:15:42,105,Success
4190,12-03-2015,13:50:53,110,Success
4191,12-03-2015,13:55:19,108,Cancelled
4192,12-03-2015,13:56:27,101,Failed
4193,12-03-2015,14:05:44,102,Failed
4194,12-03-2015,14:30:20,106,Cancelled
4195,12-03-2015,14:47:42,107,Delivered
4196,12-03-2015,15:25:24,104,Cancelled
4197,12-03-2015,15:37:29,109,Failed
4198,12-03-2015,15:38:35,101,Failed
4199,12-03-2015,15:47:43,106,Delivered
4200,12-03-2015,15:48:08,108,Success
4201,12-03-2015,15:50:03,107,Delivered
4202,12-03-2015,15:51:32,105,Cancelled
4203,12-03-2015,16:06:48,110,Success
4204,12-03-2015,16:10:28,106,Cancelled
4205,12-03-2015,16:23:53,108,Cancelled
4206,12-03-2015,16:28:16,107,Cancelled
4207,12-03-2015,16:39:49,108,Delivered
4208,12-03-2015,17:00:06,106,Failed
4209,12-03-2015,17:06:27,106,Cancelled
4210,12-03-2015,17:14:55,108,Failed
4211,12-03-2015,17:34:27,110,Failed
4212,12-03-2015,17:44:49,108,Success
4213,12-03-2015,18:08:25,104,Delivered
4214,12-03-2015,18:09:43,103,Cancelled
4215,12-03-2015,18:21:31,107,Cancelled
4216,12-03-2015,18:23:38,104,Delivered
4217,12-03-2015,18:28:33,103,Failed
4218,12-03-2015,18:29:17,107,Cancelled
4219,12-03-2015,18:45:21,104,Failed
4220,12-03-2015,18:55:05,101,Failed
4221,12-03-2015,19:07:06,105,Delivered
4222,12-03-2015,19:11:01,103,Cancelled
4223,12-03-2015,19:39:15,103,Delivered
4224,12-03-2015,20:19:32,103,Failed
4225,12-03-2015,20:30:07,103,Success
4226,12-03-2015,20:58:53,109,Cancelled
4227,12-03-2015,22:03:24,104,Success
4228,13-03-2015,11:21:11,102,Success
4229,13-03-2015,11:26:40,103,Delivered
4230,13-03-2015,12:03:46,105,Cancelled
4231,13-03-2015,12:11:55,109,Cancelled
4232,13-03-2015,12:22:05,107,Success
4233,13-03-2015,12:26:06,108,Cancelled
4234,13-03-2015,12:26:55,105,Failed
4235,13-03-2015,12:43:20,102,Success
4236,13-03-2015,12:46:50,110,Success
4237,13-03-2015,12:53:21,103,Delivered
4238,13-03-2015,12:57:25,102,Delivered
4239,13-03-2015,12:58:26,107,Success
4240,13-03-2015,13:06:51,102,Failed
4241,13-03-2015,13:07:16,105,Failed
4242,13-03-2015,13:15:50,106,Delivered
4243,13-03-2015,13:32:08,103,Failed
4244,13-03-2015,13:32:38,107,Delivered
4245,13-03-2015,13:35:44,102,Cancelled
4246,13-03-2015,14:29:34,106,Cancelled
4247,13-03-2015,14:34:24,103,Failed
4248,13-03-2015,14:52:08,109,Delivered
4249,13-03-2015,14:57:41,110,Cancelled
4250,13-03-2015,15:18:42,102,Cancelled
4251,13-03-2015,15:27:34,107,Delivered
4252,13-03-2015,15:31:07,103,Failed
4253,13-03-2015,16:26:31,107,Delivered
4254,13-03-2015,16:59:32,110,Failed
4255,13-03-2015,17:02:19,109,Cancelled
4256,13-03-2015,17:09:06,109,Cancelled
4257,13-03-2015,17:15:09,109,Cancelled
4258,13-03-2015,17:17:57,102,Cancelled
4259,13-03-2015,17:26:11,103,Success
4260,13-03-2015,17:27:49,104,Cancelled
4261,13-03-2015,17:39:14,104,Delivered
4262,13-03-2015,17:44:16,110,Success
4263,13-03-2015,17:48:06,104,Cancelled
4264,13-03-2015,17:48:27,106,Cancelled
4265,13-03-2015,17:53:29,109,Cancelled
4266,13-03-2015,17:54:30,103,Failed
4267,13-03-2015,18:07:56,110,Cancelled
4268,13-03-2015,18:30:51,102,Success
4269,13-03-2015,18:44:54,110,Cancelled
4270,13-03-2015,18:48:09,106,Delivered
4271,13-03-2015,18:53:59,101,Delivered
4272,13-03-2015,19:00:06,103,Failed
4273,13-03-2015,19:13:52,105,Cancelled
4274,13-03-2015,19:24:05,110,Delivered
4275,13-03-2015,19:25:15,109,Cancelled
4276,13-03-2015,19:26:19,103,Success
4277,13-03-2015,19:28:56,108,Cancelled
4278,13-03-2015,19:32:04,109,Success
4279,13-03-2015,19:35:26,106,Cancelled
4280,13-03-2015,19:43:02,106,Delivered
4281,13-03-2015,19:48:52,102,Failed
4282,13-03-2015,19:48:59,104,Delivered
4283,13-03-2015,20:00:35,110,Failed
4284,13-03-2015,20:01:36,104,Failed
4285,13-03-2015,20:07:36,110,Delivered
4286,13-03-2015,20:09:22,101,Delivered
4287,13-03-2015,20:22:24,101,Failed
4288,13-03-2015,20:33:21,102,Cancelled
4289,13-03-2015,20:47:26,104,Delivered
4290,13-03-2015,20:51:32,109,Cancelled
4291,13-03-2015,20:59:18,104,Delivered
4292,13-03-2015,21:02:53,105,Success
4293,13-03-2015,21:12:29,109,Cancelled
4294,13-03-2015,21:14:47,103,Failed
4295,13-03-2015,21:31:23,108,Delivered
4296,13-03-2015,21:48:33,101,Success
4297,13-03-2015,22:06:21,102,Delivered
4298,13-03-2015,22:18:17,109,Success
4299,14-03-2015,12:16:45,102,Delivered
4300,14-03-2015,12:28:34,103,Failed
4301,14-03-2015,12:43:04,108,Success
4302,14-03-2015,12:47:54,110,Cancelled
4303,14-03-2015,12:49:45,107,Success
4304,14-03-2015,12:56:21,108,Delivered
4305,14-03-2015,13:09:20,107,Success
4306,14-03-2015,13:16:23,107,Success
4307,14-03-2015,13:19:35,103,Success
4308,14-03-2015,13:24:46,110,Cancelled
4309,14-03-2015,13:46:13,101,Success
4310,14-03-2015,13:47:57,103,Success
4311,14-03-2015,14:12:12,108,Success
4312,14-03-2015,14:29:59,103,Failed
4313,14-03-2015,14:34:28,106,Success
4314,14-03-2015,14:37:47,104,Failed
4315,14-03-2015,15:19:31,102,Cancelled
4316,14-03-2015,15:35:43,107,Success
4317,14-03-2015,15:50:39,103,Cancelled
4318,14-03-2015,16:10:10,108,Success
4319,14-03-2015,16:10:40,110,Failed
4320,14-03-2015,16:22:10,104,Cancelled
4321,14-03-2015,16:28:24,105,Cancelled
4322,14-03-2015,16:34:46,101,Success
4323,14-03-2015,16:38:05,105,Cancelled
4324,14-03-2015,16:42:00,109,Success
4325,14-03-2015,16:44:33,109,Cancelled
4326,14-03-2015,16:50:34,107,Success
4327,14-03-2015,16:54:36,109,Failed
4328,14-03-2015,17:30:16,102,Failed
4329,14-03-2015,17:49:13,105,Delivered
4330,14-03-2015,17:50:48,107,Cancelled
4331,14-03-2015,17:51:53,104,Success
4332,14-03-2015,18:02:55,110,Delivered
4333,14-03-2015,18:18:59,105,Delivered
4334,14-03-2015,18:36:34,104,Cancelled
4335,14-03-2015,18:38:17,105,Failed
4336,14-03-2015,18:40:57,106,Success
4337,14-03-2015,18:42:43,109,Delivered
4338,14-03-2015,18:43:22,110,Delivered
4339,14-03-2015,18:44:41,104,Cancelled
4340,14-03-2015,18:45:37,101,Delivered
4341,14-03-2015,19:05:47,105,Cancelled
4342,14-03-2015,19:43:00,108,Delivered
4343,14-03-2015,19:53:17,108,Cancelled
4344,14-03-2015,20:15:55,103,Delivered
4345,14-03-2015,20:18:21,105,Failed
4346,14-03-2015,20:20:18,108,Success
4347,14-03-2015,20:31:44,107,Success
4348,14-03-2015,20:37:13,109,Success
4349,14-03-2015,20:47:01,106,Failed
4350,14-03-2015,21:02:43,105,Delivered
4351,14-03-2015,21:05:17,102,Delivered
4352,14-03-2015,21:22:53,108,Failed
4353,14-03-2015,21:24:48,107,Cancelled
4354,14-03-2015,22:23:19,105,Delivered
4355,15-03-2015,11:40:06,102,Success
4356,15-03-2015,11:48:27,105,Failed
4357,15-03-2015,11:49:01,105,Success
4358,15-03-2015,12:08:34,106,Failed
4359,15-03-2015,12:42:51,107,Delivered
4360,15-03-2015,13:08:00,102,Failed
4361,15-03-2015,13:08:26,108,Delivered
4362,15-03-2015,13:36:20,107,Delivered
4363,15-03-2015,13:41:43,101,Failed
4364,15-03-2015,13:43:32,103,Success
4365,15-03-2015,13:55:25,108,Delivered
4366,15-03-2015,14:12:24,106,Success
4367,15-03-2015,14:18:34,103,Failed
4368,15-03-2015,14:29:45,105,Cancelled
4369,15-03-2015,15:05:40,103,Delivered
4370,15-03-2015,15:29:07,103,Failed
4371,15-03-2015,15:42:34,107,Cancelled
4372,15-03-2015,15:45:56,105,Cancelled
4373,15-03-2015,15:47:01,109,Cancelled
4374,15-03-2015,15:48:11,110,Failed
4375,15-03-2015,16:00:44,110,Cancelled
4376,15-03-2015,16:03:18,102,Success
4377,15-03-2015,16:07:56,109,Success
4378,15-03-2015,16:12:31,103,Cancelled
4379,15-03-2015,16:12:56,107,Success
4380,15-03-2015,16:14:57,108,Delivered
4381,15-03-2015,16:31:44,108,Success
4382,15-03-2015,16:33:38,103,Cancelled
4383,15-03-2015,16:38:07,107,Cancelled
4384,15-03-2015,16:57:07,108,Failed
4385,15-03-2015,17:13:38,109,Delivered
4386,15-03-2015,17:30:07,105,Failed
4387,15-03-2015,18:01:50,109,Success
4388,15-03-2015,18:18:55,104,Failed
4389,15-03-2015,18:28:12,109,Failed
4390,15-03-2015,18:28:49,105,Failed
4391,15-03-2015,18:35:20,101,Failed
4392,15-03-2015,18:44:40,110,Delivered
4393,15-03-2015,18:48:37,102,Success
4394,15-03-2015,18:56:08,104,Failed
4395,15-03-2015,19:02:12,110,Delivered
4396,15-03-2015,19:37:36,107,Cancelled
4397,15-03-2015,19:49:03,108,Cancelled
4398,15-03-2015,19:55:56,105,Delivered
4399,15-03-2015,20:19:34,102,Cancelled
4400,15-03-2015,20:49:02,105,Cancelled
4401,15-03-2015,21:03:16,107,Failed
4402,15-03-2015,21:26:48,103,Cancelled
4403,15-03-2015,22:17:47,102,Success
4404,16-03-2015,11:18:16,104,Delivered
4405,16-03-2015,11:55:19,109,Failed
4406,16-03-2015,12:04:29,103,Success
4407,16-03-2015,12:10:54,101,Success
4408,16-03-2015,12:11:56,106,Cancelled
4409,16-03-2015,12:14:11,110,Failed
4410,16-03-2015,12:15:47,105,Success
4411,16-03-2015,12:16:56,104,Failed
4412,16-03-2015,12:18:01,107,Delivered
4413,16-03-2015,12:23:40,106,Cancelled
4414,16-03-2015,12:24:49,109,Failed
4415,16-03-2015,12:26:22,108,Success
4416,16-03-2015,12:33:50,106,Success
4417,16-03-2015,12:34:38,102,Cancelled
4418,16-03-2015,12:48:27,102,Failed
4419,16-03-2015,13:09:10,106,Cancelled
4420,16-03-2015,13:12:50,107,Failed
4421,16-03-2015,13:13:23,102,Failed
4422,16-03-2015,13:14:57,106,Cancelled
4423,16-03-2015,13:25:45,102,Delivered
4424,16-03-2015,13:34:37,108,Cancelled
4425,16-03-2015,13:39:34,104,Delivered
4426,16-03-2015,13:45:41,101,Success
4427,16-03-2015,13:51:45,106,Success
4428,16-03-2015,14:00:48,105,Cancelled
4429,16-03-2015,14:07:00,107,Cancelled
4430,16-03-2015,14:47:48,101,Cancelled
4431,16-03-2015,14:55:57,109,Cancelled
4432,16-03-2015,15:00:56,110,Success
4433,16-03-2015,15:36:28,109,Cancelled
4434,16-03-2015,16:01:07,105,Delivered
4435,16-03-2015,16:02:07,103,Cancelled
4436,16-03-2015,16:08:15,104,Failed
4437,16-03-2015,16:16:14,101,Failed
4438,16-03-2015,16:30:22,107,Cancelled
4439,16-03-2015,16:47:29,106,Success
4440,16-03-2015,16:47:41,109,Delivered
4441,16-03-2015,16:57:19,102,Delivered
4442,16-03-2015,17:04:37,101,Cancelled
4443,16-03-2015,17:27:27,110,Cancelled
4444,16-03-2015,17:28:55,102,Failed
4445,16-03-2015,17:33:20,102,Delivered
4446,16-03-2015,17:35:10,107,Success
4447,16-03-2015,17:46:16,110,Cancelled
4448,16-03-2015,17:47:46,107,Delivered
4449,16-03-2015,17:49:16,105,Delivered
4450,16-03-2015,18:16:34,103,Failed
4451,16-03-2015,18:21:03,106,Cancelled
4452,16-03-2015,18:25:34,102,Success
4453,16-03-2015,18:28:00,105,Failed
4454,16-03-2015,18:29:04,101,Delivered
4455,16-03-2015,18:30:50,101,Delivered
4456,16-03-2015,18:33:20,102,Failed
4457,16-03-2015,18:41:34,108,Failed
4458,16-03-2015,19:02:27,107,Success
4459,16-03-2015,19:07:02,105,Delivered
4460,16-03-2015,19:08:35,109,Failed
4461,16-03-2015,19:12:14,110,Delivered
4462,16-03-2015,19:17:34,110,Delivered
4463,16-03-2015,19:27:52,110,Success
4464,16-03-2015,19:28:38,110,Cancelled
4465,16-03-2015,19:47:28,109,Cancelled
4466,16-03-2015,19:51:03,101,Failed
4467,16-03-2015,20:29:39,109,Cancelled
4468,16-03-2015,21:13:23,107,Success
4469,16-03-2015,22:47:49,101,Success
4470,17-03-2015,11:40:42,104,Cancelled
4471,17-03-2015,11:43:47,104,Delivered
4472,17-03-2015,11:58:27,107,Delivered
4473,17-03-2015,12:18:19,108,Failed
4474,17-03-2015,12:33:23,104,Delivered
4475,17-03-2015,12:56:00,107,Delivered
4476,17-03-2015,12:59:34,104,Cancelled
4477,17-03-2015,13:03:10,107,Success
4478,17-03-2015,13:13:09,106,Cancelled
4479,17-03-2015,13:33:20,102,Success
4480,17-03-2015,13:41:29,103,Delivered
4481,17-03-2015,13:46:18,107,Failed
4482,17-03-2015,13:57:38,106,Failed
4483,17-03-2015,14:14:26,105,Success
4484,17-03-2015,14:22:39,101,Success
4485,17-03-2015,14:30:10,101,Success
4486,17-03-2015,14:32:42,101,Success
4487,17-03-2015,14:41:19,103,Delivered
4488,17-03-2015,14:57:23,103,Delivered
4489,17-03-2015,15:26:41,104,Success
4490,17-03-2015,15:35:21,110,Success
4491,17-03-2015,15:38:00,102,Delivered
4492,17-03-2015,15:48:20,110,Success
4493,17-03-2015,16:05:41,103,Failed
4494,17-03-2015,16:07:40,108,Failed
4495,17-03-2015,16:09:57,107,Cancelled
4496,17-03-2015,16:15:33,103,Delivered
4497,17-03-2015,16:17:25,105,Failed
4498,17-03-2015,16:22:45,110,Success
4499,17-03-2015,16:33:13,101,Delivered
4500,17-03-2015,16:45:03,103,Success
4501,17-03-2015,16:48:42,102,Success
4502,17-03-2015,16:50:12,103,Delivered
4503,17-03-2015,17:03:36,102,Success
4504,17-03-2015,17:04:25,105,Delivered
4505,17-03-2015,17:17:44,102,Delivered
4506,17-03-2015,17:18:34,106,Success
4507,17-03-2015,17:25:02,104,Delivered
4508,17-03-2015,17:27:45,103,Success
4509,17-03-2015,17:29:30,102,Cancelled
4510,17-03-2015,17:54:33,103,Success
4511,17-03-2015,17:57:13,110,Delivered
4512,17-03-2015,18:05:39,108,Success
4513,17-03-2015,18:20:51,109,Success
4514,17-03-2015,18:29:17,110,Delivered
4515,17-03-2015,18:35:13,108,Delivered
4516,17-03-2015,18:59:02,104,Delivered
4517,17-03-2015,19:00:53,106,Failed
4518,17-03-2015,19:06:28,107,Success
4519,17-03-2015,19:13:55,101,Success
4520,17-03-2015,19:18:13,102,Success
4521,17-03-2015,19:18:43,110,Delivered
4522,17-03-2015,19:21:11,102,Failed
4523,17-03-2015,19:27:52,107,Delivered
4524,17-03-2015,19:34:54,103,Success
4525,17-03-2015,19:35:19,107,Failed
4526,17-03-2015,19:37:48,107,Success
4527,17-03-2015,19:49:58,110,Failed
4528,17-03-2015,19:50:37,109,Cancelled
4529,17-03-2015,19:53:48,101,Success
4530,17-03-2015,19:58:25,110,Success
4531,17-03-2015,20:12:16,105,Success
4532,17-03-2015,20:24:54,108,Failed
4533,17-03-2015,20:25:53,103,Delivered
4534,17-03-2015,20:45:20,107,Failed
4535,17-03-2015,20:49:48,105,Failed
4536,17-03-2015,21:06:40,104,Failed
4537,17-03-2015,21:09:17,104,Success
4538,17-03-2015,21:31:30,109,Success
4539,17-03-2015,21:34:31,108,Failed
4540,17-03-2015,21:58:59,110,Success
4541,18-03-2015,11:34:26,110,Delivered
4542,18-03-2015,11:37:55,106,Cancelled
4543,18-03-2015,12:06:46,110,Failed
4544,18-03-2015,12:08:52,108,Cancelled
4545,18-03-2015,12:09:38,105,Delivered
4546,18-03-2015,12:12:52,110,Delivered
4547,18-03-2015,12:12:58,108,Success
4548,18-03-2015,12:29:44,108,Cancelled
4549,18-03-2015,12:31:00,106,Delivered
4550,18-03-2015,12:45:18,110,Cancelled
4551,18-03-2015,12:48:02,103,Cancelled
4552,18-03-2015,12:50:24,104,Delivered
4553,18-03-2015,12:50:30,106,Success
4554,18-03-2015,12:53:36,104,Success
4555,18-03-2015,13:07:53,101,Success
4556,18-03-2015,13:09:57,109,Cancelled
4557,18-03-2015,13:24:33,105,Success
4558,18-03-2015,13:25:12,106,Cancelled
4559,18-03-2015,13:26:03,108,Delivered
4560,18-03-2015,13:33:58,106,Cancelled
4561,18-03-2015,13:37:16,109,Delivered
4562,18-03-2015,13:45:29,103,Delivered
4563,18-03-2015,14:03:10,105,Cancelled
4564,18-03-2015,14:15:58,106,Failed
4565,18-03-2015,14:22:15,106,Cancelled
4566,18-03-2015,14:59:13,108,Failed
4567,18-03-2015,15:44:50,103,Delivered
4568,18-03-2015,16:19:49,109,Failed
4569,18-03-2015,16:27:52,109,Failed
4570,18-03-2015,17:02:20,102,Cancelled
4571,18-03-2015,17:13:04,104,Delivered
4572,18-03-2015,17:23:10,109,Success
4573,18-03-2015,17:24:44,104,Failed
4574,18-03-2015,17:27:06,102,Success
4575,18-03-2015,17:27:18,101,Success
4576,18-03-2015,17:30:49,106,Failed
4577,18-03-2015,17:51:20,102,Cancelled
4578,18-03-2015,17:59:02,107,Failed
4579,18-03-2015,18:04:32,106,Success
4580,18-03-2015,18:11:13,104,Failed
4581,18-03-2015,18:15:20,108,Cancelled
4582,18-03-2015,18:27:57,110,Delivered
4583,18-03-2015,18:37:23,101,Cancelled
4584,18-03-2015,18:55:30,103,Delivered
4585,18-03-2015,19:00:56,107,Cancelled
4586,18-03-2015,19:01:59,106,Success
4587,18-03-2015,19:30:25,101,Delivered
4588,18-03-2015,19:43:01,101,Success
4589,18-03-2015,19:57:35,103,Delivered
4590,18-03-2015,20:03:05,106,Success
4591,18-03-2015,20:04:42,104,Cancelled
4592,18-03-2015,20:05:46,108,Failed
4593,18-03-2015,20:08:10,108,Failed
4594,18-03-2015,20:19:08,101,Delivered
4595,18-03-2015,20:41:38,103,Failed
4596,18-03-2015,20:42:12,109,Success
4597,18-03-2015,20:45:48,103,Delivered
4598,18-03-2015,21:05:40,103,Cancelled
4599,18-03-2015,21:13:49,110,Success
4600,18-03-2015,21:35:26,110,Cancelled
4601,18-03-2015,22:27:51,105,Failed
4602,18-03-2015,22:28:11,105,Failed
4603,19-03-2015,11:24:09,109,Delivered
4604,19-03-2015,11:27:07,110,Cancelled
4605,19-03-2015,11:31:04,104,Success
4606,19-03-2015,11:40:23,103,Failed
4607,19-03-2015,11:40:57,104,Delivered
4608,19-03-2015,11:45:56,109,Success
4609,19-03-2015,12:02:16,104,Cancelled
4610,19-03-2015,12:20:14,104,Failed
4611,19-03-2015,12:26:04,105,Delivered
4612,19-03-2015,12:27:44,105,Delivered
4613,19-03-2015,12:57:29,107,Failed
4614,19-03-2015,13:02:47,105,Cancelled
4615,19-03-2015,13:04:55,110,Success
4616,19-03-2015,13:06:44,104,Success
4617,19-03-2015,13:14:22,101,Cancelled
4618,19-03-2015,13:18:06,102,Delivered
4619,19-03-2015,13:21:51,101,Failed
4620,19-03-2015,13:37:11,103,Cancelled
4621,19-03-2015,13:39:12,110,Failed
4622,19-03-2015,14:31:45,102,Failed
4623,19-03-2015,14:41:44,109,Cancelled
4624,19-03-2015,14:59:35,106,Cancelled
4625,19-03-2015,15:42:30,104,Failed
4626,19-03-2015,15:45:01,107,Success
4627,19-03-2015,16:04:23,102,Cancelled
4628,19-03-2015,16:16:31,107,Cancelled
4629,19-03-2015,16:24:30,102,Failed
4630,19-03-2015,16:51:19,107,Success
4631,19-03-2015,17:20:17,107,Failed
4632,19-03-2015,17:25:31,103,Failed
4633,19-03-2015,17:28:29,104,Success
4634,19-03-2015,17:44:39,107,Failed
4635,19-03-2015,17:45:58,101,Delivered
4636,19-03-2015,17:58:30,101,Failed
4637,19-03-2015,18:04:27,109,Delivered
4638,19-03-2015,18:18:28,107,Cancelled
4639,19-03-2015,18:19:16,102,Failed
4640,19-03-2015,18:35:46,101,Failed
4641,19-03-2015,18:37:11,106,Cancelled
4642,19-03-2015,19:05:06,105,Success
4643,19-03-2015,19:11:53,107,Delivered
4644,19-03-2015,19:18:36,102,Delivered
4645,19-03-2015,19:21:02,107,Cancelled
4646,19-03-2015,19:22:44,108,Cancelled
4647,19-03-2015,19:36:47,110,Delivered
4648,19-03-2015,19:40:10,107,Cancelled
4649,19-03-2015,19:43:03,109,Failed
4650,19-03-2015,19:48:15,105,Delivered
4651,19-03-2015,19:55:20,103,Failed
4652,19-03-2015,19:57:11,109,Success
4653,19-03-2015,20:16:45,107,Cancelled
4654,19-03-2015,20:23:12,101,Cancelled
4655,19-03-2015,20:30:29,107,Success
4656,19-03-2015,20:43:33,106,Delivered
4657,19-03-2015,20:48:08,106,Success
4658,19-03-2015,21:34:17,101,Failed
4659,19-03-2015,21:53:59,108,Cancelled
4660,19-03-2015,22:14:01,104,Delivered
4661,20-03-2015,11:33:30,101,Delivered
4662,20-03-2015,11:47:53,103,Success
4663,20-03-2015,12:12:03,101,Failed
4664,20-03-2015,12:24:44,102,Success
4665,20-03-2015,12:39:39,110,Delivered
4666,20-03-2015,12:40:13,102,Cancelled
4667,20-03-2015,12:52:56,101,Success
4668,20-03-2015,12:53:37,105,Success
4669,20-03-2015,12:55:55,102,Success
4670,20-03-2015,12:56:01,102,Cancelled
4671,20-03-2015,13:02:39,108,Success
4672,20-03-2015,13:09:27,107,Delivered
4673,20-03-2015,13:18:11,107,Delivered
4674,20-03-2015,13:27:07,102,Success
4675,20-03-2015,13:27:10,108,Delivered
4676,20-03-2015,13:28:26,107,Failed
4677,20-03-2015,13:43:36,103,Cancelled
4678,20-03-2015,13:52:15,105,Failed
4679,20-03-2015,14:03:43,107,Cancelled
4680,20-03-2015,14:09:05,104,Success
4681,20-03-2015,14:19:44,103,Delivered
4682,20-03-2015,14:58:30,103,Delivered
4683,20-03-2015,15:03:44,107,Delivered
4684,20-03-2015,15:40:10,102,Delivered
4685,20-03-2015,15:40:29,103,Success
4686,20-03-2015,15:58:56,101,Delivered
4687,20-03-2015,16:51:47,103,Failed
4688,20-03-2015,16:52:55,102,Success
4689,20-03-2015,16:54:26,105,Failed
4690,20-03-2015,17:03:46,105,Cancelled
4691,20-03-2015,17:06:29,107,Delivered
4692,20-03-2015,17:35:37,110,Cancelled
4693,20-03-2015,17:37:54,104,Delivered
4694,20-03-2015,17:38:33,110,Cancelled
4695,20-03-2015,18:04:31,105,Cancelled
4696,20-03-2015,18:10:14,110,Failed
4697,20-03-2015,18:24:39,106,Delivered
4698,20-03-2015,18:29:47,108,Failed
4699,20-03-2015,18:44:52,101,Failed
4700,20-03-2015,18:49:15,101,Failed
4701,20-03-2015,18:49:32,102,Failed
4702,20-03-2015,18:54:47,110,Failed
4703,20-03-2015,18:54:51,101,Delivered
4704,20-03-2015,19:01:03,108,Failed
4705,20-03-2015,19:07:12,105,Cancelled
4706,20-03-2015,19:16:21,106,Failed
4707,20-03-2015,19:27:09,110,Failed
4708,20-03-2015,19:31:55,108,Cancelled
4709,20-03-2015,19:34:01,102,Success
4710,20-03-2015,19:50:29,110,Success
4711,20-03-2015,19:52:39,109,Delivered
4712,20-03-2015,19:56:47,101,Cancelled
4713,20-03-2015,20:08:33,106,Cancelled
4714,20-03-2015,20:08:46,105,Delivered
4715,20-03-2015,20:16:44,108,Failed
4716,20-03-2015,20:33:22,107,Delivered
4717,20-03-2015,20:56:46,105,Failed
4718,20-03-2015,21:11:17,105,Cancelled
4719,20-03-2015,21:21:56,105,Cancelled
4720,20-03-2015,21:28:14,107,Failed
4721,20-03-2015,21:37:57,103,Failed
4722,20-03-2015,21:49:53,101,Delivered
4723,20-03-2015,21:52:10,103,Delivered
4724,20-03-2015,22:09:09,105,Delivered
4725,20-03-2015,22:20:00,104,Failed
4726,20-03-2015,22:28:53,102,Delivered
4727,21-03-2015,11:31:39,103,Success
4728,21-03-2015,11:48:59,106,Cancelled
4729,21-03-2015,11:56:23,105,Delivered
4730,21-03-2015,12:40:30,102,Cancelled
4731,21-03-2015,12:50:12,103,Cancelled
4732,21-03-2015,13:02:15,104,Failed
4733,21-03-2015,13:08:31,101,Success
4734,21-03-2015,13:10:35,109,Delivered
4735,21-03-2015,13:20:32,102,Delivered
4736,21-03-2015,13:35:05,108,Success
4737,21-03-2015,13:37:53,105,Failed
4738,21-03-2015,13:50:27,108,Cancelled
4739,21-03-2015,13:56:44,106,Success
4740,21-03-2015,14:06:07,110,Delivered
4741,21-03-2015,14:06:09,107,Success
4742,21-03-2015,14:06:43,105,Failed
4743,21-03-2015,14:17:42,105,Delivered
4744,21-03-2015,14:19:17,104,Cancelled
4745,21-03-2015,14:21:26,102,Failed
4746,21-03-2015,14:31:37,102,Cancelled
4747,21-03-2015,14:38:22,110,Cancelled
4748,21-03-2015,14:40:36,101,Cancelled
4749,21-03-2015,14:46:54,107,Success
4750,21-03-2015,15:17:26,106,Cancelled
4751,21-03-2015,15:21:55,102,Cancelled
4752,21-03-2015,16:05:39,110,Success
4753,21-03-2015,16:12:25,101,Delivered
4754,21-03-2015,16:28:54,101,Success
4755,21-03-2015,16:40:27,102,Cancelled
4756,21-03-2015,16:51:43,103,Success
4757,21-03-2015,16:52:17,105,Delivered
4758,21-03-2015,17:07:20,109,Failed
4759,21-03-2015,17:08:35,106,Failed
4760,21-03-2015,17:26:32,101,Cancelled
4761,21-03-2015,18:10:58,108,Delivered
4762,21-03-2015,18:39:15,103,Cancelled
4763,21-03-2015,18:44:01,101,Cancelled
4764,21-03-2015,18:52:00,107,Cancelled
4765,21-03-2015,18:53:49,104,Delivered
4766,21-03-2015,19:04:51,101,Cancelled
4767,21-03-2015,19:20:15,102,Success
4768,21-03-2015,19:32:01,108,Failed
4769,21-03-2015,19:41:04,103,Success
4770,21-03-2015,19:41:16,109,Success
4771,21-03-2015,19:49:47,107,Cancelled
4772,21-03-2015,19:53:41,109,Success
4773,21-03-2015,20:04:52,105,Delivered
4774,21-03-2015,20:14:45,102,Cancelled
4775,21-03-2015,20:15:09,108,Failed
4776,21-03-2015,20:15:27,102,Delivered
4777,21-03-2015,20:35:51,109,Cancelled
4778,21-03-2015,20:38:40,101,Success
4779,21-03-2015,21:35:31,107,Failed
4780,21-03-2015,21:47:02,107,Failed
4781,21-03-2015,21:58:12,109,Cancelled
4782,21-03-2015,22:15:37,108,Delivered
4783,22-03-2015,12:01:30,104,Failed
4784,22-03-2015,12:23:54,109,Success
4785,22-03-2015,12:31:46,106,Success
4786,22-03-2015,12:54:56,104,Failed
4787,22-03-2015,13:01:37,110,Cancelled
4788,22-03-2015,13:26:50,106,Cancelled
4789,22-03-2015,13:56:27,107,Cancelled
4790,22-03-2015,13:57:47,104,Cancelled
4791,22-03-2015,14:25:24,108,Failed
4792,22-03-2015,14:42:50,110,Delivered
4793,22-03-2015,14:56:38,109,Failed
4794,22-03-2015,15:54:26,109,Cancelled
4795,22-03-2015,16:01:29,101,Success
4796,22-03-2015,16:09:49,101,Cancelled
4797,22-03-2015,16:16:29,109,Success
4798,22-03-2015,16:21:33,101,Failed
4799,22-03-2015,16:32:35,106,Success
4800,22-03-2015,16:49:55,106,Cancelled
4801,22-03-2015,17:08:48,109,Failed
4802,22-03-2015,17:37:13,102,Success
4803,22-03-2015,17:50:14,103,Success
4804,22-03-2015,17:52:20,108,Failed
4805,22-03-2015,18:10:30,109,Cancelled
4806,22-03-2015,18:14:21,102,Success
4807,22-03-2015,18:26:11,104,Failed
4808,22-03-2015,18:57:35,107,Delivered
4809,22-03-2015,19:18:35,102,Success
4810,22-03-2015,19:23:28,109,Success
4811,22-03-2015,19:34:54,105,Failed
4812,22-03-2015,19:35:48,101,Delivered
4813,22-03-2015,19:52:54,104,Cancelled
4814,22-03-2015,20:30:11,101,Failed
4815,22-03-2015,20:52:46,105,Failed
4816,22-03-2015,20:55:27,104,Delivered
4817,22-03-2015,21:08:01,108,Failed
4818,22-03-2015,21:31:24,101,Cancelled
4819,22-03-2015,21:58:31,106,Cancelled
4820,23-03-2015,11:18:22,108,Cancelled
4821,23-03-2015,11:23:52,110,Success
4822,23-03-2015,11:31:48,105,Success
4823,23-03-2015,11:38:21,104,Failed
4824,23-03-2015,11:40:00,108,Cancelled
4825,23-03-2015,11:48:12,107,Cancelled
4826,23-03-2015,11:56:58,108,Delivered
4827,23-03-2015,12:04:18,104,Cancelled
4828,23-03-2015,12:10:12,103,Cancelled
4829,23-03-2015,12:14:01,107,Delivered
4830,23-03-2015,12:40:25,107,Failed
4831,23-03-2015,12:46:10,101,Failed
4832,23-03-2015,12:47:25,109,Delivered
4833,23-03-2015,12:49:53,110,Cancelled
4834,23-03-2015,12:51:24,104,Failed
4835,23-03-2015,12:55:41,109,Success
4836,23-03-2015,12:57:49,109,Delivered
4837,23-03-2015,13:04:56,103,Delivered
4838,23-03-2015,13:14:04,101,Delivered
4839,23-03-2015,13:39:44,106,Failed
4840,23-03-2015,13:42:58,106,Failed
4841,23-03-2015,13:45:24,103,Delivered
4842,23-03-2015,13:59:42,104,Cancelled
4843,23-03-2015,14:03:50,109,Cancelled
4844,23-03-2015,14:48:44,106,Success
4845,23-03-2015,15:30:17,103,Delivered
4846,23-03-2015,15:31:14,101,Cancelled
4847,23-03-2015,16:08:52,109,Delivered
4848,23-03-2015,16:18:18,109,Cancelled
4849,23-03-2015,16:30:24,106,Success
4850,23-03-2015,16:30:47,108,Cancelled
4851,23-03-2015,16:36:52,108,Success
4852,23-03-2015,16:41:38,105,Cancelled
4853,23-03-2015,16:58:43,110,Cancelled
4854,23-03-2015,17:03:09,104,Success
4855,23-03-2015,17:08:22,101,Failed
4856,23-03-2015,17:09:52,106,Success
4857,23-03-2015,17:10:42,110,Failed
4858,23-03-2015,17:20:36,109,Cancelled
4859,23-03-2015,17:30:36,102,Delivered
4860,23-03-2015,17:40:49,108,Failed
4861,23-03-2015,17:59:40,110,Cancelled
4862,23-03-2015,18:11:50,103,Failed
4863,23-03-2015,18:18:12,108,Success
4864,23-03-2015,18:50:25,107,Failed
4865,23-03-2015,18:58:05,109,Delivered
4866,23-03-2015,19:20:18,102,Cancelled
4867,23-03-2015,19:21:09,101,Success
4868,23-03-2015,19:39:40,106,Cancelled
4869,23-03-2015,19:43:40,103,Success
4870,23-03-2015,19:50:49,110,Delivered
4871,23-03-2015,19:54:00,104,Success
4872,23-03-2015,20:09:11,105,Cancelled
4873,23-03-2015,20:25:39,101,Failed
4874,23-03-2015,20:31:44,102,Cancelled
4875,23-03-2015,20:55:17,106,Failed
4876,23-03-2015,21:07:34,109,Delivered
4877,23-03-2015,22:05:32,103,Delivered
4878,23-03-2015,22:12:04,108,Cancelled
4879,23-03-2015,22:19:06,103,Cancelled
4880,23-03-2015,22:39:18,105,Cancelled
4881,24-03-2015,11:16:40,105,Failed
4882,24-03-2015,11:20:32,101,Delivered
4883,24-03-2015,11:44:46,108,Failed
4884,24-03-2015,11:45:15,107,Failed
4885,24-03-2015,11:57:15,102,Failed
4886,24-03-2015,12:00:25,110,Delivered
4887,24-03-2015,12:04:00,102,Delivered
4888,24-03-2015,12:19:14,105,Failed
4889,24-03-2015,12:21:23,102,Delivered
4890,24-03-2015,12:26:16,105,Delivered
4891,24-03-2015,12:26:41,102,Cancelled
4892,24-03-2015,12:49:05,108,Success
4893,24-03-2015,12:53:26,110,Failed
4894,24-03-2015,12:54:29,101,Delivered
4895,24-03-2015,12:57:03,103,Success
4896,24-03-2015,13:05:31,110,Cancelled
4897,24-03-2015,13:11:23,108,Delivered
4898,24-03-2015,13:22:58,103,Failed
4899,24-03-2015,14:14:11,109,Delivered
4900,24-03-2015,14:28:06,101,Failed
4901,24-03-2015,14:42:01,110,Delivered
4902,24-03-2015,15:31:33,106,Success
4903,24-03-2015,15:57:20,107,Success
4904,24-03-2015,16:00:10,102,Delivered
4905,24-03-2015,16:07:27,109,Success
4906,24-03-2015,16:25:58,102,Failed
4907,24-03-2015,16:28:16,103,Cancelled
4908,24-03-2015,16:34:25,105,Delivered
4909,24-03-2015,16:39:37,109,Delivered
4910,24-03-2015,16:43:09,107,Cancelled
4911,24-03-2015,16:50:08,104,Cancelled
4912,24-03-2015,16:58:45,105,Failed
4913,24-03-2015,17:04:55,102,Success
4914,24-03-2015,17:07:49,108,Delivered
4915,24-03-2015,17:08:31,107,Failed
4916,24-03-2015,17:10:38,103,Cancelled
4917,24-03-2015,17:28:09,106,Cancelled
4918,24-03-2015,17:33:38,105,Delivered
4919,24-03-2015,17:39:17,106,Failed
4920,24-03-2015,17:39:24,101,Delivered
4921,24-03-2015,17:59:12,101,Cancelled
4922,24-03-2015,18:10:44,101,Delivered
4923,24-03-2015,18:48:54,103,Cancelled
4924,24-03-2015,18:53:06,104,Delivered
4925,24-03-2015,18:57:07,109,Cancelled
4926,24-03-2015,19:00:07,105,Delivered
4927,24-03-2015,19:38:31,109,Failed
4928,24-03-2015,19:44:15,107,Success
4929,24-03-2015,19:49:39,105,Success
4930,24-03-2015,19:57:44,101,Delivered
4931,24-03-2015,20:01:03,104,Failed
4932,24-03-2015,20:20:11,105,Failed
4933,24-03-2015,20:32:57,102,Success
4934,24-03-2015,20:37:52,109,Delivered
4935,24-03-2015,20:56:05,110,Failed
4936,24-03-2015,21:06:17,104,Cancelled
4937,24-03-2015,22:03:54,102,Success
4938,24-03-2015,22:14:02,109,Delivered
4939,24-03-2015,22:20:17,107,Cancelled
4940,24-03-2015,22:20:25,102,Delivered
4941,25-03-2015,11:32:56,105,Delivered
4942,25-03-2015,11:37:54,109,Success
4943,25-03-2015,11:53:09,104,Cancelled
4944,25-03-2015,11:53:50,102,Delivered
4945,25-03-2015,12:00:40,102,Failed
4946,25-03-2015,12:06:23,106,Success
4947,25-03-2015,12:09:12,110,Failed
4948,25-03-2015,12:11:42,102,Delivered
4949,25-03-2015,12:20:42,102,Cancelled
4950,25-03-2015,12:22:09,101,Cancelled
4951,25-03-2015,12:41:13,109,Failed
4952,25-03-2015,12:43:12,108,Success
4953,25-03-2015,13:00:56,101,Cancelled
4954,25-03-2015,13:02:58,109,Cancelled
4955,25-03-2015,13:10:57,109,Delivered
4956,25-03-2015,13:26:18,101,Delivered
4957,25-03-2015,13:34:24,102,Delivered
4958,25-03-2015,13:36:37,107,Delivered
4959,25-03-2015,13:49:25,108,Delivered
4960,25-03-2015,13:58:48,110,Failed
4961,25-03-2015,14:01:43,102,Success
4962,25-03-2015,14:34:44,109,Failed
4963,25-03-2015,14:57:26,108,Cancelled
4964,25-03-2015,15:42:29,105,Success
4965,25-03-2015,16:12:29,104,Cancelled
4966,25-03-2015,16:43:47,105,Delivered
4967,25-03-2015,17:02:42,106,Success
4968,25-03-2015,17:07:45,109,Cancelled
4969,25-03-2015,17:13:34,105,Cancelled
4970,25-03-2015,17:32:07,107,Delivered
4971,25-03-2015,17:37:50,106,Success
4972,25-03-2015,17:43:05,110,Failed
4973,25-03-2015,17:49:01,101,Cancelled
4974,25-03-2015,17:59:15,105,Success
4975,25-03-2015,18:05:54,110,Cancelled
4976,25-03-2015,18:11:17,109,Delivered
4977,25-03-2015,18:20:35,108,Success
4978,25-03-2015,18:35:12,105,Delivered
4979,25-03-2015,18:57:01,110,Failed
4980,25-03-2015,19:02:39,109,Success
4981,25-03-2015,19:12:01,109,Cancelled
4982,25-03-2015,19:21:56,101,Cancelled
4983,25-03-2015,19:39:31,108,Delivered
4984,25-03-2015,19:52:33,101,Delivered
4985,25-03-2015,20:00:01,108,Success
4986,25-03-2015,20:06:38,109,Delivered
4987,25-03-2015,20:34:13,107,Cancelled
4988,25-03-2015,20:44:56,107,Success
4989,25-03-2015,20:54:18,105,Failed
4990,25-03-2015,21:02:20,109,Delivered
4991,25-03-2015,21:09:19,103,Delivered
4992,25-03-2015,21:11:28,101,Success
4993,25-03-2015,21:13:53,110,Cancelled
4994,25-03-2015,21:26:47,108,Delivered
4995,25-03-2015,21:26:57,108,Cancelled
4996,25-03-2015,22:16:46,109,Success
4997,26-03-2015,11:22:59,101,Failed
4998,26-03-2015,11:34:32,106,Failed
4999,26-03-2015,11:37:06,110,Success
5000,26-03-2015,11:37:43,105,Success
5001,26-03-2015,11:44:02,102,Failed
5002,26-03-2015,11:46:28,102,Failed
5003,26-03-2015,11:50:45,110,Failed
5004,26-03-2015,12:00:55,102,Cancelled
5005,26-03-2015,12:18:13,102,Delivered
5006,26-03-2015,12:24:39,106,Success
5007,26-03-2015,12:38:04,103,Success
5008,26-03-2015,12:39:34,110,Delivered
5009,26-03-2015,12:45:57,103,Success
5010,26-03-2015,12:48:02,107,Cancelled
5011,26-03-2015,12:55:44,103,Cancelled
5012,26-03-2015,13:12:34,104,Failed
5013,26-03-2015,13:14:23,109,Cancelled
5014,26-03-2015,13:34:44,109,Delivered
5015,26-03-2015,13:35:54,107,Cancelled
5016,26-03-2015,13:53:46,106,Success
5017,26-03-2015,13:58:44,103,Success
5018,26-03-2015,14:06:09,104,Delivered
5019,26-03-2015,14:12:31,108,Failed
5020,26-03-2015,14:15:57,104,Cancelled
5021,26-03-2015,14:23:00,106,Delivered
5022,26-03-2015,14:23:37,104,Delivered
5023,26-03-2015,14:37:13,104,Success
5024,26-03-2015,14:40:47,105,Success
5025,26-03-2015,14:54:00,108,Delivered
5026,26-03-2015,15:16:07,105,Success
5027,26-03-2015,15:37:15,102,Success
5028,26-03-2015,15:46:49,103,Cancelled
5029,26-03-2015,15:55:20,104,Delivered
5030,26-03-2015,16:09:58,101,Cancelled
5031,26-03-2015,16:17:47,108,Delivered
5032,26-03-2015,16:20:57,104,Delivered
5033,26-03-2015,16:30:33,107,Delivered
5034,26-03-2015,16:51:53,109,Delivered
5035,26-03-2015,17:00:18,110,Cancelled
5036,26-03-2015,17:10:08,109,Success
5037,26-03-2015,17:10:13,108,Success
5038,26-03-2015,17:12:05,110,Cancelled
5039,26-03-2015,17:30:05,105,Cancelled
5040,26-03-2015,17:40:27,102,Delivered
5041,26-03-2015,17:43:00,107,Cancelled
5042,26-03-2015,17:50:15,106,Failed
5043,26-03-2015,17:55:08,110,Delivered
5044,26-03-2015,17:58:03,107,Delivered
5045,26-03-2015,18:12:55,108,Cancelled
5046,26-03-2015,18:17:36,105,Delivered
5047,26-03-2015,18:23:08,102,Success
5048,26-03-2015,18:34:53,103,Cancelled
5049,26-03-2015,18:40:21,104,Cancelled
5050,26-03-2015,18:45:15,101,Success
5051,26-03-2015,18:49:21,110,Delivered
5052,26-03-2015,18:53:41,104,Delivered
5053,26-03-2015,18:56:26,110,Delivered
5054,26-03-2015,19:35:46,103,Failed
5055,26-03-2015,19:51:36,102,Success
5056,26-03-2015,20:01:53,105,Failed
5057,26-03-2015,20:08:07,107,Cancelled
5058,26-03-2015,20:21:14,104,Delivered
5059,26-03-2015,20:25:19,109,Failed
5060,26-03-2015,20:44:56,102,Failed
5061,26-03-2015,21:23:45,104,Cancelled
5062,27-03-2015,11:49:29,103,Delivered
5063,27-03-2015,11:50:10,104,Failed
5064,27-03-2015,11:58:27,101,Delivered
5065,27-03-2015,12:07:05,110,Delivered
5066,27-03-2015,12:20:59,105,Success
5067,27-03-2015,12:26:17,109,Success
5068,27-03-2015,12:29:40,107,Cancelled
5069,27-03-2015,12:29:41,109,Failed
5070,27-03-2015,12:35:03,105,Failed
5071,27-03-2015,12:47:48,103,Cancelled
5072,27-03-2015,12:53:56,110,Delivered
5073,27-03-2015,12:56:32,106,Cancelled
5074,27-03-2015,13:05:06,108,Success
5075,27-03-2015,13:08:15,103,Failed
5076,27-03-2015,13:12:12,108,Failed
5077,27-03-2015,13:21:18,105,Failed
5078,27-03-2015,13:31:17,103,Cancelled
5079,27-03-2015,13:41:43,102,Cancelled
5080,27-03-2015,13:43:35,104,Success
5081,27-03-2015,13:59:35,108,Failed
5082,27-03-2015,14:22:32,102,Success
5083,27-03-2015,14:33:01,105,Delivered
5084,27-03-2015,14:33:30,108,Cancelled
5085,27-03-2015,14:57:13,109,Cancelled
5086,27-03-2015,15:30:43,102,Success
5087,27-03-2015,16:10:25,108,Delivered
5088,27-03-2015,16:12:26,108,Failed
5089,27-03-2015,16:12:46,103,Success
5090,27-03-2015,16:16:50,109,Success
5091,27-03-2015,16:25:42,108,Failed
5092,27-03-2015,16:48:30,109,Delivered
5093,27-03-2015,16:58:24,106,Cancelled
5094,27-03-2015,17:00:09,103,Cancelled
5095,27-03-2015,17:04:40,101,Success
5096,27-03-2015,17:28:05,110,Failed
5097,27-03-2015,17:31:39,103,Success
5098,27-03-2015,17:41:05,109,Failed
5099,27-03-2015,17:45:15,107,Success
5100,27-03-2015,17:49:28,106,Cancelled
5101,27-03-2015,17:51:15,107,Cancelled
5102,27-03-2015,17:52:41,110,Failed
5103,27-03-2015,17:52:55,106,Cancelled
5104,27-03-2015,17:56:27,108,Delivered
5105,27-03-2015,17:56:55,110,Delivered
5106,27-03-2015,18:04:24,101,Success
5107,27-03-2015,18:15:26,101,Failed
5108,27-03-2015,18:16:47,101,Delivered
5109,27-03-2015,18:19:24,110,Cancelled
5110,27-03-2015,18:26:20,110,Delivered
5111,27-03-2015,18:46:46,110,Cancelled
5112,27-03-2015,18:54:36,106,Cancelled
5113,27-03-2015,19:14:27,105,Delivered
5114,27-03-2015,19:15:56,109,Failed
5115,27-03-2015,19:18:58,102,Cancelled
5116,27-03-2015,19:30:46,102,Delivered
5117,27-03-2015,19:33:52,108,Delivered
5118,27-03-2015,19:40:48,109,Delivered
5119,27-03-2015,19:50:43,107,Delivered
5120,27-03-2015,19:59:09,101,Cancelled
5121,27-03-2015,20:03:34,106,Delivered
5122,27-03-2015,20:26:45,103,Delivered
5123,27-03-2015,20:28:06,103,Cancelled
5124,27-03-2015,20:53:44,105,Failed
5125,27-03-2015,21:08:30,109,Success
5126,27-03-2015,21:21:49,102,Failed
5127,27-03-2015,21:43:10,101,Delivered
5128,27-03-2015,21:58:19,101,Cancelled
5129,27-03-2015,22:16:53,108,Delivered
5130,27-03-2015,22:19:13,110,Failed
5131,27-03-2015,22:37:50,105,Success
5132,27-03-2015,22:52:56,110,Failed
5133,28-03-2015,11:41:16,107,Cancelled
5134,28-03-2015,12:15:35,110,Failed
5135,28-03-2015,12:17:36,103,Failed
5136,28-03-2015,12:37:40,106,Delivered
5137,28-03-2015,12:40:38,109,Delivered
5138,28-03-2015,12:40:47,105,Failed
5139,28-03-2015,12:42:22,108,Cancelled
5140,28-03-2015,12:45:45,108,Failed
5141,28-03-2015,12:57:51,104,Failed
5142,28-03-2015,13:35:21,109,Cancelled
5143,28-03-2015,13:47:27,108,Delivered
5144,28-03-2015,13:58:24,104,Delivered
5145,28-03-2015,14:15:53,102,Delivered
5146,28-03-2015,14:19:34,102,Success
5147,28-03-2015,14:44:43,108,Delivered
5148,28-03-2015,14:48:02,104,Delivered
5149,28-03-2015,14:48:50,107,Success
5150,28-03-2015,15:08:03,101,Cancelled
5151,28-03-2015,15:08:24,104,Delivered
5152,28-03-2015,15:14:42,107,Delivered
5153,28-03-2015,15:23:30,108,Cancelled
5154,28-03-2015,15:50:03,108,Success
5155,28-03-2015,16:03:23,103,Cancelled
5156,28-03-2015,16:07:33,110,Cancelled
5157,28-03-2015,16:09:26,103,Failed
5158,28-03-2015,16:16:37,110,Success
5159,28-03-2015,16:38:35,105,Delivered
5160,28-03-2015,16:53:33,110,Delivered
5161,28-03-2015,16:56:08,106,Delivered
5162,28-03-2015,16:59:31,103,Delivered
5163,28-03-2015,17:08:46,109,Delivered
5164,28-03-2015,17:14:30,104,Failed
5165,28-03-2015,17:26:43,105,Failed
5166,28-03-2015,17:47:46,110,Failed
5167,28-03-2015,17:55:48,103,Success
5168,28-03-2015,17:58:23,109,Cancelled
5169,28-03-2015,18:04:45,110,Failed
5170,28-03-2015,18:12:16,110,Delivered
5171,28-03-2015,18:43:40,101,Success
5172,28-03-2015,18:49:27,103,Cancelled
5173,28-03-2015,18:55:29,105,Failed
5174,28-03-2015,18:55:54,108,Delivered
5175,28-03-2015,19:25:20,105,Delivered
5176,28-03-2015,19:28:49,101,Cancelled
5177,28-03-2015,19:35:27,104,Cancelled
5178,28-03-2015,19:37:09,103,Success
5179,28-03-2015,19:45:19,104,Delivered
5180,28-03-2015,19:48:11,103,Cancelled
5181,28-03-2015,19:54:39,108,Success
5182,28-03-2015,20:05:31,104,Delivered
5183,28-03-2015,20:13:50,102,Delivered
5184,28-03-2015,20:20:01,109,Success
5185,28-03-2015,20:24:32,105,Delivered
5186,28-03-2015,20:28:50,103,Success
5187,28-03-2015,20:39:16,106,Success
5188,28-03-2015,20:43:58,108,Cancelled
5189,28-03-2015,20:48:40,106,Delivered
5190,28-03-2015,22:27:17,106,Success
5191,28-03-2015,22:34:56,106,Success
5192,28-03-2015,22:43:32,110,Delivered
5193,29-03-2015,11:32:32,107,Delivered
5194,29-03-2015,11:39:53,103,Failed
5195,29-03-2015,11:40:17,105,Cancelled
5196,29-03-2015,12:03:04,102,Success
5197,29-03-2015,12:07:16,110,Cancelled
5198,29-03-2015,12:09:12,108,Delivered
5199,29-03-2015,12:12:15,106,Cancelled
5200,29-03-2015,12:32:07,105,Success
5201,29-03-2015,12:38:11,107,Delivered
5202,29-03-2015,13:00:19,107,Cancelled
5203,29-03-2015,13:45:56,108,Delivered
5204,29-03-2015,13:50:34,103,Delivered
5205,29-03-2015,13:54:15,102,Failed
5206,29-03-2015,13:58:37,103,Failed
5207,29-03-2015,14:06:28,110,Failed
5208,29-03-2015,14:15:37,110,Delivered
5209,29-03-2015,14:40:49,101,Delivered
5210,29-03-2015,14:48:09,105,Success
5211,29-03-2015,15:01:24,108,Cancelled
5212,29-03-2015,15:08:01,101,Cancelled
5213,29-03-2015,15:11:52,110,Cancelled
5214,29-03-2015,15:39:45,106,Delivered
5215,29-03-2015,15:59:36,106,Delivered
5216,29-03-2015,16:10:29,103,Failed
5217,29-03-2015,16:10:38,101,Success
5218,29-03-2015,16:17:59,104,Success
5219,29-03-2015,16:23:18,104,Cancelled
5220,29-03-2015,16:50:51,105,Cancelled
5221,29-03-2015,16:50:56,101,Delivered
5222,29-03-2015,16:58:46,108,Failed
5223,29-03-2015,16:59:08,108,Delivered
5224,29-03-2015,17:02:33,104,Cancelled
5225,29-03-2015,17:40:52,103,Delivered
5226,29-03-2015,17:43:56,106,Success
5227,29-03-2015,17:44:17,109,Delivered
5228,29-03-2015,17:47:22,106,Failed
5229,29-03-2015,18:33:39,101,Failed
5230,29-03-2015,18:37:13,104,Delivered
5231,29-03-2015,18:42:15,104,Failed
5232,29-03-2015,18:52:20,102,Failed
5233,29-03-2015,18:53:49,103,Success
5234,29-03-2015,19:05:13,108,Delivered
5235,29-03-2015,19:05:52,101,Delivered
5236,29-03-2015,19:09:56,103,Failed
5237,29-03-2015,19:17:09,101,Success
5238,29-03-2015,19:23:01,104,Success
5239,29-03-2015,19:23:31,105,Failed
5240,29-03-2015,19:43:26,101,Success
5241,29-03-2015,19:53:21,109,Success
5242,29-03-2015,19:56:06,104,Failed
5243,29-03-2015,20:03:49,103,Cancelled
5244,29-03-2015,20:26:29,107,Success
5245,29-03-2015,20:29:18,107,Failed
5246,29-03-2015,22:27:29,101,Delivered
5247,30-03-2015,10:50:46,110,Cancelled
5248,30-03-2015,11:15:48,102,Delivered
5249,30-03-2015,11:25:41,109,Failed
5250,30-03-2015,11:42:06,104,Delivered
5251,30-03-2015,11:52:18,109,Failed
5252,30-03-2015,12:12:58,105,Success
5253,30-03-2015,12:16:02,106,Cancelled
5254,30-03-2015,12:18:47,102,Failed
5255,30-03-2015,12:30:24,107,Failed
5256,30-03-2015,12:36:09,106,Success
5257,30-03-2015,12:37:26,102,Failed
5258,30-03-2015,12:44:10,110,Failed
5259,30-03-2015,12:52:24,103,Failed
5260,30-03-2015,12:57:03,106,Success
5261,30-03-2015,13:09:48,103,Cancelled
5262,30-03-2015,13:20:55,104,Cancelled
5263,30-03-2015,13:23:38,103,Cancelled
5264,30-03-2015,13:24:35,110,Failed
5265,30-03-2015,13:29:48,105,Cancelled
5266,30-03-2015,13:53:43,101,Cancelled
5267,30-03-2015,14:17:09,109,Failed
5268,30-03-2015,14:27:07,105,Failed
5269,30-03-2015,15:05:00,104,Delivered
5270,30-03-2015,15:12:32,108,Success
5271,30-03-2015,15:23:57,107,Delivered
5272,30-03-2015,15:39:12,104,Cancelled
5273,30-03-2015,15:41:35,108,Delivered
5274,30-03-2015,15:55:42,107,Success
5275,30-03-2015,16:00:53,109,Cancelled
5276,30-03-2015,16:17:55,108,Failed
5277,30-03-2015,16:18:59,102,Failed
5278,30-03-2015,16:41:21,103,Delivered
5279,30-03-2015,16:44:53,101,Success
5280,30-03-2015,16:52:59,109,Failed
5281,30-03-2015,16:56:04,101,Failed
5282,30-03-2015,17:01:37,103,Cancelled
5283,30-03-2015,17:09:36,105,Failed
5284,30-03-2015,17:11:39,106,Delivered
5285,30-03-2015,17:34:44,110,Success
5286,30-03-2015,17:49:12,101,Failed
5287,30-03-2015,18:03:19,101,Delivered
5288,30-03-2015,18:08:42,105,Success
5289,30-03-2015,18:17:13,103,Cancelled
5290,30-03-2015,18:18:27,103,Failed
5291,30-03-2015,18:22:03,103,Success
5292,30-03-2015,18:36:47,108,Failed
5293,30-03-2015,18:45:13,103,Delivered
5294,30-03-2015,18:50:34,107,Success
5295,30-03-2015,19:10:56,109,Failed
5296,30-03-2015,19:30:56,110,Cancelled
5297,30-03-2015,19:41:51,103,Failed
5298,30-03-2015,20:08:49,106,Success
5299,30-03-2015,20:10:10,108,Cancelled
5300,30-03-2015,20:17:59,107,Success
5301,30-03-2015,21:04:56,110,Cancelled
5302,30-03-2015,21:15:23,102,Delivered
5303,30-03-2015,21:15:27,102,Cancelled
5304,30-03-2015,21:16:48,106,Cancelled
5305,30-03-2015,21:34:09,103,Cancelled
5306,30-03-2015,21:35:15,101,Success
5307,30-03-2015,21:44:36,104,Failed
5308,30-03-2015,21:53:36,102,Cancelled
5309,31-03-2015,11:22:20,110,Success
5310,31-03-2015,12:00:51,101,Success
5311,31-03-2015,12:02:45,101,Cancelled
5312,31-03-2015,12:06:28,105,Delivered
5313,31-03-2015,12:24:23,107,Success
5314,31-03-2015,12:33:13,110,Cancelled
5315,31-03-2015,12:48:46,108,Success
5316,31-03-2015,12:59:45,109,Failed
5317,31-03-2015,13:04:13,108,Cancelled
5318,31-03-2015,13:11:16,108,Failed
5319,31-03-2015,13:19:18,108,Delivered
5320,31-03-2015,13:22:56,110,Failed
5321,31-03-2015,13:29:47,102,Failed
5322,31-03-2015,13:35:58,104,Success
5323,31-03-2015,13:41:03,107,Success
5324,31-03-2015,13:41:15,103,Cancelled
5325,31-03-2015,13:44:52,108,Cancelled
5326,31-03-2015,13:50:17,107,Cancelled
5327,31-03-2015,13:51:47,110,Failed
5328,31-03-2015,14:23:57,104,Success
5329,31-03-2015,14:48:27,108,Delivered
5330,31-03-2015,14:48:47,109,Delivered
5331,31-03-2015,14:50:38,110,Delivered
5332,31-03-2015,14:51:37,107,Cancelled
5333,31-03-2015,15:16:44,105,Failed
5334,31-03-2015,15:29:36,109,Success
5335,31-03-2015,15:31:09,108,Delivered
5336,31-03-2015,15:32:39,102,Failed
5337,31-03-2015,15:34:31,102,Delivered
5338,31-03-2015,16:06:36,108,Delivered
5339,31-03-2015,16:12:55,102,Success
5340,31-03-2015,16:21:00,107,Success
5341,31-03-2015,16:24:16,104,Failed
5342,31-03-2015,17:17:38,107,Delivered
5343,31-03-2015,17:19:08,108,Failed
5344,31-03-2015,17:22:40,101,Success
5345,31-03-2015,17:30:29,109,Delivered
5346,31-03-2015,17:30:58,106,Cancelled
5347,31-03-2015,17:33:17,107,Failed
5348,31-03-2015,17:37:44,105,Success
5349,31-03-2015,17:42:09,108,Failed
5350,31-03-2015,17:54:10,103,Delivered
5351,31-03-2015,18:04:00,103,Delivered
5352,31-03-2015,18:04:35,108,Success
5353,31-03-2015,18:40:10,106,Delivered
5354,31-03-2015,18:50:19,101,Failed
5355,31-03-2015,18:51:00,104,Failed
5356,31-03-2015,18:52:00,104,Delivered
5357,31-03-2015,18:55:22,108,Failed
5358,31-03-2015,19:07:27,104,Success
5359,31-03-2015,19:13:16,108,Delivered
5360,31-03-2015,19:15:48,106,Success
5361,31-03-2015,19:40:42,101,Cancelled
5362,31-03-2015,19:59:23,106,Failed
5363,31-03-2015,20:15:58,108,Failed
5364,31-03-2015,20:16:14,106,Success
5365,31-03-2015,20:31:48,102,Delivered
5366,31-03-2015,21:01:41,108,Failed
5367,31-03-2015,21:58:06,107,Cancelled
5368,31-03-2015,21:58:47,108,Failed
5369,31-03-2015,22:05:04,103,Failed
5370,31-03-2015,22:15:48,103,Success
5371,01-04-2015,11:17:06,103,Cancelled
5372,01-04-2015,11:42:11,109,Delivered
5373,01-04-2015,11:48:13,102,Failed
5374,01-04-2015,12:07:01,109,Failed
5375,01-04-2015,12:09:13,106,Cancelled
5376,01-04-2015,12:13:26,107,Delivered
5377,01-04-2015,12:17:20,108,Cancelled
5378,01-04-2015,12:32:00,105,Cancelled
5379,01-04-2015,12:35:05,105,Cancelled
5380,01-04-2015,12:40:08,106,Delivered
5381,01-04-2015,12:46:09,107,Success
5382,01-04-2015,12:46:11,104,Failed
5383,01-04-2015,12:49:09,107,Failed
5384,01-04-2015,12:55:14,110,Delivered
5385,01-04-2015,12:57:30,105,Failed
5386,01-04-2015,12:57:44,101,Failed
5387,01-04-2015,12:59:48,104,Success
5388,01-04-2015,13:12:00,110,Failed
5389,01-04-2015,13:32:58,107,Success
5390,01-04-2015,13:35:10,105,Failed
5391,01-04-2015,13:39:52,107,Cancelled
5392,01-04-2015,13:58:04,102,Delivered
5393,01-04-2015,13:59:22,110,Cancelled
5394,01-04-2015,14:05:26,102,Delivered
5395,01-04-2015,14:12:09,106,Success
5396,01-04-2015,14:41:29,102,Success
5397,01-04-2015,14:58:56,106,Failed
5398,01-04-2015,15:11:01,105,Delivered
5399,01-04-2015,15:12:18,110,Cancelled
5400,01-04-2015,15:35:16,102,Delivered
5401,01-04-2015,15:42:42,103,Delivered
5402,01-04-2015,15:54:54,102,Success
5403,01-04-2015,16:13:54,108,Delivered
5404,01-04-2015,16:19:31,105,Success
5405,01-04-2015,16:25:02,105,Cancelled
5406,01-04-2015,16:25:54,104,Success
5407,01-04-2015,16:38:26,104,Cancelled
5408,01-04-2015,17:22:22,106,Failed
5409,01-04-2015,17:23:17,110,Failed
5410,01-04-2015,17:34:22,110,Delivered
5411,01-04-2015,17:35:33,107,Delivered
5412,01-04-2015,17:39:42,108,Failed
5413,01-04-2015,17:56:07,102,Success
5414,01-04-2015,17:58:34,102,Cancelled
5415,01-04-2015,18:05:33,104,Cancelled
5416,01-04-2015,18:16:13,109,Success
5417,01-04-2015,18:35:42,104,Delivered
5418,01-04-2015,18:36:50,106,Success
5419,01-04-2015,19:04:32,105,Failed
5420,01-04-2015,19:06:29,110,Failed
5421,01-04-2015,19:17:13,107,Success
5422,01-04-2015,19:20:19,105,Cancelled
5423,01-04-2015,19:23:19,108,Delivered
5424,01-04-2015,19:29:17,110,Delivered
5425,01-04-2015,19:33:04,102,Delivered
5426,01-04-2015,19:39:53,103,Cancelled
5427,01-04-2015,19:48:16,102,Success
5428,01-04-2015,19:49:32,108,Success
5429,01-04-2015,19:54:31,105,Failed
5430,01-04-2015,20:08:29,106,Failed
5431,01-04-2015,20:27:58,101,Success
5432,01-04-2015,21:23:53,105,Failed
5433,01-04-2015,21:44:14,103,Success
5434,01-04-2015,21:57:37,108,Cancelled
5435,01-04-2015,22:02:06,105,Cancelled
5436,01-04-2015,22:14:04,102,Success
5437,01-04-2015,22:41:48,109,Delivered
5438,02-04-2015,11:37:27,103,Failed
5439,02-04-2015,11:40:19,109,Delivered
5440,02-04-2015,11:52:41,106,Delivered
5441,02-04-2015,11:53:01,106,Delivered
5442,02-04-2015,12:02:57,105,Cancelled
5443,02-04-2015,12:05:52,109,Failed
5444,02-04-2015,12:14:05,104,Cancelled
5445,02-04-2015,12:21:54,104,Success
5446,02-04-2015,12:30:18,107,Failed
5447,02-04-2015,12:36:01,104,Cancelled
5448,02-04-2015,12:41:56,101,Success
5449,02-04-2015,12:51:18,103,Success
5450,02-04-2015,12:52:00,105,Delivered
5451,02-04-2015,12:57:59,108,Delivered
5452,02-04-2015,12:58:32,101,Delivered
5453,02-04-2015,12:58:44,107,Success
5454,02-04-2015,12:59:47,105,Failed
5455,02-04-2015,13:01:17,102,Cancelled
5456,02-04-2015,13:01:37,102,Success
5457,02-04-2015,13:08:42,109,Cancelled
5458,02-04-2015,13:11:16,103,Cancelled
5459,02-04-2015,13:16:43,103,Success
5460,02-04-2015,13:27:25,109,Cancelled
5461,02-04-2015,13:50:18,106,Success
5462,02-04-2015,14:57:11,106,Failed
5463,02-04-2015,15:25:51,110,Failed
5464,02-04-2015,15:26:14,108,Failed
5465,02-04-2015,15:28:26,101,Delivered
5466,02-04-2015,15:29:15,101,Failed
5467,02-04-2015,15:45:57,101,Delivered
5468,02-04-2015,16:03:04,102,Success
5469,02-04-2015,16:23:58,105,Success
5470,02-04-2015,16:25:44,102,Failed
5471,02-04-2015,16:26:51,108,Failed
5472,02-04-2015,16:27:44,108,Failed
5473,02-04-2015,16:33:08,106,Delivered
5474,02-04-2015,16:59:43,108,Cancelled
5475,02-04-2015,17:07:48,105,Failed
5476,02-04-2015,17:08:36,101,Delivered
5477,02-04-2015,17:17:20,107,Success
5478,02-04-2015,17:19:53,106,Cancelled
5479,02-04-2015,17:32:17,109,Delivered
5480,02-04-2015,17:48:05,102,Cancelled
5481,02-04-2015,17:57:40,107,Failed
5482,02-04-2015,18:06:43,101,Success
5483,02-04-2015,18:15:08,110,Cancelled
5484,02-04-2015,18:27:15,102,Failed
5485,02-04-2015,18:27:22,107,Delivered
5486,02-04-2015,18:30:14,107,Delivered
5487,02-04-2015,19:19:54,101,Cancelled
5488,02-04-2015,19:22:17,101,Failed
5489,02-04-2015,19:27:27,109,Delivered
5490,02-04-2015,19:51:51,107,Failed
5491,02-04-2015,20:04:13,110,Cancelled
5492,02-04-2015,20:52:16,108,Delivered
5493,02-04-2015,20:52:41,106,Failed
5494,02-04-2015,21:04:03,106,Success
5495,02-04-2015,21:06:39,103,Success
5496,02-04-2015,21:41:03,107,Cancelled
5497,02-04-2015,22:13:02,105,Delivered
5498,02-04-2015,22:15:45,107,Cancelled
5499,02-04-2015,22:27:54,107,Cancelled
5500,03-04-2015,11:22:06,105,Failed
5501,03-04-2015,11:40:05,108,Success
5502,03-04-2015,11:44:44,105,Cancelled
5503,03-04-2015,12:02:33,109,Failed
5504,03-04-2015,12:07:15,106,Cancelled
5505,03-04-2015,12:09:00,106,Delivered
5506,03-04-2015,12:22:11,105,Failed
5507,03-04-2015,12:29:18,102,Cancelled
5508,03-04-2015,12:31:10,110,Failed
5509,03-04-2015,12:33:41,110,Cancelled
5510,03-04-2015,12:43:38,109,Cancelled
5511,03-04-2015,12:55:54,103,Failed
5512,03-04-2015,12:59:05,109,Success
5513,03-04-2015,13:03:41,110,Delivered
5514,03-04-2015,13:19:23,104,Success
5515,03-04-2015,13:24:51,103,Success
5516,03-04-2015,13:29:45,110,Failed
5517,03-04-2015,13:39:40,110,Cancelled
5518,03-04-2015,13:46:06,102,Failed
5519,03-04-2015,13:46:32,107,Cancelled
5520,03-04-2015,13:47:13,104,Cancelled
5521,03-04-2015,14:09:35,109,Failed
5522,03-04-2015,14:41:41,102,Failed
5523,03-04-2015,14:47:14,106,Failed
5524,03-04-2015,14:56:00,105,Delivered
5525,03-04-2015,15:19:53,109,Failed
5526,03-04-2015,15:21:49,104,Delivered
5527,03-04-2015,15:31:12,108,Cancelled
5528,03-04-2015,15:57:56,101,Success
5529,03-04-2015,16:16:53,107,Failed
5530,03-04-2015,16:23:57,102,Cancelled
5531,03-04-2015,16:25:44,110,Success
5532,03-04-2015,16:39:02,101,Failed
5533,03-04-2015,16:40:10,102,Cancelled
5534,03-04-2015,17:04:30,101,Success
5535,03-04-2015,17:19:22,106,Success
5536,03-04-2015,17:22:10,103,Success
5537,03-04-2015,17:49:38,101,Delivered
5538,03-04-2015,18:01:29,102,Delivered
5539,03-04-2015,18:13:35,108,Delivered
5540,03-04-2015,18:13:45,102,Delivered
5541,03-04-2015,18:25:22,107,Failed
5542,03-04-2015,18:44:00,107,Delivered
5543,03-04-2015,18:48:12,104,Delivered
5544,03-04-2015,19:04:14,110,Success
5545,03-04-2015,19:05:13,109,Delivered
5546,03-04-2015,19:26:13,106,Cancelled
5547,03-04-2015,19:27:22,106,Cancelled
5548,03-04-2015,19:30:34,105,Delivered
5549,03-04-2015,19:40:36,108,Delivered
5550,03-04-2015,19:52:03,103,Failed
5551,03-04-2015,20:15:25,101,Delivered
5552,03-04-2015,20:20:16,107,Delivered
5553,03-04-2015,20:25:28,102,Failed
5554,03-04-2015,20:28:49,109,Cancelled
5555,03-04-2015,20:39:59,109,Cancelled
5556,03-04-2015,20:42:09,106,Cancelled
5557,03-04-2015,21:05:38,109,Failed
5558,03-04-2015,21:48:03,101,Delivered
5559,03-04-2015,21:55:15,107,Delivered
5560,03-04-2015,22:05:31,107,Success
5561,03-04-2015,22:08:55,103,Cancelled
5562,03-04-2015,22:12:28,110,Failed
5563,03-04-2015,22:40:27,104,Success
5564,04-04-2015,10:43:04,109,Delivered
5565,04-04-2015,12:06:43,103,Success
5566,04-04-2015,12:20:36,104,Cancelled
5567,04-04-2015,12:27:39,103,Failed
5568,04-04-2015,12:39:43,109,Cancelled
5569,04-04-2015,12:58:24,107,Cancelled
5570,04-04-2015,13:02:52,107,Failed
5571,04-04-2015,13:10:43,106,Delivered
5572,04-04-2015,13:29:09,104,Failed
5573,04-04-2015,13:38:23,109,Cancelled
5574,04-04-2015,13:45:41,107,Cancelled
5575,04-04-2015,13:49:37,107,Delivered
5576,04-04-2015,13:54:50,108,Failed
5577,04-04-2015,13:56:42,102,Cancelled
5578,04-04-2015,13:58:27,110,Delivered
5579,04-04-2015,14:04:05,101,Cancelled
5580,04-04-2015,14:09:08,104,Failed
5581,04-04-2015,14:22:39,108,Cancelled
5582,04-04-2015,14:32:19,107,Delivered
5583,04-04-2015,14:40:40,108,Delivered
5584,04-04-2015,14:49:49,108,Delivered
5585,04-04-2015,15:30:04,103,Success
5586,04-04-2015,15:38:51,101,Cancelled
5587,04-04-2015,16:00:38,109,Delivered
5588,04-04-2015,16:18:37,101,Success
5589,04-04-2015,16:18:40,101,Success
5590,04-04-2015,16:40:26,102,Success
5591,04-04-2015,16:44:53,102,Cancelled
5592,04-04-2015,16:49:43,106,Cancelled
5593,04-04-2015,17:01:19,106,Delivered
5594,04-04-2015,17:23:24,109,Delivered
5595,04-04-2015,17:38:43,101,Success
5596,04-04-2015,18:14:44,109,Cancelled
5597,04-04-2015,18:16:51,109,Cancelled
5598,04-04-2015,18:17:10,108,Failed
5599,04-04-2015,18:19:49,107,Success
5600,04-04-2015,18:31:43,105,Success
5601,04-04-2015,18:34:34,108,Delivered
5602,04-04-2015,18:44:46,104,Cancelled
5603,04-04-2015,18:48:29,110,Success
5604,04-04-2015,18:49:41,103,Cancelled
5605,04-04-2015,19:04:01,107,Delivered
5606,04-04-2015,19:19:10,108,Cancelled
5607,04-04-2015,19:25:28,107,Cancelled
5608,04-04-2015,19:32:03,108,Delivered
5609,04-04-2015,19:36:07,106,Cancelled
5610,04-04-2015,19:39:31,106,Cancelled
5611,04-04-2015,19:46:39,103,Failed
5612,04-04-2015,20:01:53,110,Success
5613,04-04-2015,20:31:44,104,Delivered
5614,04-04-2015,20:35:00,103,Success
5615,04-04-2015,20:37:20,107,Delivered
5616,04-04-2015,20:42:02,110,Failed
5617,04-04-2015,20:48:01,102,Success
5618,04-04-2015,20:48:05,103,Failed
5619,04-04-2015,20:54:38,109,Failed
5620,04-04-2015,20:55:21,102,Delivered
5621,04-04-2015,20:58:16,105,Failed
5622,04-04-2015,21:11:37,107,Success
5623,04-04-2015,21:43:08,109,Delivered
5624,04-04-2015,21:44:25,107,Delivered
5625,04-04-2015,21:47:14,109,Cancelled
5626,04-04-2015,21:50:27,108,Cancelled
5627,04-04-2015,22:07:55,101,Success
5628,04-04-2015,22:39:46,107,Delivered
5629,04-04-2015,22:49:14,104,Success
5630,05-04-2015,11:40:31,110,Delivered
5631,05-04-2015,12:01:49,109,Failed
5632,05-04-2015,12:35:42,101,Delivered
5633,05-04-2015,12:46:30,107,Cancelled
5634,05-04-2015,13:04:21,108,Delivered
5635,05-04-2015,13:08:43,109,Cancelled
5636,05-04-2015,13:10:26,104,Success
5637,05-04-2015,13:10:49,107,Success
5638,05-04-2015,13:15:08,107,Success
5639,05-04-2015,13:15:51,103,Failed
5640,05-04-2015,13:18:59,109,Success
5641,05-04-2015,13:25:38,106,Cancelled
5642,05-04-2015,13:41:46,103,Success
5643,05-04-2015,14:20:34,102,Delivered
5644,05-04-2015,14:44:01,108,Cancelled
5645,05-04-2015,15:03:02,108,Failed
5646,05-04-2015,16:01:33,107,Success
5647,05-04-2015,16:04:16,105,Success
5648,05-04-2015,16:08:55,110,Success
5649,05-04-2015,16:18:13,108,Success
5650,05-04-2015,16:25:44,103,Delivered
5651,05-04-2015,16:26:41,107,Delivered
5652,05-04-2015,16:58:44,108,Failed
5653,05-04-2015,17:07:51,101,Delivered
5654,05-04-2015,17:14:11,101,Success
5655,05-04-2015,17:23:09,106,Delivered
5656,05-04-2015,17:23:13,105,Cancelled
5657,05-04-2015,17:29:12,109,Delivered
5658,05-04-2015,17:52:09,103,Delivered
5659,05-04-2015,17:56:32,106,Failed
5660,05-04-2015,18:08:18,105,Delivered
5661,05-04-2015,18:13:07,106,Success
5662,05-04-2015,18:41:43,107,Success
5663,05-04-2015,18:43:41,109,Failed
5664,05-04-2015,18:46:08,105,Cancelled
5665,05-04-2015,18:55:38,106,Success
5666,05-04-2015,18:59:27,102,Cancelled
5667,05-04-2015,19:02:15,105,Success
5668,05-04-2015,19:04:09,102,Delivered
5669,05-04-2015,19:04:56,102,Failed
5670,05-04-2015,19:14:15,110,Success
5671,05-04-2015,19:27:29,106,Cancelled
5672,05-04-2015,19:41:02,108,Failed
5673,05-04-2015,19:42:58,110,Failed
5674,05-04-2015,19:49:10,106,Cancelled
5675,05-04-2015,20:37:35,101,Cancelled
5676,05-04-2015,20:55:34,108,Cancelled
5677,05-04-2015,21:14:50,104,Failed
5678,05-04-2015,21:31:01,109,Success
5679,05-04-2015,22:15:18,101,Failed
5680,06-04-2015,11:17:26,104,Delivered
5681,06-04-2015,11:28:53,104,Delivered
5682,06-04-2015,11:51:22,103,Cancelled
5683,06-04-2015,11:53:14,103,Cancelled
5684,06-04-2015,12:19:55,109,Failed
5685,06-04-2015,12:22:07,110,Delivered
5686,06-04-2015,12:23:03,109,Failed
5687,06-04-2015,12:24:21,101,Failed
5688,06-04-2015,12:26:32,105,Delivered
5689,06-04-2015,12:28:28,101,Failed
5690,06-04-2015,12:35:24,103,Delivered
5691,06-04-2015,12:36:22,110,Delivered
5692,06-04-2015,12:37:11,107,Delivered
5693,06-04-2015,12:37:49,109,Delivered
5694,06-04-2015,12:50:40,105,Failed
5695,06-04-2015,13:05:37,106,Failed
5696,06-04-2015,13:09:04,101,Cancelled
5697,06-04-2015,13:14:37,110,Cancelled
5698,06-04-2015,13:18:50,108,Cancelled
5699,06-04-2015,13:19:39,110,Cancelled
5700,06-04-2015,13:25:16,106,Success
5701,06-04-2015,13:36:12,110,Delivered
5702,06-04-2015,13:40:17,105,Success
5703,06-04-2015,13:54:31,107,Cancelled
5704,06-04-2015,14:29:49,107,Success
5705,06-04-2015,14:30:23,109,Delivered
5706,06-04-2015,14:59:10,102,Success
5707,06-04-2015,15:20:28,102,Delivered
5708,06-04-2015,15:33:14,104,Failed
5709,06-04-2015,15:56:17,110,Failed
5710,06-04-2015,16:08:24,104,Success
5711,06-04-2015,16:52:56,102,Cancelled
5712,06-04-2015,17:00:23,106,Failed
5713,06-04-2015,17:12:17,107,Cancelled
5714,06-04-2015,17:22:00,104,Delivered
5715,06-04-2015,17:31:03,101,Failed
5716,06-04-2015,17:34:39,107,Cancelled
5717,06-04-2015,17:36:25,104,Failed
5718,06-04-2015,17:41:57,105,Failed
5719,06-04-2015,18:00:47,102,Success
5720,06-04-2015,18:02:28,109,Failed
5721,06-04-2015,18:25:13,110,Cancelled
5722,06-04-2015,18:35:58,103,Failed
5723,06-04-2015,18:40:21,104,Delivered
5724,06-04-2015,18:49:31,101,Cancelled
5725,06-04-2015,18:59:17,110,Delivered
5726,06-04-2015,19:03:24,102,Failed
5727,06-04-2015,19:05:51,104,Success
5728,06-04-2015,19:12:00,109,Success
5729,06-04-2015,19:21:19,109,Success
5730,06-04-2015,19:37:46,110,Delivered
5731,06-04-2015,19:54:50,107,Failed
5732,06-04-2015,20:08:50,110,Success
5733,06-04-2015,20:34:47,106,Success
5734,06-04-2015,20:59:14,102,Failed
5735,06-04-2015,21:12:12,110,Success
5736,06-04-2015,21:12:44,106,Cancelled
5737,06-04-2015,21:15:42,107,Success
5738,06-04-2015,21:38:52,109,Cancelled
5739,06-04-2015,22:14:47,104,Cancelled
5740,07-04-2015,11:57:44,102,Failed
5741,07-04-2015,12:12:46,105,Delivered
5742,07-04-2015,12:15:00,107,Cancelled
5743,07-04-2015,12:18:00,104,Cancelled
5744,07-04-2015,12:19:05,108,Success
5745,07-04-2015,12:38:22,107,Delivered
5746,07-04-2015,12:38:50,108,Delivered
5747,07-04-2015,12:46:04,109,Success
5748,07-04-2015,12:48:42,110,Delivered
5749,07-04-2015,12:51:50,109,Success
5750,07-04-2015,12:52:30,106,Failed
5751,07-04-2015,12:55:04,101,Failed
5752,07-04-2015,13:00:25,108,Delivered
5753,07-04-2015,13:21:46,101,Cancelled
5754,07-04-2015,13:34:08,102,Failed
5755,07-04-2015,13:55:21,108,Failed
5756,07-04-2015,13:58:02,101,Cancelled
5757,07-04-2015,14:11:29,107,Delivered
5758,07-04-2015,14:29:55,103,Success
5759,07-04-2015,14:35:44,101,Cancelled
5760,07-04-2015,14:37:43,105,Cancelled
5761,07-04-2015,14:51:02,101,Failed
5762,07-04-2015,14:59:31,107,Success
5763,07-04-2015,15:32:57,101,Failed
5764,07-04-2015,15:45:47,110,Success
5765,07-04-2015,16:23:10,101,Cancelled
5766,07-04-2015,16:24:11,105,Success
5767,07-04-2015,16:33:34,106,Cancelled
5768,07-04-2015,16:35:54,103,Delivered
5769,07-04-2015,16:43:46,109,Failed
5770,07-04-2015,16:58:37,107,Failed
5771,07-04-2015,17:22:22,110,Failed
5772,07-04-2015,17:28:34,110,Cancelled
5773,07-04-2015,17:43:39,105,Cancelled
5774,07-04-2015,17:45:40,105,Failed
5775,07-04-2015,17:49:16,110,Cancelled
5776,07-04-2015,17:50:59,109,Failed
5777,07-04-2015,18:00:25,103,Success
5778,07-04-2015,18:06:32,102,Cancelled
5779,07-04-2015,18:10:19,107,Delivered
5780,07-04-2015,18:19:40,103,Delivered
5781,07-04-2015,18:23:39,103,Delivered
5782,07-04-2015,18:29:24,105,Cancelled
5783,07-04-2015,18:42:32,105,Cancelled
5784,07-04-2015,18:54:29,110,Cancelled
5785,07-04-2015,18:59:03,110,Delivered
5786,07-04-2015,19:03:46,101,Cancelled
5787,07-04-2015,19:17:28,103,Delivered
5788,07-04-2015,20:32:57,101,Failed
5789,07-04-2015,20:42:36,101,Cancelled
5790,07-04-2015,20:44:10,107,Delivered
5791,07-04-2015,20:54:24,106,Success
5792,07-04-2015,20:56:16,102,Delivered
5793,07-04-2015,21:18:23,110,Failed
5794,07-04-2015,21:21:33,104,Failed
5795,07-04-2015,21:30:19,104,Cancelled
5796,07-04-2015,21:41:31,110,Cancelled
5797,07-04-2015,22:12:53,107,Delivered
5798,07-04-2015,22:19:54,107,Delivered
5799,07-04-2015,22:25:10,108,Failed
5800,07-04-2015,22:45:55,107,Failed
5801,08-04-2015,11:26:25,101,Success
5802,08-04-2015,11:29:19,102,Success
5803,08-04-2015,11:48:16,109,Success
5804,08-04-2015,11:54:55,106,Failed
5805,08-04-2015,11:55:39,103,Failed
5806,08-04-2015,12:02:59,101,Success
5807,08-04-2015,12:17:46,109,Cancelled
5808,08-04-2015,12:21:46,104,Success
5809,08-04-2015,12:52:36,108,Delivered
5810,08-04-2015,13:01:08,107,Success
5811,08-04-2015,13:04:04,107,Success
5812,08-04-2015,13:05:07,104,Failed
5813,08-04-2015,13:09:08,107,Delivered
5814,08-04-2015,13:09:22,105,Failed
5815,08-04-2015,13:21:49,102,Delivered
5816,08-04-2015,13:28:52,104,Cancelled
5817,08-04-2015,13:35:27,109,Delivered
5818,08-04-2015,13:43:06,105,Delivered
5819,08-04-2015,13:51:06,103,Failed
5820,08-04-2015,13:51:43,101,Cancelled
5821,08-04-2015,13:57:22,107,Success
5822,08-04-2015,14:17:43,101,Failed
5823,08-04-2015,15:06:11,104,Failed
5824,08-04-2015,15:07:05,105,Failed
5825,08-04-2015,15:09:55,104,Cancelled
5826,08-04-2015,15:38:11,108,Success
5827,08-04-2015,15:47:11,104,Cancelled
5828,08-04-2015,15:48:10,105,Delivered
5829,08-04-2015,16:03:51,104,Delivered
5830,08-04-2015,16:15:22,106,Delivered
5831,08-04-2015,16:24:23,102,Cancelled
5832,08-04-2015,16:30:57,101,Delivered
5833,08-04-2015,16:55:41,104,Success
5834,08-04-2015,17:02:23,104,Failed
5835,08-04-2015,17:06:25,107,Cancelled
5836,08-04-2015,17:08:13,101,Cancelled
5837,08-04-2015,17:20:27,109,Cancelled
5838,08-04-2015,17:26:47,107,Cancelled
5839,08-04-2015,17:28:26,107,Failed
5840,08-04-2015,17:34:25,106,Delivered
5841,08-04-2015,17:51:27,106,Cancelled
5842,08-04-2015,17:52:51,102,Failed
5843,08-04-2015,18:01:46,106,Cancelled
5844,08-04-2015,18:05:09,107,Success
5845,08-04-2015,18:12:41,103,Cancelled
5846,08-04-2015,18:13:18,103,Cancelled
5847,08-04-2015,18:15:13,103,Success
5848,08-04-2015,18:56:59,106,Success
5849,08-04-2015,19:15:14,110,Failed
5850,08-04-2015,19:20:06,101,Cancelled
5851,08-04-2015,19:20:09,107,Success
5852,08-04-2015,19:53:47,108,Success
5853,08-04-2015,19:56:04,101,Delivered
5854,08-04-2015,20:55:54,107,Delivered
5855,08-04-2015,21:04:10,106,Failed
5856,08-04-2015,21:10:21,101,Failed
5857,08-04-2015,21:40:16,107,Delivered
5858,08-04-2015,21:50:44,108,Delivered
5859,08-04-2015,21:54:12,103,Failed
5860,08-04-2015,22:15:29,109,Cancelled
5861,09-04-2015,11:21:39,105,Failed
5862,09-04-2015,11:24:46,105,Failed
5863,09-04-2015,11:28:53,103,Success
5864,09-04-2015,11:46:08,107,Cancelled
5865,09-04-2015,11:49:03,105,Cancelled
5866,09-04-2015,11:56:03,106,Delivered
5867,09-04-2015,12:13:12,105,Cancelled
5868,09-04-2015,12:18:34,107,Failed
5869,09-04-2015,12:35:29,109,Failed
5870,09-04-2015,12:43:36,103,Cancelled
5871,09-04-2015,13:04:30,108,Delivered
5872,09-04-2015,13:07:26,106,Failed
5873,09-04-2015,13:24:08,105,Failed
5874,09-04-2015,13:31:53,105,Failed
5875,09-04-2015,13:43:54,110,Delivered
5876,09-04-2015,13:58:09,107,Delivered
5877,09-04-2015,14:01:00,102,Delivered
5878,09-04-2015,14:08:57,103,Success
5879,09-04-2015,14:29:46,106,Success
5880,09-04-2015,14:31:22,104,Delivered
5881,09-04-2015,15:15:22,106,Success
5882,09-04-2015,15:42:13,108,Cancelled
5883,09-04-2015,15:51:48,102,Success
5884,09-04-2015,16:19:05,108,Cancelled
5885,09-04-2015,16:26:34,110,Failed
5886,09-04-2015,16:27:39,107,Cancelled
5887,09-04-2015,16:47:58,108,Failed
5888,09-04-2015,16:52:15,104,Failed
5889,09-04-2015,16:55:07,105,Cancelled
5890,09-04-2015,17:03:47,103,Delivered
5891,09-04-2015,17:17:40,110,Failed
5892,09-04-2015,17:35:32,108,Cancelled
5893,09-04-2015,17:35:35,110,Success
5894,09-04-2015,17:56:22,109,Success
5895,09-04-2015,17:59:58,103,Cancelled
5896,09-04-2015,18:06:01,107,Failed
5897,09-04-2015,18:08:04,110,Success
5898,09-04-2015,18:09:08,104,Delivered
5899,09-04-2015,18:12:18,108,Failed
5900,09-04-2015,18:13:22,110,Failed
5901,09-04-2015,18:38:57,110,Success
5902,09-04-2015,18:45:49,105,Delivered
5903,09-04-2015,18:48:15,104,Success
5904,09-04-2015,19:34:36,105,Delivered
5905,09-04-2015,19:57:23,105,Failed
5906,09-04-2015,20:11:35,106,Failed
5907,09-04-2015,20:22:02,101,Success
5908,09-04-2015,20:22:32,101,Failed
5909,09-04-2015,20:30:30,103,Failed
5910,09-04-2015,20:32:20,109,Success
5911,09-04-2015,22:25:34,104,Delivered
5912,09-04-2015,22:51:13,101,Failed
5913,10-04-2015,11:16:11,105,Cancelled
5914,10-04-2015,11:21:02,107,Delivered
5915,10-04-2015,11:36:59,110,Delivered
5916,10-04-2015,11:59:30,101,Cancelled
5917,10-04-2015,12:09:48,108,Cancelled
5918,10-04-2015,12:12:04,110,Success
5919,10-04-2015,12:20:35,107,Cancelled
5920,10-04-2015,12:22:12,105,Delivered
5921,10-04-2015,12:42:18,110,Delivered
5922,10-04-2015,12:44:58,102,Failed
5923,10-04-2015,12:48:56,107,Success
5924,10-04-2015,12:49:03,104,Cancelled
5925,10-04-2015,13:11:42,106,Cancelled
5926,10-04-2015,13:33:15,108,Success
5927,10-04-2015,14:02:08,104,Failed
5928,10-04-2015,14:07:18,108,Success
5929,10-04-2015,14:40:44,104,Failed
5930,10-04-2015,14:44:44,110,Success
5931,10-04-2015,15:24:08,103,Failed
5932,10-04-2015,15:38:26,102,Success
5933,10-04-2015,15:48:53,102,Failed
5934,10-04-2015,15:52:10,107,Cancelled
5935,10-04-2015,16:03:39,102,Failed
5936,10-04-2015,16:06:38,101,Failed
5937,10-04-2015,16:32:42,108,Success
5938,10-04-2015,16:36:41,109,Failed
5939,10-04-2015,16:51:10,101,Failed
5940,10-04-2015,16:59:45,110,Delivered
5941,10-04-2015,17:31:21,108,Delivered
5942,10-04-2015,17:32:27,102,Cancelled
5943,10-04-2015,17:38:18,109,Success
5944,10-04-2015,17:39:50,108,Delivered
5945,10-04-2015,17:40:18,109,Cancelled
5946,10-04-2015,17:40:25,105,Cancelled
5947,10-04-2015,17:43:16,109,Success
5948,10-04-2015,17:47:43,107,Cancelled
5949,10-04-2015,17:56:11,104,Delivered
5950,10-04-2015,18:31:17,102,Failed
5951,10-04-2015,18:35:27,101,Failed
5952,10-04-2015,18:41:00,105,Success
5953,10-04-2015,18:41:10,102,Delivered
5954,10-04-2015,18:51:44,105,Failed
5955,10-04-2015,18:56:04,101,Failed
5956,10-04-2015,20:02:50,108,Success
5957,10-04-2015,20:04:44,108,Delivered
5958,10-04-2015,20:32:49,110,Failed
5959,10-04-2015,20:42:32,102,Success
5960,10-04-2015,20:44:30,104,Success
5961,10-04-2015,20:44:46,106,Failed
5962,10-04-2015,20:46:24,103,Success
5963,10-04-2015,20:48:13,110,Cancelled
5964,10-04-2015,20:54:55,108,Delivered
5965,10-04-2015,20:55:03,102,Cancelled
5966,10-04-2015,21:27:13,106,Cancelled
5967,10-04-2015,21:44:55,105,Failed
5968,10-04-2015,22:13:32,102,Delivered
5969,10-04-2015,22:27:42,110,Failed
5970,10-04-2015,22:45:45,106,Delivered
5971,10-04-2015,23:04:43,101,Delivered
5972,11-04-2015,11:58:01,104,Delivered
5973,11-04-2015,12:12:14,107,Success
5974,11-04-2015,12:19:49,105,Delivered
5975,11-04-2015,13:07:51,106,Success
5976,11-04-2015,13:08:43,110,Cancelled
5977,11-04-2015,13:13:40,103,Cancelled
5978,11-04-2015,13:33:39,108,Success
5979,11-04-2015,13:35:53,103,Failed
5980,11-04-2015,13:41:05,107,Cancelled
5981,11-04-2015,14:10:29,107,Failed
5982,11-04-2015,14:23:12,105,Cancelled
5983,11-04-2015,14:29:47,102,Cancelled
5984,11-04-2015,14:35:52,110,Cancelled
5985,11-04-2015,15:01:55,110,Cancelled
5986,11-04-2015,15:07:21,110,Cancelled
5987,11-04-2015,15:20:02,104,Delivered
5988,11-04-2015,15:38:07,105,Failed
5989,11-04-2015,15:47:31,107,Failed
5990,11-04-2015,15:55:33,107,Success
5991,11-04-2015,15:55:54,101,Success
5992,11-04-2015,15:56:32,108,Cancelled
5993,11-04-2015,16:11:14,109,Delivered
5994,11-04-2015,16:12:05,104,Cancelled
5995,11-04-2015,16:19:00,107,Delivered
5996,11-04-2015,16:25:01,101,Delivered
5997,11-04-2015,16:29:38,109,Failed
5998,11-04-2015,16:31:58,101,Failed
5999,11-04-2015,16:53:40,102,Failed
6000,11-04-2015,17:02:26,110,Delivered
6001,11-04-2015,17:09:38,110,Failed
6002,11-04-2015,17:10:39,105,Failed
6003,11-04-2015,17:19:57,108,Delivered
6004,11-04-2015,17:51:56,104,Cancelled
6005,11-04-2015,18:05:07,105,Delivered
6006,11-04-2015,18:13:26,105,Delivered
6007,11-04-2015,18:25:17,101,Failed
6008,11-04-2015,18:31:11,102,Cancelled
6009,11-04-2015,18:40:00,101,Success
6010,11-04-2015,18:44:44,103,Cancelled
6011,11-04-2015,18:48:21,101,Success
6012,11-04-2015,18:57:27,102,Delivered
6013,11-04-2015,19:09:37,101,Cancelled
6014,11-04-2015,19:11:32,107,Failed
6015,11-04-2015,19:12:57,101,Cancelled
6016,11-04-2015,19:38:31,104,Delivered
6017,11-04-2015,19:48:39,101,Delivered
6018,11-04-2015,20:10:16,101,Cancelled
6019,11-04-2015,20:10:58,105,Delivered
6020,11-04-2015,20:14:07,103,Cancelled
6021,11-04-2015,20:20:40,102,Success
6022,11-04-2015,20:42:22,106,Success
6023,11-04-2015,20:48:57,105,Delivered
6024,11-04-2015,20:52:58,109,Delivered
6025,11-04-2015,21:04:56,110,Success
6026,11-04-2015,21:26:27,109,Cancelled
6027,11-04-2015,21:26:33,107,Failed
6028,11-04-2015,21:40:13,103,Cancelled
6029,11-04-2015,21:40:38,105,Delivered
6030,11-04-2015,21:54:53,101,Failed
6031,11-04-2015,22:07:54,110,Success
6032,11-04-2015,22:43:36,109,Failed
6033,11-04-2015,22:44:27,107,Delivered
6034,11-04-2015,22:50:28,105,Failed
6035,12-04-2015,11:35:56,108,Cancelled
6036,12-04-2015,11:40:25,104,Cancelled
6037,12-04-2015,11:47:33,109,Delivered
6038,12-04-2015,11:51:07,108,Success
6039,12-04-2015,11:58:58,110,Delivered
6040,12-04-2015,12:02:01,110,Cancelled
6041,12-04-2015,12:09:18,105,Failed
6042,12-04-2015,12:15:07,105,Cancelled
6043,12-04-2015,12:21:18,107,Delivered
6044,12-04-2015,12:30:38,106,Cancelled
6045,12-04-2015,12:55:21,106,Failed
6046,12-04-2015,13:07:43,105,Cancelled
6047,12-04-2015,13:11:46,101,Cancelled
6048,12-04-2015,13:15:14,110,Failed
6049,12-04-2015,13:49:36,107,Cancelled
6050,12-04-2015,14:37:02,106,Success
6051,12-04-2015,14:44:11,109,Cancelled
6052,12-04-2015,14:48:07,103,Cancelled
6053,12-04-2015,15:02:56,107,Cancelled
6054,12-04-2015,15:10:44,110,Cancelled
6055,12-04-2015,15:39:22,103,Failed
6056,12-04-2015,15:55:20,103,Success
6057,12-04-2015,16:11:36,104,Delivered
6058,12-04-2015,16:39:27,105,Success
6059,12-04-2015,16:55:25,109,Failed
6060,12-04-2015,17:00:33,106,Success
6061,12-04-2015,17:02:05,109,Delivered
6062,12-04-2015,17:15:21,108,Failed
6063,12-04-2015,17:21:30,110,Delivered
6064,12-04-2015,17:35:05,106,Delivered
6065,12-04-2015,17:39:33,107,Failed
6066,12-04-2015,17:45:01,103,Cancelled
6067,12-04-2015,17:46:32,109,Delivered
6068,12-04-2015,17:55:24,105,Success
6069,12-04-2015,17:57:49,109,Cancelled
6070,12-04-2015,18:15:02,106,Success
6071,12-04-2015,18:35:38,102,Success
6072,12-04-2015,18:43:51,103,Delivered
6073,12-04-2015,18:58:29,108,Cancelled
6074,12-04-2015,19:07:03,108,Delivered
6075,12-04-2015,19:25:43,102,Cancelled
6076,12-04-2015,19:29:35,106,Failed
6077,12-04-2015,19:40:59,103,Failed
6078,12-04-2015,19:51:55,108,Failed
6079,12-04-2015,20:16:15,107,Failed
6080,12-04-2015,20:50:18,106,Delivered
6081,12-04-2015,20:57:35,105,Success
6082,12-04-2015,21:42:20,106,Cancelled
6083,12-04-2015,21:51:56,106,Failed
6084,12-04-2015,22:09:04,103,Failed
6085,12-04-2015,22:14:54,109,Success
6086,12-04-2015,22:16:05,106,Success
6087,12-04-2015,22:17:51,110,Delivered
6088,13-04-2015,11:38:20,101,Delivered
6089,13-04-2015,11:44:42,102,Failed
6090,13-04-2015,11:46:24,107,Failed
6091,13-04-2015,11:46:55,102,Cancelled
6092,13-04-2015,11:54:21,104,Success
6093,13-04-2015,11:56:54,106,Failed
6094,13-04-2015,12:00:11,103,Failed
6095,13-04-2015,12:18:34,107,Success
6096,13-04-2015,12:20:21,102,Failed
6097,13-04-2015,12:24:51,107,Cancelled
6098,13-04-2015,12:29:22,110,Success
6099,13-04-2015,12:33:45,108,Cancelled
6100,13-04-2015,12:36:41,109,Cancelled
6101,13-04-2015,12:49:26,110,Cancelled
6102,13-04-2015,13:00:43,106,Delivered
6103,13-04-2015,13:03:28,110,Failed
6104,13-04-2015,13:14:05,105,Delivered
6105,13-04-2015,13:15:09,102,Cancelled
6106,13-04-2015,13:17:46,103,Failed
6107,13-04-2015,13:24:54,102,Delivered
6108,13-04-2015,13:45:30,103,Cancelled
6109,13-04-2015,13:56:44,109,Failed
6110,13-04-2015,13:57:40,102,Success
6111,13-04-2015,13:59:52,106,Failed
6112,13-04-2015,14:03:46,105,Failed
6113,13-04-2015,14:09:48,102,Success
6114,13-04-2015,14:14:13,109,Delivered
6115,13-04-2015,14:18:53,103,Delivered
6116,13-04-2015,14:21:28,103,Delivered
6117,13-04-2015,14:34:22,104,Cancelled
6118,13-04-2015,14:57:23,105,Delivered
6119,13-04-2015,15:06:51,102,Delivered
6120,13-04-2015,15:32:56,106,Failed
6121,13-04-2015,15:43:58,107,Cancelled
6122,13-04-2015,16:20:07,104,Delivered
6123,13-04-2015,16:36:00,104,Success
6124,13-04-2015,16:51:47,103,Cancelled
6125,13-04-2015,16:56:03,107,Delivered
6126,13-04-2015,17:06:54,105,Delivered
6127,13-04-2015,17:13:41,108,Success
6128,13-04-2015,17:32:58,109,Failed
6129,13-04-2015,17:43:41,104,Delivered
6130,13-04-2015,17:44:15,108,Failed
6131,13-04-2015,17:52:06,104,Failed
6132,13-04-2015,17:56:20,110,Success
6133,13-04-2015,17:58:23,102,Delivered
6134,13-04-2015,18:06:44,106,Delivered
6135,13-04-2015,18:08:50,104,Cancelled
6136,13-04-2015,18:13:29,107,Success
6137,13-04-2015,18:16:05,101,Cancelled
6138,13-04-2015,18:21:50,109,Failed
6139,13-04-2015,18:24:32,107,Success
6140,13-04-2015,19:10:52,101,Delivered
6141,13-04-2015,19:17:08,103,Delivered
6142,13-04-2015,19:25:53,106,Success
6143,13-04-2015,19:33:32,102,Cancelled
6144,13-04-2015,19:37:09,103,Success
6145,13-04-2015,19:46:25,105,Cancelled
6146,13-04-2015,20:24:23,110,Cancelled
6147,13-04-2015,20:49:30,104,Success
6148,13-04-2015,21:01:19,106,Delivered
6149,13-04-2015,21:10:05,108,Cancelled
6150,13-04-2015,21:15:17,109,Success
6151,13-04-2015,21:25:19,101,Success
6152,13-04-2015,21:37:01,101,Cancelled
6153,13-04-2015,21:56:47,107,Cancelled
6154,14-04-2015,11:18:50,102,Success
6155,14-04-2015,12:00:57,101,Cancelled
6156,14-04-2015,12:06:10,101,Delivered
6157,14-04-2015,12:10:16,102,Success
6158,14-04-2015,12:19:50,106,Success
6159,14-04-2015,12:20:57,108,Success
6160,14-04-2015,12:21:22,106,Delivered
6161,14-04-2015,12:26:04,104,Failed
6162,14-04-2015,12:36:15,105,Delivered
6163,14-04-2015,12:36:41,105,Delivered
6164,14-04-2015,12:38:25,104,Cancelled
6165,14-04-2015,12:45:11,107,Success
6166,14-04-2015,12:46:56,103,Success
6167,14-04-2015,12:52:28,105,Success
6168,14-04-2015,12:54:34,106,Delivered
6169,14-04-2015,13:14:51,108,Failed
6170,14-04-2015,13:22:26,102,Success
6171,14-04-2015,13:32:15,101,Delivered
6172,14-04-2015,14:00:59,110,Cancelled
6173,14-04-2015,14:08:54,102,Success
6174,14-04-2015,15:00:27,110,Success
6175,14-04-2015,15:05:50,109,Failed
6176,14-04-2015,15:26:25,104,Cancelled
6177,14-04-2015,15:33:42,104,Delivered
6178,14-04-2015,15:51:13,108,Cancelled
6179,14-04-2015,15:52:39,110,Failed
6180,14-04-2015,16:15:07,109,Delivered
6181,14-04-2015,16:43:50,105,Cancelled
6182,14-04-2015,16:50:40,109,Success
6183,14-04-2015,16:58:37,104,Delivered
6184,14-04-2015,17:29:46,109,Cancelled
6185,14-04-2015,17:43:50,102,Failed
6186,14-04-2015,18:02:07,109,Delivered
6187,14-04-2015,18:03:43,107,Failed
6188,14-04-2015,18:33:19,107,Success
6189,14-04-2015,18:35:31,103,Success
6190,14-04-2015,18:37:10,107,Failed
6191,14-04-2015,18:54:39,107,Success
6192,14-04-2015,19:08:41,106,Cancelled
6193,14-04-2015,19:12:26,108,Delivered
6194,14-04-2015,19:13:18,105,Success
6195,14-04-2015,19:13:35,108,Success
6196,14-04-2015,20:10:10,106,Failed
6197,14-04-2015,20:56:37,106,Delivered
6198,14-04-2015,21:01:13,107,Cancelled
6199,14-04-2015,21:03:24,105,Success
6200,14-04-2015,21:26:50,104,Cancelled
6201,14-04-2015,21:34:09,101,Failed
6202,14-04-2015,21:53:08,108,Success
6203,14-04-2015,22:22:31,101,Success
6204,15-04-2015,11:42:40,105,Delivered
6205,15-04-2015,11:47:32,106,Failed
6206,15-04-2015,11:51:13,102,Cancelled
6207,15-04-2015,11:52:08,104,Delivered
6208,15-04-2015,11:55:13,107,Delivered
6209,15-04-2015,12:14:51,106,Cancelled
6210,15-04-2015,12:16:16,103,Delivered
6211,15-04-2015,12:17:10,105,Failed
6212,15-04-2015,12:30:32,101,Delivered
6213,15-04-2015,12:35:50,109,Success
6214,15-04-2015,12:38:57,110,Cancelled
6215,15-04-2015,13:00:05,105,Cancelled
6216,15-04-2015,13:07:27,108,Cancelled
6217,15-04-2015,13:07:46,107,Success
6218,15-04-2015,13:08:24,110,Failed
6219,15-04-2015,13:13:07,102,Success
6220,15-04-2015,13:17:16,102,Cancelled
6221,15-04-2015,13:38:20,102,Cancelled
6222,15-04-2015,13:56:47,105,Failed
6223,15-04-2015,13:58:25,102,Cancelled
6224,15-04-2015,14:00:05,109,Delivered
6225,15-04-2015,14:00:09,102,Cancelled
6226,15-04-2015,14:19:41,110,Delivered
6227,15-04-2015,14:22:08,102,Success
6228,15-04-2015,14:25:42,109,Delivered
6229,15-04-2015,15:21:14,108,Success
6230,15-04-2015,15:22:59,110,Failed
6231,15-04-2015,15:31:13,108,Cancelled
6232,15-04-2015,15:36:56,101,Failed
6233,15-04-2015,15:55:18,102,Cancelled
6234,15-04-2015,15:58:26,109,Cancelled
6235,15-04-2015,16:19:22,109,Delivered
6236,15-04-2015,16:25:52,104,Cancelled
6237,15-04-2015,16:35:13,106,Success
6238,15-04-2015,16:37:24,108,Failed
6239,15-04-2015,16:52:40,109,Cancelled
6240,15-04-2015,16:54:35,108,Failed
6241,15-04-2015,16:59:37,105,Failed
6242,15-04-2015,17:11:21,103,Success
6243,15-04-2015,17:22:51,110,Failed
6244,15-04-2015,17:39:08,107,Success
6245,15-04-2015,17:42:13,105,Delivered
6246,15-04-2015,17:47:24,102,Cancelled
6247,15-04-2015,17:49:51,110,Delivered
6248,15-04-2015,17:54:44,109,Delivered
6249,15-04-2015,17:57:27,106,Cancelled
6250,15-04-2015,18:01:40,106,Cancelled
6251,15-04-2015,18:10:38,104,Cancelled
6252,15-04-2015,18:15:48,106,Success
6253,15-04-2015,18:24:26,102,Success
6254,15-04-2015,18:29:41,109,Cancelled
6255,15-04-2015,18:36:42,108,Cancelled
6256,15-04-2015,18:41:15,102,Success
6257,15-04-2015,18:49:37,106,Success
6258,15-04-2015,19:09:53,102,Success
6259,15-04-2015,19:16:07,110,Success
6260,15-04-2015,19:18:13,106,Failed
6261,15-04-2015,19:28:32,101,Success
6262,15-04-2015,19:37:26,102,Cancelled
6263,15-04-2015,19:44:59,106,Failed
6264,15-04-2015,19:49:22,102,Success
6265,15-04-2015,20:03:24,104,Failed
6266,15-04-2015,21:01:47,105,Failed
6267,15-04-2015,21:31:28,106,Cancelled
6268,15-04-2015,22:15:32,104,Failed
6269,15-04-2015,22:16:49,103,Cancelled
6270,15-04-2015,22:19:48,107,Delivered
6271,16-04-2015,11:25:39,103,Cancelled
6272,16-04-2015,11:50:33,106,Delivered
6273,16-04-2015,11:51:39,104,Success
6274,16-04-2015,12:16:47,109,Success
6275,16-04-2015,12:26:35,107,Success
6276,16-04-2015,12:30:22,108,Delivered
6277,16-04-2015,12:46:53,103,Failed
6278,16-04-2015,12:52:09,108,Failed
6279,16-04-2015,12:52:11,109,Failed
6280,16-04-2015,13:09:55,102,Success
6281,16-04-2015,13:29:53,108,Failed
6282,16-04-2015,13:49:08,101,Failed
6283,16-04-2015,13:55:58,103,Failed
6284,16-04-2015,13:59:16,109,Cancelled
6285,16-04-2015,14:23:35,104,Cancelled
6286,16-04-2015,14:26:22,104,Failed
6287,16-04-2015,14:43:47,101,Cancelled
6288,16-04-2015,15:17:46,107,Success
6289,16-04-2015,15:20:11,101,Success
6290,16-04-2015,15:21:37,110,Delivered
6291,16-04-2015,15:51:06,102,Cancelled
6292,16-04-2015,16:22:59,108,Cancelled
6293,16-04-2015,16:26:06,101,Failed
6294,16-04-2015,16:38:04,104,Delivered
6295,16-04-2015,16:39:50,107,Delivered
6296,16-04-2015,16:49:12,109,Cancelled
6297,16-04-2015,17:00:11,102,Success
6298,16-04-2015,17:02:51,110,Cancelled
6299,16-04-2015,17:03:09,107,Cancelled
6300,16-04-2015,17:07:44,102,Cancelled
6301,16-04-2015,17:22:48,102,Success
6302,16-04-2015,17:23:19,102,Success
6303,16-04-2015,17:31:26,104,Failed
6304,16-04-2015,17:32:27,108,Cancelled
6305,16-04-2015,17:52:15,103,Cancelled
6306,16-04-2015,18:00:11,109,Cancelled
6307,16-04-2015,18:08:49,101,Failed
6308,16-04-2015,18:18:22,109,Failed
6309,16-04-2015,18:40:57,103,Delivered
6310,16-04-2015,18:44:40,109,Failed
6311,16-04-2015,18:48:31,107,Delivered
6312,16-04-2015,18:54:21,104,Success
6313,16-04-2015,18:54:52,101,Success
6314,16-04-2015,19:02:20,109,Cancelled
6315,16-04-2015,19:15:37,105,Failed
6316,16-04-2015,19:53:30,106,Failed
6317,16-04-2015,19:54:31,107,Delivered
6318,16-04-2015,20:06:50,106,Failed
6319,16-04-2015,20:46:19,105,Delivered
6320,16-04-2015,21:33:10,102,Success
6321,16-04-2015,22:04:26,102,Cancelled
6322,16-04-2015,22:12:57,101,Failed
6323,16-04-2015,22:16:42,110,Delivered
6324,16-04-2015,22:29:31,105,Failed
6325,16-04-2015,22:45:56,107,Cancelled
6326,17-04-2015,11:29:27,103,Success
6327,17-04-2015,11:36:44,105,Failed
6328,17-04-2015,11:54:10,104,Failed
6329,17-04-2015,12:02:43,109,Failed
6330,17-04-2015,12:08:04,104,Success
6331,17-04-2015,12:16:50,101,Delivered
6332,17-04-2015,12:18:34,108,Failed
6333,17-04-2015,12:19:55,108,Cancelled
6334,17-04-2015,12:21:22,110,Failed
6335,17-04-2015,12:29:54,106,Cancelled
6336,17-04-2015,12:35:12,104,Failed
6337,17-04-2015,12:37:51,104,Cancelled
6338,17-04-2015,12:59:35,103,Failed
6339,17-04-2015,13:02:03,102,Delivered
6340,17-04-2015,13:05:35,109,Cancelled
6341,17-04-2015,13:06:06,106,Cancelled
6342,17-04-2015,13:21:00,109,Failed
6343,17-04-2015,13:36:02,110,Cancelled
6344,17-04-2015,13:51:06,104,Cancelled
6345,17-04-2015,13:52:31,110,Success
6346,17-04-2015,13:53:38,104,Failed
6347,17-04-2015,13:56:42,101,Failed
6348,17-04-2015,13:57:41,105,Delivered
6349,17-04-2015,14:03:15,108,Cancelled
6350,17-04-2015,14:11:12,105,Failed
6351,17-04-2015,14:15:58,108,Success
6352,17-04-2015,14:27:00,103,Success
6353,17-04-2015,14:29:01,103,Failed
6354,17-04-2015,14:47:43,103,Delivered
6355,17-04-2015,14:59:17,107,Delivered
6356,17-04-2015,15:48:53,101,Failed
6357,17-04-2015,17:19:15,110,Success
6358,17-04-2015,17:20:28,108,Success
6359,17-04-2015,17:20:41,106,Failed
6360,17-04-2015,17:22:07,102,Cancelled
6361,17-04-2015,17:45:19,110,Cancelled
6362,17-04-2015,17:48:32,102,Cancelled
6363,17-04-2015,17:54:34,110,Delivered
6364,17-04-2015,17:56:46,108,Cancelled
6365,17-04-2015,17:59:57,106,Delivered
6366,17-04-2015,18:01:10,108,Cancelled
6367,17-04-2015,18:08:31,105,Success
6368,17-04-2015,18:15:56,106,Failed
6369,17-04-2015,18:16:41,103,Failed
6370,17-04-2015,18:33:12,103,Failed
6371,17-04-2015,18:45:39,109,Success
6372,17-04-2015,18:53:17,102,Cancelled
6373,17-04-2015,19:13:22,108,Success
6374,17-04-2015,19:26:02,103,Delivered
6375,17-04-2015,19:38:31,104,Success
6376,17-04-2015,19:41:33,104,Success
6377,17-04-2015,19:43:06,104,Failed
6378,17-04-2015,19:44:08,110,Cancelled
6379,17-04-2015,19:54:45,106,Success
6380,17-04-2015,20:05:48,101,Delivered
6381,17-04-2015,20:07:59,102,Failed
6382,17-04-2015,20:10:12,106,Delivered
6383,17-04-2015,20:35:48,103,Delivered
6384,17-04-2015,20:59:30,107,Success
6385,17-04-2015,21:09:58,103,Failed
6386,17-04-2015,21:11:36,105,Failed
6387,17-04-2015,21:36:59,104,Success
6388,17-04-2015,22:34:23,109,Delivered
6389,17-04-2015,22:50:37,104,Cancelled
6390,18-04-2015,11:54:14,110,Delivered
6391,18-04-2015,11:58:00,107,Failed
6392,18-04-2015,12:21:56,109,Success
6393,18-04-2015,12:28:51,109,Success
6394,18-04-2015,12:39:57,106,Failed
6395,18-04-2015,12:41:39,104,Failed
6396,18-04-2015,12:51:20,101,Failed
6397,18-04-2015,12:59:57,104,Cancelled
6398,18-04-2015,13:01:41,107,Cancelled
6399,18-04-2015,13:02:33,103,Cancelled
6400,18-04-2015,13:05:06,101,Delivered
6401,18-04-2015,13:06:26,106,Cancelled
6402,18-04-2015,13:21:28,104,Failed
6403,18-04-2015,13:24:53,106,Success
6404,18-04-2015,13:49:20,106,Failed
6405,18-04-2015,14:36:34,106,Success
6406,18-04-2015,14:53:54,107,Delivered
6407,18-04-2015,15:04:00,103,Delivered
6408,18-04-2015,15:09:16,108,Success
6409,18-04-2015,15:37:42,102,Failed
6410,18-04-2015,15:55:03,101,Delivered
6411,18-04-2015,16:15:28,107,Delivered
6412,18-04-2015,16:18:14,101,Success
6413,18-04-2015,16:18:57,106,Cancelled
6414,18-04-2015,16:29:38,103,Delivered
6415,18-04-2015,16:51:50,103,Failed
6416,18-04-2015,17:00:58,108,Failed
6417,18-04-2015,17:02:17,105,Failed
6418,18-04-2015,17:10:23,104,Failed
6419,18-04-2015,17:12:20,105,Failed
6420,18-04-2015,17:32:18,105,Cancelled
6421,18-04-2015,17:35:51,104,Success
6422,18-04-2015,17:37:21,103,Success
6423,18-04-2015,17:42:38,109,Failed
6424,18-04-2015,17:47:19,109,Cancelled
6425,18-04-2015,17:48:43,101,Failed
6426,18-04-2015,18:23:27,106,Delivered
6427,18-04-2015,18:25:04,106,Delivered
6428,18-04-2015,18:44:13,110,Delivered
6429,18-04-2015,18:47:41,109,Failed
6430,18-04-2015,19:05:40,108,Delivered
6431,18-04-2015,19:16:07,107,Cancelled
6432,18-04-2015,19:20:37,104,Success
6433,18-04-2015,19:23:36,104,Cancelled
6434,18-04-2015,19:43:06,109,Cancelled
6435,18-04-2015,19:44:55,108,Delivered
6436,18-04-2015,19:52:25,103,Delivered
6437,18-04-2015,19:53:57,110,Success
6438,18-04-2015,19:56:28,106,Delivered
6439,18-04-2015,20:05:03,108,Success
6440,18-04-2015,20:06:42,105,Failed
6441,18-04-2015,20:36:44,107,Success
6442,18-04-2015,20:39:10,103,Cancelled
6443,18-04-2015,20:41:51,101,Delivered
6444,18-04-2015,20:50:24,104,Delivered
6445,18-04-2015,20:56:07,106,Success
6446,18-04-2015,20:56:37,103,Cancelled
6447,18-04-2015,20:57:04,101,Success
6448,18-04-2015,20:59:51,108,Cancelled
6449,18-04-2015,21:13:20,107,Success
6450,18-04-2015,21:52:50,106,Delivered
6451,18-04-2015,22:38:12,108,Cancelled
6452,19-04-2015,11:34:28,101,Delivered
6453,19-04-2015,11:48:16,102,Success
6454,19-04-2015,11:49:01,107,Failed
6455,19-04-2015,12:04:37,106,Failed
6456,19-04-2015,12:16:06,101,Delivered
6457,19-04-2015,12:49:21,109,Failed
6458,19-04-2015,13:18:38,102,Failed
6459,19-04-2015,13:44:48,108,Failed
6460,19-04-2015,13:51:27,109,Delivered
6461,19-04-2015,13:53:56,105,Delivered
6462,19-04-2015,14:01:33,101,Success
6463,19-04-2015,14:21:48,109,Delivered
6464,19-04-2015,14:33:07,106,Cancelled
6465,19-04-2015,15:01:12,110,Success
6466,19-04-2015,15:03:15,102,Failed
6467,19-04-2015,15:05:11,103,Failed
6468,19-04-2015,15:20:03,110,Cancelled
6469,19-04-2015,15:21:55,106,Cancelled
6470,19-04-2015,15:27:14,110,Failed
6471,19-04-2015,15:34:13,101,Delivered
6472,19-04-2015,15:59:32,104,Success
6473,19-04-2015,16:17:45,105,Success
6474,19-04-2015,16:20:01,110,Success
6475,19-04-2015,16:32:26,104,Delivered
6476,19-04-2015,16:41:05,106,Cancelled
6477,19-04-2015,17:01:39,103,Delivered
6478,19-04-2015,17:06:14,101,Failed
6479,19-04-2015,17:06:48,107,Failed
6480,19-04-2015,17:21:16,107,Success
6481,19-04-2015,17:32:22,105,Delivered
6482,19-04-2015,17:33:28,104,Failed
6483,19-04-2015,17:55:53,108,Failed
6484,19-04-2015,18:06:51,106,Cancelled
6485,19-04-2015,18:12:04,109,Cancelled
6486,19-04-2015,18:28:03,102,Cancelled
6487,19-04-2015,18:28:15,110,Success
6488,19-04-2015,18:51:40,101,Failed
6489,19-04-2015,18:55:07,101,Delivered
6490,19-04-2015,19:06:19,109,Success
6491,19-04-2015,19:06:38,108,Failed
6492,19-04-2015,19:19:54,109,Cancelled
6493,19-04-2015,19:23:16,109,Delivered
6494,19-04-2015,19:34:42,103,Cancelled
6495,19-04-2015,19:45:58,106,Cancelled
6496,19-04-2015,19:49:03,106,Failed
6497,19-04-2015,19:56:40,102,Delivered
6498,19-04-2015,20:49:05,110,Success
6499,19-04-2015,21:14:12,102,Success
6500,19-04-2015,21:37:51,101,Cancelled
6501,19-04-2015,22:18:10,102,Delivered
6502,20-04-2015,11:43:35,105,Cancelled
6503,20-04-2015,11:48:35,105,Cancelled
6504,20-04-2015,11:52:59,110,Cancelled
6505,20-04-2015,11:59:36,109,Success
6506,20-04-2015,12:14:07,108,Failed
6507,20-04-2015,12:15:37,101,Failed
6508,20-04-2015,12:18:07,109,Success
6509,20-04-2015,12:22:24,103,Failed
6510,20-04-2015,12:26:56,103,Success
6511,20-04-2015,12:27:25,104,Delivered
6512,20-04-2015,12:29:01,102,Delivered
6513,20-04-2015,12:39:42,107,Delivered
6514,20-04-2015,12:41:43,107,Cancelled
6515,20-04-2015,12:43:03,105,Cancelled
6516,20-04-2015,12:46:50,102,Success
6517,20-04-2015,12:48:28,103,Failed
6518,20-04-2015,12:50:00,107,Cancelled
6519,20-04-2015,12:57:19,106,Delivered
6520,20-04-2015,12:59:51,102,Success
6521,20-04-2015,13:01:34,108,Cancelled
6522,20-04-2015,13:14:21,109,Delivered
6523,20-04-2015,13:15:19,110,Cancelled
6524,20-04-2015,13:39:53,109,Delivered
6525,20-04-2015,13:55:30,108,Cancelled
6526,20-04-2015,13:58:18,106,Failed
6527,20-04-2015,14:32:05,102,Failed
6528,20-04-2015,15:00:57,102,Failed
6529,20-04-2015,15:01:00,105,Failed
6530,20-04-2015,15:02:16,107,Failed
6531,20-04-2015,15:14:43,103,Delivered
6532,20-04-2015,15:23:04,110,Success
6533,20-04-2015,15:45:51,101,Success
6534,20-04-2015,15:46:47,108,Success
6535,20-04-2015,16:01:28,101,Success
6536,20-04-2015,16:04:24,105,Failed
6537,20-04-2015,16:39:18,103,Delivered
6538,20-04-2015,16:54:20,105,Cancelled
6539,20-04-2015,16:54:26,109,Delivered
6540,20-04-2015,17:20:35,103,Delivered
6541,20-04-2015,17:32:58,103,Delivered
6542,20-04-2015,17:33:09,110,Cancelled
6543,20-04-2015,17:37:59,103,Delivered
6544,20-04-2015,17:38:07,107,Delivered
6545,20-04-2015,17:43:43,109,Success
6546,20-04-2015,17:49:55,105,Success
6547,20-04-2015,17:50:47,103,Cancelled
6548,20-04-2015,17:55:03,103,Cancelled
6549,20-04-2015,18:07:00,107,Success
6550,20-04-2015,18:14:45,108,Success
6551,20-04-2015,18:34:05,103,Delivered
6552,20-04-2015,18:34:43,107,Delivered
6553,20-04-2015,18:38:03,107,Failed
6554,20-04-2015,18:43:08,110,Delivered
6555,20-04-2015,18:47:24,101,Delivered
6556,20-04-2015,18:50:27,109,Cancelled
6557,20-04-2015,18:56:57,110,Success
6558,20-04-2015,19:10:59,105,Failed
6559,20-04-2015,19:16:53,105,Failed
6560,20-04-2015,19:26:26,110,Success
6561,20-04-2015,19:42:52,109,Cancelled
6562,20-04-2015,19:56:27,105,Delivered
6563,20-04-2015,20:02:47,109,Cancelled
6564,20-04-2015,20:06:00,110,Cancelled
6565,20-04-2015,20:13:39,102,Failed
6566,20-04-2015,20:43:34,102,Success
6567,20-04-2015,20:44:30,106,Cancelled
6568,20-04-2015,21:05:57,107,Success
6569,20-04-2015,21:07:39,109,Cancelled
6570,20-04-2015,21:24:18,105,Cancelled
6571,20-04-2015,21:30:23,104,Failed
6572,21-04-2015,11:20:15,107,Delivered
6573,21-04-2015,11:21:00,106,Delivered
6574,21-04-2015,11:40:50,107,Success
6575,21-04-2015,11:44:09,103,Success
6576,21-04-2015,12:00:19,106,Success
6577,21-04-2015,12:03:12,101,Failed
6578,21-04-2015,12:07:46,109,Cancelled
6579,21-04-2015,12:19:53,107,Failed
6580,21-04-2015,12:25:55,107,Failed
6581,21-04-2015,12:26:29,104,Success
6582,21-04-2015,12:30:58,104,Failed
6583,21-04-2015,12:48:33,102,Cancelled
6584,21-04-2015,12:56:37,107,Delivered
6585,21-04-2015,13:00:35,106,Success
6586,21-04-2015,13:15:34,101,Delivered
6587,21-04-2015,13:18:01,104,Failed
6588,21-04-2015,13:21:50,105,Success
6589,21-04-2015,13:33:22,106,Delivered
6590,21-04-2015,13:39:06,103,Cancelled
6591,21-04-2015,13:46:19,107,Delivered
6592,21-04-2015,14:25:55,106,Delivered
6593,21-04-2015,14:29:19,105,Cancelled
6594,21-04-2015,14:29:24,107,Success
6595,21-04-2015,14:31:29,108,Failed
6596,21-04-2015,14:50:58,103,Success
6597,21-04-2015,15:26:47,103,Success
6598,21-04-2015,15:39:46,110,Delivered
6599,21-04-2015,15:45:21,108,Delivered
6600,21-04-2015,16:04:52,110,Failed
6601,21-04-2015,16:23:27,103,Delivered
6602,21-04-2015,16:25:21,110,Failed
6603,21-04-2015,16:30:47,109,Cancelled
6604,21-04-2015,16:42:53,110,Failed
6605,21-04-2015,16:54:55,108,Failed
6606,21-04-2015,16:56:18,101,Cancelled
6607,21-04-2015,16:57:26,102,Success
6608,21-04-2015,17:23:24,106,Cancelled
6609,21-04-2015,17:35:24,103,Failed
6610,21-04-2015,17:48:52,104,Delivered
6611,21-04-2015,18:06:39,109,Cancelled
6612,21-04-2015,18:22:56,109,Failed
6613,21-04-2015,18:43:11,101,Delivered
6614,21-04-2015,18:47:47,110,Success
6615,21-04-2015,18:48:51,107,Cancelled
6616,21-04-2015,18:51:16,101,Cancelled
6617,21-04-2015,18:58:21,103,Delivered
6618,21-04-2015,19:01:22,109,Delivered
6619,21-04-2015,19:05:18,102,Failed
6620,21-04-2015,19:13:18,106,Failed
6621,21-04-2015,19:21:51,103,Delivered
6622,21-04-2015,19:22:52,105,Cancelled
6623,21-04-2015,19:32:03,103,Success
6624,21-04-2015,19:47:05,102,Success
6625,21-04-2015,19:57:01,107,Success
6626,21-04-2015,20:02:44,108,Delivered
6627,21-04-2015,20:04:22,107,Failed
6628,21-04-2015,20:25:05,110,Delivered
6629,21-04-2015,20:27:45,106,Failed
6630,21-04-2015,20:35:02,110,Cancelled
6631,21-04-2015,21:22:18,103,Failed
6632,21-04-2015,21:45:38,103,Success
6633,21-04-2015,22:14:53,101,Cancelled
6634,22-04-2015,11:27:55,105,Failed
6635,22-04-2015,11:31:21,110,Cancelled
6636,22-04-2015,11:45:43,104,Cancelled
6637,22-04-2015,11:47:18,106,Success
6638,22-04-2015,11:48:30,104,Success
6639,22-04-2015,11:55:56,109,Delivered
6640,22-04-2015,12:01:17,104,Delivered
6641,22-04-2015,12:03:04,103,Success
6642,22-04-2015,12:04:37,106,Delivered
6643,22-04-2015,12:24:35,108,Delivered
6644,22-04-2015,12:40:39,106,Delivered
6645,22-04-2015,12:50:12,107,Cancelled
6646,22-04-2015,13:06:46,109,Failed
6647,22-04-2015,13:11:30,105,Cancelled
6648,22-04-2015,13:18:06,103,Delivered
6649,22-04-2015,13:30:53,101,Cancelled
6650,22-04-2015,13:42:37,102,Delivered
6651,22-04-2015,13:54:08,105,Failed
6652,22-04-2015,13:59:33,104,Cancelled
6653,22-04-2015,14:11:55,103,Cancelled
6654,22-04-2015,14:13:48,105,Success
6655,22-04-2015,14:17:26,103,Cancelled
6656,22-04-2015,14:44:46,107,Success
6657,22-04-2015,15:16:59,103,Cancelled
6658,22-04-2015,15:41:01,110,Success
6659,22-04-2015,15:46:58,103,Failed
6660,22-04-2015,15:48:29,109,Failed
6661,22-04-2015,16:03:48,106,Cancelled
6662,22-04-2015,16:11:12,108,Success
6663,22-04-2015,16:14:26,106,Delivered
6664,22-04-2015,16:32:47,104,Cancelled
6665,22-04-2015,16:48:22,108,Success
6666,22-04-2015,16:48:33,106,Delivered
6667,22-04-2015,17:01:16,104,Delivered
6668,22-04-2015,17:19:13,108,Cancelled
6669,22-04-2015,17:39:27,103,Delivered
6670,22-04-2015,17:51:54,110,Success
6671,22-04-2015,18:03:12,104,Cancelled
6672,22-04-2015,18:16:54,107,Cancelled
6673,22-04-2015,18:22:52,102,Cancelled
6674,22-04-2015,18:31:51,108,Delivered
6675,22-04-2015,18:42:45,109,Delivered
6676,22-04-2015,18:43:09,102,Delivered
6677,22-04-2015,18:45:57,107,Failed
6678,22-04-2015,18:47:00,110,Cancelled
6679,22-04-2015,18:50:18,110,Success
6680,22-04-2015,18:51:46,101,Delivered
6681,22-04-2015,18:51:56,105,Cancelled
6682,22-04-2015,19:07:05,105,Failed
6683,22-04-2015,19:18:45,110,Delivered
6684,22-04-2015,20:03:53,108,Delivered
6685,22-04-2015,20:03:59,102,Cancelled
6686,22-04-2015,20:35:02,108,Delivered
6687,22-04-2015,20:36:12,109,Success
6688,22-04-2015,20:38:05,109,Failed
6689,22-04-2015,20:45:55,109,Success
6690,22-04-2015,21:12:45,106,Delivered
6691,22-04-2015,21:30:57,110,Delivered
6692,22-04-2015,21:44:17,109,Failed
6693,23-04-2015,11:53:21,109,Cancelled
6694,23-04-2015,11:53:48,103,Cancelled
6695,23-04-2015,12:03:57,110,Success
6696,23-04-2015,12:09:28,102,Delivered
6697,23-04-2015,12:15:04,105,Cancelled
6698,23-04-2015,12:22:50,109,Failed
6699,23-04-2015,12:38:04,109,Cancelled
6700,23-04-2015,12:51:44,107,Success
6701,23-04-2015,12:57:08,105,Cancelled
6702,23-04-2015,13:06:58,103,Cancelled
6703,23-04-2015,13:09:01,107,Success
6704,23-04-2015,13:19:22,106,Delivered
6705,23-04-2015,13:22:58,110,Success
6706,23-04-2015,13:27:55,107,Delivered
6707,23-04-2015,13:32:30,104,Success
6708,23-04-2015,13:57:44,109,Delivered
6709,23-04-2015,14:00:11,102,Cancelled
6710,23-04-2015,14:17:27,108,Delivered
6711,23-04-2015,14:25:33,101,Success
6712,23-04-2015,14:46:32,103,Failed
6713,23-04-2015,14:57:33,105,Failed
6714,23-04-2015,15:09:11,108,Delivered
6715,23-04-2015,15:14:00,108,Cancelled
6716,23-04-2015,15:43:44,107,Delivered
6717,23-04-2015,15:47:05,108,Failed
6718,23-04-2015,16:04:14,104,Success
6719,23-04-2015,16:15:52,108,Cancelled
6720,23-04-2015,16:18:07,101,Cancelled
6721,23-04-2015,16:18:32,103,Cancelled
6722,23-04-2015,16:40:34,108,Failed
6723,23-04-2015,16:43:14,105,Failed
6724,23-04-2015,16:53:20,107,Cancelled
6725,23-04-2015,17:14:03,102,Failed
6726,23-04-2015,17:20:52,104,Success
6727,23-04-2015,17:21:09,109,Delivered
6728,23-04-2015,17:31:49,102,Success
6729,23-04-2015,17:41:28,106,Success
6730,23-04-2015,17:43:10,108,Delivered
6731,23-04-2015,17:54:51,102,Cancelled
6732,23-04-2015,17:55:42,109,Delivered
6733,23-04-2015,18:08:39,110,Delivered
6734,23-04-2015,18:33:33,105,Delivered
6735,23-04-2015,18:35:37,101,Success
6736,23-04-2015,18:39:46,106,Success
6737,23-04-2015,18:46:16,103,Cancelled
6738,23-04-2015,18:46:57,104,Delivered
6739,23-04-2015,19:02:43,109,Cancelled
6740,23-04-2015,19:04:17,104,Failed
6741,23-04-2015,19:09:38,103,Delivered
6742,23-04-2015,19:26:46,105,Success
6743,23-04-2015,19:51:23,106,Failed
6744,23-04-2015,19:51:49,104,Cancelled
6745,23-04-2015,19:56:43,110,Cancelled
6746,23-04-2015,20:04:16,107,Failed
6747,23-04-2015,20:42:06,105,Success
6748,23-04-2015,21:19:08,108,Cancelled
6749,23-04-2015,22:37:52,109,Failed
6750,24-04-2015,11:43:01,103,Failed
6751,24-04-2015,11:43:47,107,Success
6752,24-04-2015,11:57:16,104,Success
6753,24-04-2015,12:08:44,108,Delivered
6754,24-04-2015,12:11:51,107,Success
6755,24-04-2015,12:23:42,108,Failed
6756,24-04-2015,12:27:44,105,Success
6757,24-04-2015,12:32:10,108,Delivered
6758,24-04-2015,12:34:56,103,Cancelled
6759,24-04-2015,12:57:12,108,Failed
6760,24-04-2015,13:01:33,105,Failed
6761,24-04-2015,13:02:48,108,Delivered
6762,24-04-2015,13:10:26,101,Success
6763,24-04-2015,13:11:38,102,Cancelled
6764,24-04-2015,13:11:42,109,Success
6765,24-04-2015,13:27:39,107,Success
6766,24-04-2015,13:39:50,106,Cancelled
6767,24-04-2015,13:40:47,108,Delivered
6768,24-04-2015,13:52:50,108,Cancelled
6769,24-04-2015,14:27:11,108,Success
6770,24-04-2015,14:28:10,110,Success
6771,24-04-2015,14:35:56,107,Delivered
6772,24-04-2015,14:42:31,110,Delivered
6773,24-04-2015,14:58:05,102,Success
6774,24-04-2015,15:06:56,105,Delivered
6775,24-04-2015,15:26:55,106,Success
6776,24-04-2015,15:34:32,101,Cancelled
6777,24-04-2015,15:49:52,104,Success
6778,24-04-2015,16:03:50,104,Delivered
6779,24-04-2015,16:07:28,105,Delivered
6780,24-04-2015,16:09:30,108,Cancelled
6781,24-04-2015,16:10:50,109,Cancelled
6782,24-04-2015,16:21:05,106,Delivered
6783,24-04-2015,16:45:17,102,Cancelled
6784,24-04-2015,16:57:54,102,Success
6785,24-04-2015,17:06:11,109,Failed
6786,24-04-2015,17:26:49,103,Success
6787,24-04-2015,17:27:32,106,Cancelled
6788,24-04-2015,17:38:54,107,Success
6789,24-04-2015,17:50:34,106,Success
6790,24-04-2015,17:50:59,105,Delivered
6791,24-04-2015,17:52:47,109,Cancelled
6792,24-04-2015,17:53:10,110,Delivered
6793,24-04-2015,18:01:40,107,Success
6794,24-04-2015,18:05:39,105,Failed
6795,24-04-2015,18:20:37,109,Delivered
6796,24-04-2015,18:51:32,102,Failed
6797,24-04-2015,18:54:03,102,Delivered
6798,24-04-2015,19:07:13,103,Failed
6799,24-04-2015,19:12:22,110,Success
6800,24-04-2015,19:21:27,102,Cancelled
6801,24-04-2015,19:31:36,108,Delivered
6802,24-04-2015,19:36:22,106,Cancelled
6803,24-04-2015,19:44:11,103,Failed
6804,24-04-2015,19:48:32,105,Failed
6805,24-04-2015,19:51:03,105,Failed
6806,24-04-2015,19:52:41,106,Cancelled
6807,24-04-2015,19:55:03,101,Failed
6808,24-04-2015,19:55:41,103,Cancelled
6809,24-04-2015,20:52:36,110,Failed
6810,24-04-2015,20:53:38,110,Cancelled
6811,24-04-2015,21:06:47,110,Cancelled
6812,24-04-2015,21:10:44,107,Failed
6813,24-04-2015,21:35:43,109,Delivered
6814,24-04-2015,22:05:21,108,Success
6815,24-04-2015,22:10:20,108,Failed
6816,24-04-2015,22:25:13,104,Delivered
6817,24-04-2015,22:25:24,110,Delivered
6818,24-04-2015,22:28:34,102,Delivered
6819,24-04-2015,22:35:53,107,Failed
6820,24-04-2015,22:39:29,107,Delivered
6821,25-04-2015,12:05:36,106,Success
6822,25-04-2015,12:41:46,110,Failed
6823,25-04-2015,12:52:56,107,Success
6824,25-04-2015,13:11:36,104,Success
6825,25-04-2015,13:14:37,102,Failed
6826,25-04-2015,13:16:55,105,Delivered
6827,25-04-2015,13:18:30,105,Success
6828,25-04-2015,13:26:02,107,Cancelled
6829,25-04-2015,13:37:32,109,Failed
6830,25-04-2015,13:38:28,106,Success
6831,25-04-2015,13:44:04,102,Failed
6832,25-04-2015,13:44:57,108,Failed
6833,25-04-2015,13:53:12,103,Failed
6834,25-04-2015,13:57:15,101,Delivered
6835,25-04-2015,14:14:15,106,Success
6836,25-04-2015,14:21:41,106,Delivered
6837,25-04-2015,14:55:34,107,Delivered
6838,25-04-2015,15:09:12,110,Failed
6839,25-04-2015,15:24:38,103,Success
6840,25-04-2015,15:25:43,107,Delivered
6841,25-04-2015,15:43:12,108,Success
6842,25-04-2015,16:12:34,105,Failed
6843,25-04-2015,16:25:28,102,Cancelled
6844,25-04-2015,16:25:57,104,Cancelled
6845,25-04-2015,16:54:25,108,Failed
6846,25-04-2015,17:09:06,107,Failed
6847,25-04-2015,17:11:39,102,Delivered
6848,25-04-2015,17:12:06,110,Cancelled
6849,25-04-2015,17:28:17,109,Failed
6850,25-04-2015,17:34:17,105,Cancelled
6851,25-04-2015,17:49:10,110,Failed
6852,25-04-2015,17:57:35,101,Failed
6853,25-04-2015,18:02:22,106,Cancelled
6854,25-04-2015,18:04:05,110,Failed
6855,25-04-2015,18:06:25,106,Cancelled
6856,25-04-2015,18:11:20,102,Failed
6857,25-04-2015,18:27:47,105,Delivered
6858,25-04-2015,18:30:52,106,Cancelled
6859,25-04-2015,18:32:56,107,Delivered
6860,25-04-2015,18:58:49,102,Failed
6861,25-04-2015,18:59:20,104,Cancelled
6862,25-04-2015,19:00:01,103,Failed
6863,25-04-2015,19:18:10,101,Cancelled
6864,25-04-2015,19:32:31,106,Failed
6865,25-04-2015,19:34:26,109,Failed
6866,25-04-2015,19:37:14,104,Delivered
6867,25-04-2015,19:43:36,102,Delivered
6868,25-04-2015,19:46:34,101,Success
6869,25-04-2015,20:12:51,102,Cancelled
6870,25-04-2015,20:15:56,110,Delivered
6871,25-04-2015,20:18:21,109,Success
6872,25-04-2015,20:51:45,109,Failed
6873,25-04-2015,20:56:19,106,Cancelled
6874,25-04-2015,21:10:27,107,Success
6875,25-04-2015,21:30:16,106,Failed
6876,25-04-2015,21:37:26,110,Failed
6877,25-04-2015,21:40:44,107,Success
6878,25-04-2015,21:59:56,106,Failed
6879,25-04-2015,22:12:34,108,Delivered
6880,25-04-2015,22:14:27,109,Success
6881,25-04-2015,22:49:13,103,Cancelled
6882,25-04-2015,23:02:25,107,Success
6883,26-04-2015,11:37:59,110,Success
6884,26-04-2015,11:40:45,106,Delivered
6885,26-04-2015,11:52:16,105,Cancelled
6886,26-04-2015,12:02:54,104,Failed
6887,26-04-2015,12:08:01,109,Failed
6888,26-04-2015,12:08:51,104,Delivered
6889,26-04-2015,12:46:53,108,Success
6890,26-04-2015,13:15:44,102,Cancelled
6891,26-04-2015,13:27:48,106,Cancelled
6892,26-04-2015,13:40:24,107,Failed
6893,26-04-2015,13:43:18,105,Success
6894,26-04-2015,13:49:45,103,Cancelled
6895,26-04-2015,14:01:20,105,Cancelled
6896,26-04-2015,14:01:22,102,Cancelled
6897,26-04-2015,14:09:28,103,Delivered
6898,26-04-2015,14:41:41,107,Delivered
6899,26-04-2015,15:03:13,105,Success
6900,26-04-2015,15:03:14,105,Success
6901,26-04-2015,15:04:31,106,Delivered
6902,26-04-2015,15:04:58,109,Success
6903,26-04-2015,15:25:33,105,Cancelled
6904,26-04-2015,15:28:39,101,Success
6905,26-04-2015,15:49:39,109,Failed
6906,26-04-2015,15:52:54,108,Cancelled
6907,26-04-2015,15:58:08,108,Success
6908,26-04-2015,16:17:32,108,Failed
6909,26-04-2015,17:21:17,105,Cancelled
6910,26-04-2015,17:28:21,104,Cancelled
6911,26-04-2015,17:30:43,101,Failed
6912,26-04-2015,17:31:56,109,Success
6913,26-04-2015,17:34:04,102,Delivered
6914,26-04-2015,17:41:42,109,Cancelled
6915,26-04-2015,17:57:44,104,Delivered
6916,26-04-2015,18:12:59,110,Cancelled
6917,26-04-2015,18:16:19,105,Cancelled
6918,26-04-2015,18:23:14,108,Cancelled
6919,26-04-2015,18:30:53,102,Failed
6920,26-04-2015,18:37:22,106,Success
6921,26-04-2015,19:20:07,108,Failed
6922,26-04-2015,19:25:16,107,Delivered
6923,26-04-2015,19:29:03,107,Failed
6924,26-04-2015,19:35:10,102,Delivered
6925,26-04-2015,19:53:16,110,Cancelled
6926,26-04-2015,19:54:21,108,Cancelled
6927,26-04-2015,20:09:13,109,Failed
6928,26-04-2015,20:57:33,108,Cancelled
6929,26-04-2015,21:07:54,109,Cancelled
6930,26-04-2015,21:26:22,101,Cancelled
6931,26-04-2015,21:29:32,109,Success
6932,26-04-2015,21:31:35,110,Delivered
6933,26-04-2015,21:33:59,107,Success
6934,26-04-2015,21:37:40,106,Delivered
6935,26-04-2015,21:59:53,109,Cancelled
6936,26-04-2015,22:00:43,103,Success
6937,26-04-2015,22:10:54,104,Failed
6938,26-04-2015,22:15:53,106,Delivered
6939,27-04-2015,11:34:00,105,Cancelled
6940,27-04-2015,11:34:40,105,Delivered
6941,27-04-2015,11:38:05,108,Failed
6942,27-04-2015,11:43:06,102,Failed
6943,27-04-2015,11:54:36,109,Cancelled
6944,27-04-2015,11:55:52,110,Success
6945,27-04-2015,11:55:53,108,Cancelled
6946,27-04-2015,12:04:44,109,Cancelled
6947,27-04-2015,12:07:45,101,Failed
6948,27-04-2015,12:13:19,102,Delivered
6949,27-04-2015,12:14:47,107,Cancelled
6950,27-04-2015,12:20:54,103,Cancelled
6951,27-04-2015,12:35:48,108,Delivered
6952,27-04-2015,12:59:58,107,Cancelled
6953,27-04-2015,13:04:09,105,Failed
6954,27-04-2015,13:07:30,105,Cancelled
6955,27-04-2015,13:10:33,109,Delivered
6956,27-04-2015,13:10:46,110,Cancelled
6957,27-04-2015,13:45:15,110,Delivered
6958,27-04-2015,13:45:57,109,Delivered
6959,27-04-2015,13:55:53,106,Failed
6960,27-04-2015,14:06:51,104,Success
6961,27-04-2015,14:55:45,105,Cancelled
6962,27-04-2015,15:03:10,105,Success
6963,27-04-2015,15:11:11,106,Cancelled
6964,27-04-2015,15:35:13,105,Delivered
6965,27-04-2015,15:37:57,106,Success
6966,27-04-2015,15:38:25,104,Delivered
6967,27-04-2015,15:41:16,107,Delivered
6968,27-04-2015,15:53:59,104,Failed
6969,27-04-2015,16:34:42,109,Success
6970,27-04-2015,16:34:51,106,Success
6971,27-04-2015,16:40:45,103,Failed
6972,27-04-2015,16:42:57,101,Failed
6973,27-04-2015,16:45:25,110,Failed
6974,27-04-2015,16:49:36,101,Delivered
6975,27-04-2015,16:52:45,106,Failed
6976,27-04-2015,16:56:58,106,Cancelled
6977,27-04-2015,17:01:56,104,Failed
6978,27-04-2015,17:23:08,106,Cancelled
6979,27-04-2015,17:24:07,103,Cancelled
6980,27-04-2015,17:26:06,110,Failed
6981,27-04-2015,17:29:20,101,Success
6982,27-04-2015,17:46:31,102,Success
6983,27-04-2015,17:46:42,107,Cancelled
6984,27-04-2015,17:54:12,110,Cancelled
6985,27-04-2015,17:59:02,101,Success
6986,27-04-2015,18:20:11,101,Delivered
6987,27-04-2015,18:30:08,109,Success
6988,27-04-2015,18:43:47,109,Delivered
6989,27-04-2015,18:46:32,108,Delivered
6990,27-04-2015,18:48:15,106,Delivered
6991,27-04-2015,19:06:06,109,Delivered
6992,27-04-2015,19:11:53,102,Failed
6993,27-04-2015,19:25:02,107,Success
6994,27-04-2015,19:30:11,109,Delivered
6995,27-04-2015,20:05:45,103,Cancelled
6996,27-04-2015,20:07:30,108,Success
6997,27-04-2015,20:17:03,108,Cancelled
6998,27-04-2015,20:29:32,106,Success
6999,27-04-2015,20:42:34,104,Success
7000,27-04-2015,20:46:05,103,Delivered
7001,27-04-2015,20:59:11,110,Failed
7002,27-04-2015,21:03:13,102,Delivered
7003,27-04-2015,21:39:34,110,Failed
7004,27-04-2015,21:58:32,109,Success
7005,27-04-2015,22:12:13,103,Success
7006,28-04-2015,11:28:30,103,Delivered
7007,28-04-2015,11:34:19,108,Cancelled
7008,28-04-2015,11:48:39,101,Success
7009,28-04-2015,11:56:54,103,Success
7010,28-04-2015,12:13:07,106,Failed
7011,28-04-2015,12:19:15,108,Delivered
7012,28-04-2015,12:21:20,105,Failed
7013,28-04-2015,12:36:43,110,Cancelled
7014,28-04-2015,12:46:48,103,Failed
7015,28-04-2015,12:52:09,105,Failed
7016,28-04-2015,13:03:06,101,Cancelled
7017,28-04-2015,13:05:34,109,Delivered
7018,28-04-2015,13:14:49,103,Cancelled
7019,28-04-2015,13:15:28,109,Success
7020,28-04-2015,13:26:55,101,Cancelled
7021,28-04-2015,13:28:04,107,Failed
7022,28-04-2015,13:32:01,107,Cancelled
7023,28-04-2015,13:52:51,109,Failed
7024,28-04-2015,13:57:52,103,Failed
7025,28-04-2015,14:28:32,103,Cancelled
7026,28-04-2015,14:40:36,103,Cancelled
7027,28-04-2015,15:10:51,104,Failed
7028,28-04-2015,15:15:19,110,Failed
7029,28-04-2015,16:11:06,106,Cancelled
7030,28-04-2015,16:27:52,104,Failed
7031,28-04-2015,16:29:22,103,Cancelled
7032,28-04-2015,16:48:04,108,Success
7033,28-04-2015,16:55:44,108,Failed
7034,28-04-2015,17:17:51,108,Failed
7035,28-04-2015,17:18:30,101,Failed
7036,28-04-2015,17:20:00,109,Cancelled
7037,28-04-2015,17:37:06,103,Delivered
7038,28-04-2015,17:37:47,104,Success
7039,28-04-2015,17:42:25,109,Success
7040,28-04-2015,17:42:44,107,Failed
7041,28-04-2015,17:42:50,104,Failed
7042,28-04-2015,17:59:55,104,Delivered
7043,28-04-2015,18:02:38,108,Delivered
7044,28-04-2015,18:36:37,106,Delivered
7045,28-04-2015,18:49:18,108,Cancelled
7046,28-04-2015,19:06:23,105,Cancelled
7047,28-04-2015,19:06:49,108,Success
7048,28-04-2015,19:24:34,106,Delivered
7049,28-04-2015,19:29:40,104,Success
7050,28-04-2015,19:38:02,105,Cancelled
7051,28-04-2015,19:42:42,110,Delivered
7052,28-04-2015,22:01:57,110,Cancelled
7053,28-04-2015,22:06:16,104,Cancelled
7054,29-04-2015,11:26:53,110,Failed
7055,29-04-2015,11:30:15,108,Cancelled
7056,29-04-2015,11:40:22,103,Failed
7057,29-04-2015,11:42:12,105,Delivered
7058,29-04-2015,11:50:34,104,Cancelled
7059,29-04-2015,11:56:25,110,Success
7060,29-04-2015,11:57:36,105,Success
7061,29-04-2015,11:58:12,104,Delivered
7062,29-04-2015,11:59:10,103,Delivered
7063,29-04-2015,12:19:56,108,Success
7064,29-04-2015,12:21:28,103,Success
7065,29-04-2015,12:33:23,106,Cancelled
7066,29-04-2015,12:55:57,107,Delivered
7067,29-04-2015,13:00:34,102,Success
7068,29-04-2015,13:42:12,109,Delivered
7069,29-04-2015,13:47:34,104,Cancelled
7070,29-04-2015,14:02:06,105,Delivered
7071,29-04-2015,14:39:00,110,Cancelled
7072,29-04-2015,15:25:32,107,Success
7073,29-04-2015,15:42:51,106,Delivered
7074,29-04-2015,16:04:19,105,Failed
7075,29-04-2015,16:17:38,105,Cancelled
7076,29-04-2015,16:36:33,110,Failed
7077,29-04-2015,16:39:36,108,Failed
7078,29-04-2015,16:46:35,104,Success
7079,29-04-2015,16:47:13,106,Cancelled
7080,29-04-2015,16:54:23,105,Cancelled
7081,29-04-2015,17:02:18,108,Failed
7082,29-04-2015,17:11:54,109,Success
7083,29-04-2015,17:12:28,109,Failed
7084,29-04-2015,17:22:44,108,Cancelled
7085,29-04-2015,17:23:25,107,Cancelled
7086,29-04-2015,17:30:48,106,Delivered
7087,29-04-2015,17:38:28,110,Delivered
7088,29-04-2015,17:43:30,109,Cancelled
7089,29-04-2015,17:46:36,103,Cancelled
7090,29-04-2015,18:03:44,106,Success
7091,29-04-2015,18:34:12,103,Failed
7092,29-04-2015,19:02:10,110,Success
7093,29-04-2015,19:28:21,108,Cancelled
7094,29-04-2015,19:49:17,109,Failed
7095,29-04-2015,19:51:37,107,Cancelled
7096,29-04-2015,19:53:56,101,Success
7097,29-04-2015,20:02:52,107,Success
7098,29-04-2015,20:15:37,110,Cancelled
7099,29-04-2015,20:21:46,103,Success
7100,29-04-2015,20:22:21,102,Delivered
7101,29-04-2015,20:25:35,102,Failed
7102,29-04-2015,20:26:25,105,Cancelled
7103,29-04-2015,20:33:03,110,Delivered
7104,29-04-2015,20:36:58,104,Delivered
7105,29-04-2015,21:25:35,110,Failed
7106,29-04-2015,21:54:40,102,Failed
7107,30-04-2015,11:33:10,101,Delivered
7108,30-04-2015,11:53:21,109,Cancelled
7109,30-04-2015,11:54:30,102,Cancelled
7110,30-04-2015,11:57:16,110,Failed
7111,30-04-2015,12:01:58,106,Cancelled
7112,30-04-2015,12:15:54,102,Success
7113,30-04-2015,12:21:01,102,Cancelled
7114,30-04-2015,12:34:20,102,Failed
7115,30-04-2015,12:37:50,103,Failed
7116,30-04-2015,12:40:05,105,Delivered
7117,30-04-2015,12:55:22,106,Cancelled
7118,30-04-2015,12:55:50,110,Failed
7119,30-04-2015,13:05:01,109,Success
7120,30-04-2015,13:16:13,109,Cancelled
7121,30-04-2015,13:17:14,107,Cancelled
7122,30-04-2015,13:18:00,104,Success
7123,30-04-2015,13:22:57,105,Delivered
7124,30-04-2015,13:24:00,108,Failed
7125,30-04-2015,13:24:18,106,Success
7126,30-04-2015,13:45:24,102,Cancelled
7127,30-04-2015,13:55:36,101,Delivered
7128,30-04-2015,13:58:44,101,Cancelled
7129,30-04-2015,14:05:31,101,Success
7130,30-04-2015,14:09:19,102,Success
7131,30-04-2015,14:54:36,103,Success
7132,30-04-2015,15:31:02,109,Success
7133,30-04-2015,15:44:32,105,Delivered
7134,30-04-2015,15:47:34,105,Success
7135,30-04-2015,15:54:00,110,Cancelled
7136,30-04-2015,16:17:33,105,Failed
7137,30-04-2015,16:34:14,103,Delivered
7138,30-04-2015,16:39:58,105,Success
7139,30-04-2015,16:41:49,107,Cancelled
7140,30-04-2015,17:04:35,108,Delivered
7141,30-04-2015,17:06:02,109,Delivered
7142,30-04-2015,17:06:47,101,Cancelled
7143,30-04-2015,17:19:44,103,Cancelled
7144,30-04-2015,17:20:54,108,Delivered
7145,30-04-2015,17:24:55,103,Delivered
7146,30-04-2015,17:25:19,105,Delivered
7147,30-04-2015,17:28:19,104,Success
7148,30-04-2015,17:33:09,103,Failed
7149,30-04-2015,17:39:55,109,Failed
7150,30-04-2015,17:41:14,107,Success
7151,30-04-2015,17:48:28,102,Cancelled
7152,30-04-2015,17:50:56,102,Cancelled
7153,30-04-2015,17:57:30,101,Success
7154,30-04-2015,18:05:55,101,Cancelled
7155,30-04-2015,18:08:52,102,Delivered
7156,30-04-2015,18:13:17,105,Cancelled
7157,30-04-2015,18:42:30,110,Delivered
7158,30-04-2015,18:45:49,109,Failed
7159,30-04-2015,19:01:44,105,Failed
7160,30-04-2015,19:08:33,107,Delivered
7161,30-04-2015,19:11:48,107,Success
7162,30-04-2015,19:18:15,110,Failed
7163,30-04-2015,19:28:21,102,Success
7164,30-04-2015,19:44:00,108,Success
7165,30-04-2015,20:36:19,102,Failed
7166,30-04-2015,20:45:08,108,Cancelled
7167,30-04-2015,21:22:31,102,Failed
7168,30-04-2015,21:43:09,107,Success
7169,30-04-2015,22:19:58,101,Success
7170,01-05-2015,11:31:03,105,Delivered
7171,01-05-2015,11:42:07,109,Delivered
7172,01-05-2015,11:43:01,107,Failed
7173,01-05-2015,11:43:37,109,Cancelled
7174,01-05-2015,11:51:22,108,Cancelled
7175,01-05-2015,12:04:42,107,Cancelled
7176,01-05-2015,12:12:12,105,Failed
7177,01-05-2015,12:12:51,110,Success
7178,01-05-2015,12:17:32,107,Cancelled
7179,01-05-2015,12:18:58,103,Cancelled
7180,01-05-2015,12:24:26,102,Cancelled
7181,01-05-2015,12:31:16,103,Failed
7182,01-05-2015,12:32:20,105,Cancelled
7183,01-05-2015,12:33:41,110,Cancelled
7184,01-05-2015,12:34:52,110,Cancelled
7185,01-05-2015,12:45:26,110,Success
7186,01-05-2015,12:52:27,101,Failed
7187,01-05-2015,12:53:09,110,Failed
7188,01-05-2015,12:58:03,104,Delivered
7189,01-05-2015,13:03:16,109,Cancelled
7190,01-05-2015,13:06:47,108,Delivered
7191,01-05-2015,13:08:57,106,Failed
7192,01-05-2015,13:16:36,106,Success
7193,01-05-2015,13:20:37,102,Delivered
7194,01-05-2015,13:23:49,110,Failed
7195,01-05-2015,13:27:12,109,Delivered
7196,01-05-2015,13:28:45,106,Delivered
7197,01-05-2015,14:09:04,107,Success
7198,01-05-2015,14:27:42,109,Delivered
7199,01-05-2015,14:38:41,104,Delivered
7200,01-05-2015,14:48:25,106,Failed
7201,01-05-2015,15:54:56,103,Failed
7202,01-05-2015,15:59:30,108,Failed
7203,01-05-2015,16:00:41,101,Failed
7204,01-05-2015,16:01:20,104,Failed
7205,01-05-2015,16:06:34,105,Success
7206,01-05-2015,16:18:54,102,Cancelled
7207,01-05-2015,16:23:11,109,Delivered
7208,01-05-2015,16:40:51,104,Success
7209,01-05-2015,16:47:23,108,Success
7210,01-05-2015,17:06:34,107,Delivered
7211,01-05-2015,17:10:24,108,Failed
7212,01-05-2015,17:15:56,101,Delivered
7213,01-05-2015,17:21:23,108,Delivered
7214,01-05-2015,17:27:04,109,Failed
7215,01-05-2015,17:29:28,104,Cancelled
7216,01-05-2015,17:47:04,104,Failed
7217,01-05-2015,17:58:32,107,Cancelled
7218,01-05-2015,18:00:53,109,Success
7219,01-05-2015,18:24:36,107,Cancelled
7220,01-05-2015,18:33:45,105,Delivered
7221,01-05-2015,19:03:54,107,Failed
7222,01-05-2015,19:04:44,107,Delivered
7223,01-05-2015,19:10:03,109,Success
7224,01-05-2015,19:24:32,102,Failed
7225,01-05-2015,19:26:31,105,Failed
7226,01-05-2015,19:26:47,101,Cancelled
7227,01-05-2015,19:28:53,109,Cancelled
7228,01-05-2015,19:37:14,102,Success
7229,01-05-2015,19:39:24,104,Failed
7230,01-05-2015,19:54:36,105,Failed
7231,01-05-2015,20:19:36,107,Cancelled
7232,01-05-2015,20:20:02,106,Success
7233,01-05-2015,20:24:39,106,Failed
7234,01-05-2015,20:30:40,108,Success
7235,01-05-2015,20:49:02,102,Delivered
7236,01-05-2015,21:05:51,103,Delivered
7237,01-05-2015,21:26:43,109,Cancelled
7238,01-05-2015,21:30:15,104,Failed
7239,01-05-2015,21:30:34,105,Delivered
7240,01-05-2015,21:52:26,102,Success
7241,01-05-2015,21:59:29,101,Delivered
7242,01-05-2015,22:02:11,110,Success
7243,01-05-2015,22:15:29,108,Success
7244,01-05-2015,22:24:45,110,Success
7245,02-05-2015,11:33:53,105,Failed
7246,02-05-2015,11:55:58,102,Failed
7247,02-05-2015,12:02:29,101,Cancelled
7248,02-05-2015,12:23:16,110,Failed
7249,02-05-2015,12:27:56,110,Failed
7250,02-05-2015,12:40:35,101,Delivered
7251,02-05-2015,12:40:41,101,Delivered
7252,02-05-2015,13:46:41,102,Cancelled
7253,02-05-2015,13:47:54,103,Failed
7254,02-05-2015,14:19:17,109,Delivered
7255,02-05-2015,14:45:49,109,Failed
7256,02-05-2015,14:46:28,108,Success
7257,02-05-2015,14:49:49,108,Failed
7258,02-05-2015,14:53:29,101,Delivered
7259,02-05-2015,14:59:33,109,Success
7260,02-05-2015,15:07:36,107,Delivered
7261,02-05-2015,15:07:49,102,Failed
7262,02-05-2015,15:13:04,108,Cancelled
7263,02-05-2015,15:16:34,109,Failed
7264,02-05-2015,16:04:51,110,Delivered
7265,02-05-2015,16:07:20,108,Success
7266,02-05-2015,16:14:01,105,Cancelled
7267,02-05-2015,16:26:28,101,Cancelled
7268,02-05-2015,16:29:44,110,Success
7269,02-05-2015,16:34:07,105,Delivered
7270,02-05-2015,16:58:13,110,Failed
7271,02-05-2015,17:02:12,104,Cancelled
7272,02-05-2015,17:03:08,105,Delivered
7273,02-05-2015,17:04:47,108,Cancelled
7274,02-05-2015,17:11:29,108,Cancelled
7275,02-05-2015,17:31:41,103,Success
7276,02-05-2015,17:38:38,107,Success
7277,02-05-2015,17:45:13,106,Success
7278,02-05-2015,17:49:37,105,Success
7279,02-05-2015,17:59:27,107,Success
7280,02-05-2015,18:16:12,107,Delivered
7281,02-05-2015,18:22:37,110,Failed
7282,02-05-2015,18:25:24,105,Delivered
7283,02-05-2015,18:26:27,103,Delivered
7284,02-05-2015,18:31:45,108,Delivered
7285,02-05-2015,18:35:05,101,Success
7286,02-05-2015,18:42:09,104,Success
7287,02-05-2015,19:03:03,108,Failed
7288,02-05-2015,19:05:12,107,Delivered
7289,02-05-2015,19:26:26,105,Cancelled
7290,02-05-2015,19:30:43,109,Delivered
7291,02-05-2015,19:33:15,110,Failed
7292,02-05-2015,19:41:09,105,Success
7293,02-05-2015,19:54:45,109,Success
7294,02-05-2015,20:04:14,105,Cancelled
7295,02-05-2015,20:07:37,110,Success
7296,02-05-2015,20:25:30,110,Delivered
7297,02-05-2015,20:29:25,107,Failed
7298,02-05-2015,20:45:32,108,Success
7299,02-05-2015,20:46:34,103,Success
7300,02-05-2015,20:47:09,104,Success
7301,02-05-2015,20:48:56,106,Success
7302,02-05-2015,20:49:42,102,Delivered
7303,02-05-2015,20:52:53,103,Failed
7304,02-05-2015,21:19:28,104,Success
7305,02-05-2015,21:25:54,109,Delivered
7306,02-05-2015,21:45:08,109,Success
7307,02-05-2015,21:52:06,103,Delivered
7308,02-05-2015,21:56:38,108,Success
7309,02-05-2015,22:05:03,106,Success
7310,02-05-2015,22:11:35,109,Delivered
7311,02-05-2015,22:20:40,107,Failed
7312,02-05-2015,22:58:39,110,Cancelled
7313,03-05-2015,11:53:15,106,Cancelled
7314,03-05-2015,12:00:03,104,Cancelled
7315,03-05-2015,12:05:29,106,Cancelled
7316,03-05-2015,12:14:29,109,Cancelled
7317,03-05-2015,12:31:18,108,Cancelled
7318,03-05-2015,12:31:50,107,Failed
7319,03-05-2015,13:16:01,110,Delivered
7320,03-05-2015,13:33:54,105,Success
7321,03-05-2015,13:48:51,108,Cancelled
7322,03-05-2015,13:49:05,101,Delivered
7323,03-05-2015,13:51:06,110,Cancelled
7324,03-05-2015,14:07:21,110,Failed
7325,03-05-2015,14:28:53,110,Success
7326,03-05-2015,14:33:35,103,Cancelled
7327,03-05-2015,14:42:06,107,Cancelled
7328,03-05-2015,15:06:54,101,Cancelled
7329,03-05-2015,15:10:06,108,Failed
7330,03-05-2015,15:20:32,106,Failed
7331,03-05-2015,15:39:19,104,Cancelled
7332,03-05-2015,15:45:50,102,Failed
7333,03-05-2015,15:58:21,104,Success
7334,03-05-2015,16:13:57,101,Failed
7335,03-05-2015,16:16:22,109,Failed
7336,03-05-2015,16:24:15,108,Failed
7337,03-05-2015,16:38:23,108,Delivered
7338,03-05-2015,16:45:19,101,Success
7339,03-05-2015,17:06:44,103,Delivered
7340,03-05-2015,17:12:40,107,Success
7341,03-05-2015,17:17:46,104,Cancelled
7342,03-05-2015,17:22:12,107,Success
7343,03-05-2015,17:39:10,101,Delivered
7344,03-05-2015,17:43:05,105,Failed
7345,03-05-2015,17:51:25,108,Success
7346,03-05-2015,17:57:09,108,Failed
7347,03-05-2015,18:52:09,105,Cancelled
7348,03-05-2015,19:00:53,109,Success
7349,03-05-2015,19:17:38,107,Delivered
7350,03-05-2015,19:21:48,109,Failed
7351,03-05-2015,19:28:06,104,Delivered
7352,03-05-2015,19:37:04,104,Cancelled
7353,03-05-2015,19:50:04,108,Success
7354,03-05-2015,19:58:21,101,Success
7355,03-05-2015,20:02:32,110,Delivered
7356,03-05-2015,20:04:47,106,Cancelled
7357,03-05-2015,20:15:51,109,Delivered
7358,03-05-2015,20:55:29,110,Cancelled
7359,03-05-2015,21:19:31,104,Delivered
7360,03-05-2015,21:41:25,103,Failed
7361,03-05-2015,22:33:31,101,Delivered
7362,04-05-2015,11:30:31,106,Delivered
7363,04-05-2015,11:41:11,105,Success
7364,04-05-2015,12:07:44,101,Success
7365,04-05-2015,12:10:12,107,Cancelled
7366,04-05-2015,12:26:46,105,Success
7367,04-05-2015,12:32:47,107,Success
7368,04-05-2015,12:49:12,108,Delivered
7369,04-05-2015,12:56:09,107,Delivered
7370,04-05-2015,13:03:03,103,Success
7371,04-05-2015,13:09:36,110,Cancelled
7372,04-05-2015,13:12:28,110,Delivered
7373,04-05-2015,13:21:45,101,Success
7374,04-05-2015,13:28:19,103,Delivered
7375,04-05-2015,13:28:44,106,Cancelled
7376,04-05-2015,13:37:28,105,Success
7377,04-05-2015,14:17:50,102,Success
7378,04-05-2015,14:17:55,102,Cancelled
7379,04-05-2015,14:36:30,107,Success
7380,04-05-2015,14:52:03,110,Failed
7381,04-05-2015,14:58:48,103,Delivered
7382,04-05-2015,15:05:33,101,Delivered
7383,04-05-2015,15:17:30,103,Cancelled
7384,04-05-2015,15:50:48,105,Delivered
7385,04-05-2015,16:07:01,110,Cancelled
7386,04-05-2015,16:10:48,102,Failed
7387,04-05-2015,16:11:04,109,Failed
7388,04-05-2015,16:16:09,102,Delivered
7389,04-05-2015,16:22:16,109,Delivered
7390,04-05-2015,16:26:06,110,Failed
7391,04-05-2015,16:28:46,109,Failed
7392,04-05-2015,16:55:46,110,Delivered
7393,04-05-2015,17:05:00,102,Cancelled
7394,04-05-2015,17:05:58,108,Delivered
7395,04-05-2015,17:06:14,107,Failed
7396,04-05-2015,17:08:01,102,Delivered
7397,04-05-2015,17:09:44,105,Success
7398,04-05-2015,17:18:09,101,Failed
7399,04-05-2015,17:50:15,105,Cancelled
7400,04-05-2015,17:50:45,108,Failed
7401,04-05-2015,17:51:48,101,Delivered
7402,04-05-2015,18:12:46,108,Failed
7403,04-05-2015,18:38:20,109,Delivered
7404,04-05-2015,18:44:26,102,Failed
7405,04-05-2015,18:59:55,106,Cancelled
7406,04-05-2015,19:10:40,107,Delivered
7407,04-05-2015,19:27:34,109,Cancelled
7408,04-05-2015,19:35:05,109,Cancelled
7409,04-05-2015,19:42:59,105,Failed
7410,04-05-2015,19:43:51,106,Cancelled
7411,04-05-2015,19:44:10,109,Failed
7412,04-05-2015,19:47:30,103,Success
7413,04-05-2015,20:03:27,105,Failed
7414,04-05-2015,20:42:03,107,Success
7415,04-05-2015,20:57:26,103,Delivered
7416,04-05-2015,21:40:20,105,Delivered
7417,05-05-2015,11:38:01,103,Failed
7418,05-05-2015,11:41:26,105,Success
7419,05-05-2015,11:53:46,110,Delivered
7420,05-05-2015,12:14:36,107,Delivered
7421,05-05-2015,12:40:43,106,Success
7422,05-05-2015,12:44:08,103,Cancelled
7423,05-05-2015,13:05:37,103,Failed
7424,05-05-2015,13:10:00,103,Failed
7425,05-05-2015,13:11:49,104,Delivered
7426,05-05-2015,13:18:31,107,Cancelled
7427,05-05-2015,13:57:22,105,Success
7428,05-05-2015,14:10:13,103,Failed
7429,05-05-2015,14:11:39,105,Success
7430,05-05-2015,14:24:44,102,Success
7431,05-05-2015,14:31:07,102,Delivered
7432,05-05-2015,15:06:14,106,Delivered
7433,05-05-2015,16:11:09,108,Success
7434,05-05-2015,16:20:12,109,Delivered
7435,05-05-2015,16:20:20,101,Failed
7436,05-05-2015,16:22:03,108,Cancelled
7437,05-05-2015,16:33:03,103,Failed
7438,05-05-2015,16:33:26,106,Delivered
7439,05-05-2015,16:34:46,109,Cancelled
7440,05-05-2015,16:48:23,107,Delivered
7441,05-05-2015,16:48:52,101,Success
7442,05-05-2015,17:01:58,102,Cancelled
7443,05-05-2015,17:09:42,104,Failed
7444,05-05-2015,17:25:13,101,Success
7445,05-05-2015,17:44:55,101,Success
7446,05-05-2015,17:59:16,107,Success
7447,05-05-2015,18:10:27,102,Delivered
7448,05-05-2015,18:13:36,110,Delivered
7449,05-05-2015,18:19:49,110,Success
7450,05-05-2015,18:21:28,109,Delivered
7451,05-05-2015,18:22:45,101,Success
7452,05-05-2015,18:36:04,103,Success
7453,05-05-2015,19:36:50,106,Cancelled
7454,05-05-2015,19:47:31,104,Success
7455,05-05-2015,19:53:27,101,Delivered
7456,05-05-2015,20:01:59,101,Success
7457,05-05-2015,20:14:52,107,Success
7458,05-05-2015,20:15:55,102,Delivered
7459,05-05-2015,20:30:40,101,Cancelled
7460,05-05-2015,20:49:45,106,Delivered
7461,05-05-2015,21:14:22,106,Delivered
7462,05-05-2015,21:14:41,110,Success
7463,05-05-2015,21:41:42,110,Cancelled
7464,05-05-2015,21:47:07,106,Success
7465,05-05-2015,22:18:16,110,Cancelled
7466,06-05-2015,11:16:44,103,Failed
7467,06-05-2015,11:39:31,109,Failed
7468,06-05-2015,12:01:13,102,Delivered
7469,06-05-2015,12:10:09,102,Success
7470,06-05-2015,12:22:14,107,Failed
7471,06-05-2015,12:23:04,109,Cancelled
7472,06-05-2015,12:26:18,109,Cancelled
7473,06-05-2015,12:34:21,109,Delivered
7474,06-05-2015,12:46:21,103,Failed
7475,06-05-2015,12:49:46,109,Success
7476,06-05-2015,12:51:42,101,Failed
7477,06-05-2015,12:55:23,106,Cancelled
7478,06-05-2015,13:01:25,105,Success
7479,06-05-2015,13:18:12,106,Delivered
7480,06-05-2015,13:22:01,104,Success
7481,06-05-2015,13:33:13,108,Cancelled
7482,06-05-2015,13:47:17,110,Delivered
7483,06-05-2015,14:09:21,107,Delivered
7484,06-05-2015,15:07:46,102,Success
7485,06-05-2015,15:34:14,109,Success
7486,06-05-2015,15:41:54,106,Cancelled
7487,06-05-2015,15:46:30,108,Success
7488,06-05-2015,15:50:40,102,Failed
7489,06-05-2015,15:59:43,105,Cancelled
7490,06-05-2015,16:11:51,110,Delivered
7491,06-05-2015,16:24:57,108,Success
7492,06-05-2015,16:40:16,110,Success
7493,06-05-2015,16:46:46,106,Cancelled
7494,06-05-2015,16:48:16,107,Failed
7495,06-05-2015,16:59:48,106,Success
7496,06-05-2015,17:07:35,101,Delivered
7497,06-05-2015,17:19:38,107,Success
7498,06-05-2015,17:39:18,110,Success
7499,06-05-2015,17:44:22,109,Delivered
7500,06-05-2015,17:45:50,110,Cancelled
7501,06-05-2015,17:53:38,109,Failed
7502,06-05-2015,17:57:21,105,Delivered
7503,06-05-2015,17:58:31,106,Delivered
7504,06-05-2015,18:03:53,104,Cancelled
7505,06-05-2015,18:05:38,108,Success
7506,06-05-2015,18:22:13,102,Delivered
7507,06-05-2015,18:28:02,103,Success
7508,06-05-2015,18:45:04,106,Success
7509,06-05-2015,18:56:24,104,Delivered
7510,06-05-2015,18:58:34,104,Failed
7511,06-05-2015,18:59:25,109,Success
7512,06-05-2015,19:13:59,109,Delivered
7513,06-05-2015,19:25:37,107,Failed
7514,06-05-2015,19:39:01,108,Success
7515,06-05-2015,20:07:04,103,Delivered
7516,06-05-2015,20:20:27,107,Success
7517,06-05-2015,21:13:29,105,Success
7518,06-05-2015,21:22:02,107,Failed
7519,06-05-2015,21:48:12,104,Cancelled
7520,06-05-2015,21:59:10,106,Delivered
7521,07-05-2015,10:54:15,109,Delivered
7522,07-05-2015,11:46:37,106,Success
7523,07-05-2015,11:48:29,109,Failed
7524,07-05-2015,11:51:20,104,Delivered
7525,07-05-2015,11:55:19,105,Cancelled
7526,07-05-2015,12:22:30,104,Success
7527,07-05-2015,12:22:48,109,Delivered
7528,07-05-2015,12:45:58,105,Delivered
7529,07-05-2015,12:45:59,102,Delivered
7530,07-05-2015,12:54:11,102,Success
7531,07-05-2015,13:02:26,110,Failed
7532,07-05-2015,13:10:47,109,Failed
7533,07-05-2015,13:20:39,108,Delivered
7534,07-05-2015,13:22:28,110,Success
7535,07-05-2015,13:22:51,104,Success
7536,07-05-2015,13:24:49,103,Cancelled
7537,07-05-2015,13:25:30,109,Delivered
7538,07-05-2015,13:27:31,105,Delivered
7539,07-05-2015,13:49:17,106,Cancelled
7540,07-05-2015,13:49:48,101,Failed
7541,07-05-2015,13:58:35,101,Cancelled
7542,07-05-2015,14:23:31,107,Success
7543,07-05-2015,14:42:32,109,Failed
7544,07-05-2015,14:48:22,109,Failed
7545,07-05-2015,14:55:19,107,Delivered
7546,07-05-2015,15:39:38,108,Delivered
7547,07-05-2015,15:49:33,101,Failed
7548,07-05-2015,15:51:55,110,Delivered
7549,07-05-2015,16:34:18,106,Delivered
7550,07-05-2015,16:36:36,104,Cancelled
7551,07-05-2015,16:36:41,109,Cancelled
7552,07-05-2015,16:58:22,110,Delivered
7553,07-05-2015,17:03:24,110,Cancelled
7554,07-05-2015,17:08:37,108,Delivered
7555,07-05-2015,17:10:12,109,Success
7556,07-05-2015,17:13:06,103,Success
7557,07-05-2015,17:48:36,103,Success
7558,07-05-2015,17:50:15,105,Success
7559,07-05-2015,17:51:22,108,Failed
7560,07-05-2015,18:04:26,110,Delivered
7561,07-05-2015,18:16:30,104,Success
7562,07-05-2015,18:23:04,108,Delivered
7563,07-05-2015,18:26:58,105,Cancelled
7564,07-05-2015,18:36:26,108,Cancelled
7565,07-05-2015,18:50:11,102,Cancelled
7566,07-05-2015,18:51:04,105,Delivered
7567,07-05-2015,19:22:51,107,Cancelled
7568,07-05-2015,19:41:59,102,Failed
7569,07-05-2015,19:44:03,102,Failed
7570,07-05-2015,19:48:12,107,Cancelled
7571,07-05-2015,20:09:05,105,Delivered
7572,07-05-2015,20:14:23,104,Cancelled
7573,07-05-2015,20:18:38,102,Failed
7574,07-05-2015,20:20:37,109,Delivered
7575,07-05-2015,20:43:15,104,Success
7576,07-05-2015,20:51:04,101,Cancelled
7577,07-05-2015,21:02:26,110,Success
7578,07-05-2015,22:05:04,101,Cancelled
7579,08-05-2015,11:36:54,107,Delivered
7580,08-05-2015,11:45:03,107,Failed
7581,08-05-2015,11:52:29,110,Failed
7582,08-05-2015,11:58:26,109,Delivered
7583,08-05-2015,12:01:19,107,Delivered
7584,08-05-2015,12:05:09,109,Delivered
7585,08-05-2015,12:06:46,102,Cancelled
7586,08-05-2015,12:08:43,108,Failed
7587,08-05-2015,12:12:44,110,Delivered
7588,08-05-2015,12:21:55,103,Failed
7589,08-05-2015,12:28:02,110,Delivered
7590,08-05-2015,12:32:04,103,Cancelled
7591,08-05-2015,12:42:43,101,Success
7592,08-05-2015,13:00:52,109,Success
7593,08-05-2015,13:09:26,109,Delivered
7594,08-05-2015,13:22:20,102,Success
7595,08-05-2015,13:24:28,102,Cancelled
7596,08-05-2015,13:27:35,104,Delivered
7597,08-05-2015,13:27:53,105,Cancelled
7598,08-05-2015,13:34:16,109,Failed
7599,08-05-2015,13:42:40,108,Cancelled
7600,08-05-2015,13:59:35,106,Cancelled
7601,08-05-2015,14:15:04,109,Success
7602,08-05-2015,15:06:25,105,Success
7603,08-05-2015,15:20:36,110,Cancelled
7604,08-05-2015,15:50:29,106,Cancelled
7605,08-05-2015,16:24:35,102,Success
7606,08-05-2015,16:27:05,104,Cancelled
7607,08-05-2015,16:32:57,108,Success
7608,08-05-2015,16:54:59,110,Cancelled
7609,08-05-2015,16:56:13,107,Cancelled
7610,08-05-2015,16:56:38,107,Delivered
7611,08-05-2015,16:58:40,108,Failed
7612,08-05-2015,17:07:15,106,Delivered
7613,08-05-2015,17:21:38,109,Success
7614,08-05-2015,17:32:01,105,Failed
7615,08-05-2015,17:41:17,110,Cancelled
7616,08-05-2015,17:42:07,102,Success
7617,08-05-2015,17:46:27,104,Cancelled
7618,08-05-2015,17:47:50,104,Success
7619,08-05-2015,17:57:47,109,Failed
7620,08-05-2015,18:00:56,102,Failed
7621,08-05-2015,18:15:12,110,Delivered
7622,08-05-2015,18:39:29,103,Cancelled
7623,08-05-2015,18:48:03,106,Failed
7624,08-05-2015,18:48:23,104,Success
7625,08-05-2015,19:00:12,108,Delivered
7626,08-05-2015,19:01:14,103,Cancelled
7627,08-05-2015,19:04:52,107,Failed
7628,08-05-2015,19:05:52,108,Success
7629,08-05-2015,19:12:12,102,Cancelled
7630,08-05-2015,19:18:25,107,Failed
7631,08-05-2015,19:27:27,107,Cancelled
7632,08-05-2015,19:37:48,107,Cancelled
7633,08-05-2015,19:51:05,102,Success
7634,08-05-2015,19:54:08,101,Failed
7635,08-05-2015,19:59:59,107,Success
7636,08-05-2015,20:01:46,105,Cancelled
7637,08-05-2015,20:03:48,106,Success
7638,08-05-2015,20:08:52,106,Delivered
7639,08-05-2015,20:33:38,109,Cancelled
7640,08-05-2015,20:47:09,103,Failed
7641,08-05-2015,21:04:25,108,Delivered
7642,08-05-2015,21:25:47,108,Failed
7643,08-05-2015,21:29:01,101,Delivered
7644,08-05-2015,21:42:05,106,Failed
7645,08-05-2015,21:42:13,110,Cancelled
7646,08-05-2015,21:45:30,103,Cancelled
7647,08-05-2015,21:49:15,109,Cancelled
7648,08-05-2015,21:57:28,102,Success
7649,08-05-2015,21:58:47,106,Failed
7650,09-05-2015,11:34:32,104,Cancelled
7651,09-05-2015,11:38:49,106,Success
7652,09-05-2015,12:08:50,102,Delivered
7653,09-05-2015,12:10:30,105,Failed
7654,09-05-2015,12:35:57,105,Success
7655,09-05-2015,13:10:22,106,Cancelled
7656,09-05-2015,13:10:51,109,Cancelled
7657,09-05-2015,13:13:16,102,Failed
7658,09-05-2015,13:18:40,106,Success
7659,09-05-2015,13:36:03,103,Failed
7660,09-05-2015,14:13:46,103,Failed
7661,09-05-2015,14:27:17,109,Success
7662,09-05-2015,14:30:14,110,Success
7663,09-05-2015,14:39:52,108,Failed
7664,09-05-2015,15:04:13,108,Success
7665,09-05-2015,15:33:05,103,Failed
7666,09-05-2015,15:36:47,104,Failed
7667,09-05-2015,15:43:57,102,Failed
7668,09-05-2015,15:58:41,101,Failed
7669,09-05-2015,16:04:13,108,Failed
7670,09-05-2015,16:16:03,106,Failed
7671,09-05-2015,16:17:47,109,Delivered
7672,09-05-2015,16:48:54,105,Delivered
7673,09-05-2015,17:02:13,105,Cancelled
7674,09-05-2015,17:02:53,109,Delivered
7675,09-05-2015,17:28:10,106,Delivered
7676,09-05-2015,17:28:55,106,Delivered
7677,09-05-2015,17:35:35,108,Cancelled
7678,09-05-2015,17:37:35,107,Delivered
7679,09-05-2015,17:40:13,105,Failed
7680,09-05-2015,17:41:56,102,Delivered
7681,09-05-2015,17:44:20,104,Cancelled
7682,09-05-2015,17:58:44,103,Success
7683,09-05-2015,18:06:45,104,Success
7684,09-05-2015,18:10:49,105,Failed
7685,09-05-2015,18:26:40,106,Success
7686,09-05-2015,18:39:01,103,Success
7687,09-05-2015,18:39:13,102,Cancelled
7688,09-05-2015,18:51:37,105,Success
7689,09-05-2015,19:17:27,110,Delivered
7690,09-05-2015,19:33:32,103,Success
7691,09-05-2015,19:42:43,101,Failed
7692,09-05-2015,19:44:46,103,Failed
7693,09-05-2015,19:54:19,105,Success
7694,09-05-2015,20:15:43,104,Delivered
7695,09-05-2015,20:31:17,110,Success
7696,09-05-2015,20:35:01,107,Failed
7697,09-05-2015,20:42:39,102,Cancelled
7698,09-05-2015,20:42:57,103,Cancelled
7699,09-05-2015,20:46:07,102,Cancelled
7700,09-05-2015,20:51:56,102,Cancelled
7701,09-05-2015,21:08:58,102,Cancelled
7702,09-05-2015,21:39:07,103,Success
7703,09-05-2015,21:51:22,101,Failed
7704,09-05-2015,22:15:37,107,Success
7705,09-05-2015,22:18:53,106,Delivered
7706,10-05-2015,11:55:09,104,Failed
7707,10-05-2015,12:04:45,110,Success
7708,10-05-2015,12:11:02,108,Success
7709,10-05-2015,12:22:19,102,Failed
7710,10-05-2015,12:24:32,101,Success
7711,10-05-2015,12:31:52,105,Delivered
7712,10-05-2015,12:48:38,103,Delivered
7713,10-05-2015,12:49:43,103,Success
7714,10-05-2015,12:59:35,109,Success
7715,10-05-2015,13:12:25,105,Failed
7716,10-05-2015,14:09:19,110,Cancelled
7717,10-05-2015,14:30:53,101,Cancelled
7718,10-05-2015,14:44:42,108,Cancelled
7719,10-05-2015,15:11:59,108,Success
7720,10-05-2015,15:23:04,103,Success
7721,10-05-2015,15:27:54,104,Failed
7722,10-05-2015,15:28:38,107,Delivered
7723,10-05-2015,15:32:00,102,Failed
7724,10-05-2015,15:43:22,110,Delivered
7725,10-05-2015,15:45:52,105,Success
7726,10-05-2015,15:50:36,101,Cancelled
7727,10-05-2015,16:02:23,101,Failed
7728,10-05-2015,16:23:43,108,Failed
7729,10-05-2015,16:38:32,104,Cancelled
7730,10-05-2015,16:51:04,102,Cancelled
7731,10-05-2015,16:51:35,102,Delivered
7732,10-05-2015,17:11:33,110,Failed
7733,10-05-2015,17:17:17,108,Delivered
7734,10-05-2015,17:17:49,103,Cancelled
7735,10-05-2015,17:22:15,105,Failed
7736,10-05-2015,17:45:17,104,Delivered
7737,10-05-2015,17:46:56,106,Cancelled
7738,10-05-2015,17:48:48,107,Failed
7739,10-05-2015,17:49:23,109,Delivered
7740,10-05-2015,17:50:11,101,Failed
7741,10-05-2015,17:56:45,109,Cancelled
7742,10-05-2015,17:58:35,101,Delivered
7743,10-05-2015,17:58:55,104,Failed
7744,10-05-2015,18:14:10,103,Delivered
7745,10-05-2015,18:19:31,107,Delivered
7746,10-05-2015,18:24:57,102,Failed
7747,10-05-2015,18:34:12,102,Cancelled
7748,10-05-2015,18:37:25,106,Success
7749,10-05-2015,18:45:47,101,Success
7750,10-05-2015,19:41:23,108,Success
7751,10-05-2015,19:50:56,101,Cancelled
7752,10-05-2015,19:51:24,108,Delivered
7753,10-05-2015,20:01:59,101,Success
7754,10-05-2015,20:12:02,107,Cancelled
7755,10-05-2015,20:58:31,108,Success
7756,10-05-2015,21:01:56,102,Delivered
7757,10-05-2015,21:19:01,106,Cancelled
7758,10-05-2015,21:21:44,109,Failed
7759,10-05-2015,21:46:59,101,Delivered
7760,10-05-2015,22:16:49,103,Cancelled
7761,11-05-2015,11:26:20,106,Delivered
7762,11-05-2015,11:27:22,108,Failed
7763,11-05-2015,11:35:17,109,Delivered
7764,11-05-2015,11:37:11,104,Failed
7765,11-05-2015,11:37:14,109,Delivered
7766,11-05-2015,11:44:53,102,Success
7767,11-05-2015,11:50:41,107,Delivered
7768,11-05-2015,12:04:08,108,Cancelled
7769,11-05-2015,12:09:12,101,Delivered
7770,11-05-2015,12:29:51,105,Cancelled
7771,11-05-2015,12:45:24,108,Failed
7772,11-05-2015,13:03:16,103,Delivered
7773,11-05-2015,13:04:25,108,Success
7774,11-05-2015,13:09:41,109,Failed
7775,11-05-2015,13:10:18,110,Success
7776,11-05-2015,13:11:20,109,Success
7777,11-05-2015,13:18:17,108,Cancelled
7778,11-05-2015,13:20:19,108,Delivered
7779,11-05-2015,13:51:24,107,Delivered
7780,11-05-2015,13:54:09,110,Delivered
7781,11-05-2015,13:56:21,103,Delivered
7782,11-05-2015,14:21:17,109,Cancelled
7783,11-05-2015,14:21:58,105,Failed
7784,11-05-2015,14:26:31,104,Delivered
7785,11-05-2015,14:29:39,102,Success
7786,11-05-2015,14:34:10,105,Success
7787,11-05-2015,15:08:44,101,Failed
7788,11-05-2015,16:04:29,109,Success
7789,11-05-2015,16:30:07,102,Failed
7790,11-05-2015,16:38:46,105,Success
7791,11-05-2015,16:49:35,107,Cancelled
7792,11-05-2015,16:58:22,107,Cancelled
7793,11-05-2015,17:05:14,106,Success
7794,11-05-2015,17:15:09,108,Failed
7795,11-05-2015,17:22:49,107,Success
7796,11-05-2015,17:28:36,105,Delivered
7797,11-05-2015,17:39:42,105,Cancelled
7798,11-05-2015,17:40:01,105,Success
7799,11-05-2015,17:49:16,103,Failed
7800,11-05-2015,17:53:46,107,Cancelled
7801,11-05-2015,17:59:12,106,Success
7802,11-05-2015,18:04:57,109,Success
7803,11-05-2015,18:05:56,110,Delivered
7804,11-05-2015,18:43:49,109,Failed
7805,11-05-2015,18:58:55,104,Failed
7806,11-05-2015,19:02:18,109,Delivered
7807,11-05-2015,19:09:14,106,Delivered
7808,11-05-2015,19:10:58,109,Cancelled
7809,11-05-2015,19:17:30,103,Failed
7810,11-05-2015,19:20:35,103,Success
7811,11-05-2015,19:29:22,110,Delivered
7812,11-05-2015,19:34:35,104,Delivered
7813,11-05-2015,19:38:14,104,Delivered
7814,11-05-2015,19:45:00,109,Cancelled
7815,11-05-2015,19:45:13,106,Cancelled
7816,11-05-2015,20:11:34,101,Delivered
7817,11-05-2015,20:51:14,101,Failed
7818,11-05-2015,21:06:34,109,Cancelled
7819,11-05-2015,21:13:42,110,Success
7820,11-05-2015,21:27:27,110,Failed
7821,12-05-2015,11:38:16,102,Success
7822,12-05-2015,11:51:13,106,Cancelled
7823,12-05-2015,12:00:27,109,Cancelled
7824,12-05-2015,12:05:03,107,Failed
7825,12-05-2015,12:15:51,106,Success
7826,12-05-2015,12:20:56,107,Delivered
7827,12-05-2015,12:22:07,110,Delivered
7828,12-05-2015,12:27:06,108,Delivered
7829,12-05-2015,12:30:13,109,Cancelled
7830,12-05-2015,12:39:37,109,Failed
7831,12-05-2015,12:53:49,104,Cancelled
7832,12-05-2015,13:04:13,108,Cancelled
7833,12-05-2015,13:11:04,104,Cancelled
7834,12-05-2015,13:12:30,104,Success
7835,12-05-2015,13:13:42,110,Cancelled
7836,12-05-2015,13:17:01,108,Cancelled
7837,12-05-2015,13:34:52,109,Failed
7838,12-05-2015,13:35:20,101,Success
7839,12-05-2015,13:44:49,105,Failed
7840,12-05-2015,13:50:13,102,Failed
7841,12-05-2015,14:01:39,101,Success
7842,12-05-2015,14:13:00,108,Failed
7843,12-05-2015,14:59:06,108,Cancelled
7844,12-05-2015,14:59:26,107,Cancelled
7845,12-05-2015,15:00:45,101,Delivered
7846,12-05-2015,15:33:50,107,Delivered
7847,12-05-2015,15:36:32,103,Delivered
7848,12-05-2015,15:48:45,105,Success
7849,12-05-2015,16:05:09,104,Failed
7850,12-05-2015,16:08:01,110,Success
7851,12-05-2015,16:14:24,107,Delivered
7852,12-05-2015,16:33:00,106,Delivered
7853,12-05-2015,16:55:23,107,Delivered
7854,12-05-2015,16:56:17,101,Failed
7855,12-05-2015,16:58:36,109,Failed
7856,12-05-2015,17:01:28,110,Delivered
7857,12-05-2015,17:03:51,108,Cancelled
7858,12-05-2015,17:11:21,103,Delivered
7859,12-05-2015,17:23:22,104,Failed
7860,12-05-2015,17:25:32,107,Delivered
7861,12-05-2015,17:26:24,110,Failed
7862,12-05-2015,17:33:44,106,Success
7863,12-05-2015,17:46:17,101,Failed
7864,12-05-2015,18:21:29,108,Success
7865,12-05-2015,18:21:44,103,Failed
7866,12-05-2015,18:33:59,106,Failed
7867,12-05-2015,18:44:45,105,Delivered
7868,12-05-2015,18:49:37,102,Failed
7869,12-05-2015,19:01:22,107,Failed
7870,12-05-2015,19:08:40,106,Cancelled
7871,12-05-2015,19:28:52,108,Cancelled
7872,12-05-2015,19:31:57,108,Failed
7873,12-05-2015,19:58:03,110,Delivered
7874,12-05-2015,20:10:02,104,Delivered
7875,12-05-2015,20:39:30,109,Delivered
7876,12-05-2015,20:43:56,105,Delivered
7877,12-05-2015,20:55:23,103,Delivered
7878,12-05-2015,21:01:48,107,Success
7879,12-05-2015,21:21:29,105,Success
7880,12-05-2015,21:30:02,106,Delivered
7881,12-05-2015,21:49:53,110,Delivered
7882,12-05-2015,22:16:03,103,Failed
7883,13-05-2015,11:17:41,101,Cancelled
7884,13-05-2015,11:31:29,106,Success
7885,13-05-2015,11:38:48,101,Success
7886,13-05-2015,11:44:10,107,Failed
7887,13-05-2015,11:47:07,110,Success
7888,13-05-2015,11:57:54,103,Delivered
7889,13-05-2015,11:59:19,107,Success
7890,13-05-2015,12:05:41,105,Cancelled
7891,13-05-2015,12:17:17,104,Success
7892,13-05-2015,12:27:35,102,Failed
7893,13-05-2015,12:30:48,107,Cancelled
7894,13-05-2015,12:30:58,106,Success
7895,13-05-2015,12:31:38,103,Delivered
7896,13-05-2015,12:39:48,110,Success
7897,13-05-2015,12:44:38,106,Failed
7898,13-05-2015,12:56:27,108,Failed
7899,13-05-2015,13:01:32,101,Cancelled
7900,13-05-2015,13:09:23,103,Success
7901,13-05-2015,13:19:21,107,Failed
7902,13-05-2015,13:25:39,105,Cancelled
7903,13-05-2015,13:54:23,105,Failed
7904,13-05-2015,14:02:20,105,Cancelled
7905,13-05-2015,14:12:16,105,Failed
7906,13-05-2015,14:13:10,101,Cancelled
7907,13-05-2015,14:47:50,110,Cancelled
7908,13-05-2015,14:53:14,109,Success
7909,13-05-2015,14:57:07,110,Delivered
7910,13-05-2015,15:12:07,102,Failed
7911,13-05-2015,15:26:11,108,Delivered
7912,13-05-2015,15:36:52,110,Cancelled
7913,13-05-2015,15:50:24,106,Cancelled
7914,13-05-2015,15:56:10,110,Failed
7915,13-05-2015,15:56:20,108,Success
7916,13-05-2015,16:10:06,105,Delivered
7917,13-05-2015,16:36:17,106,Cancelled
7918,13-05-2015,16:51:02,107,Delivered
7919,13-05-2015,16:51:18,102,Success
7920,13-05-2015,17:06:21,102,Delivered
7921,13-05-2015,17:08:01,101,Cancelled
7922,13-05-2015,17:11:11,109,Success
7923,13-05-2015,17:13:13,107,Failed
7924,13-05-2015,17:17:31,109,Failed
7925,13-05-2015,17:35:48,105,Failed
7926,13-05-2015,17:37:55,107,Cancelled
7927,13-05-2015,17:46:58,108,Failed
7928,13-05-2015,18:29:00,105,Success
7929,13-05-2015,18:32:38,101,Cancelled
7930,13-05-2015,18:33:37,101,Cancelled
7931,13-05-2015,18:36:15,105,Failed
7932,13-05-2015,18:57:23,108,Failed
7933,13-05-2015,19:02:37,108,Success
7934,13-05-2015,19:13:01,101,Failed
7935,13-05-2015,19:24:15,110,Cancelled
7936,13-05-2015,19:27:08,102,Cancelled
7937,13-05-2015,19:38:17,104,Success
7938,13-05-2015,19:49:16,102,Cancelled
7939,13-05-2015,20:07:49,107,Failed
7940,13-05-2015,20:10:01,101,Cancelled
7941,13-05-2015,20:27:36,104,Delivered
7942,13-05-2015,20:30:22,110,Failed
7943,13-05-2015,20:50:17,107,Success
7944,13-05-2015,22:08:45,102,Failed
7945,13-05-2015,22:23:35,104,Success
7946,14-05-2015,11:36:58,105,Success
7947,14-05-2015,11:45:09,108,Success
7948,14-05-2015,11:50:01,105,Failed
7949,14-05-2015,12:12:02,105,Cancelled
7950,14-05-2015,12:12:24,103,Cancelled
7951,14-05-2015,12:13:35,105,Success
7952,14-05-2015,12:30:21,109,Success
7953,14-05-2015,12:30:26,110,Success
7954,14-05-2015,12:31:27,109,Delivered
7955,14-05-2015,12:33:15,106,Failed
7956,14-05-2015,12:40:06,107,Cancelled
7957,14-05-2015,12:40:08,102,Cancelled
7958,14-05-2015,12:43:48,102,Cancelled
7959,14-05-2015,12:57:13,102,Failed
7960,14-05-2015,13:00:01,102,Delivered
7961,14-05-2015,13:04:17,107,Failed
7962,14-05-2015,13:05:07,109,Failed
7963,14-05-2015,13:05:30,102,Success
7964,14-05-2015,13:06:22,108,Failed
7965,14-05-2015,13:26:21,106,Cancelled
7966,14-05-2015,13:28:23,110,Delivered
7967,14-05-2015,13:38:12,104,Cancelled
7968,14-05-2015,13:45:53,107,Failed
7969,14-05-2015,13:47:53,109,Failed
7970,14-05-2015,13:48:29,102,Cancelled
7971,14-05-2015,13:56:07,103,Delivered
7972,14-05-2015,14:10:52,101,Cancelled
7973,14-05-2015,14:43:33,102,Delivered
7974,14-05-2015,14:49:15,108,Delivered
7975,14-05-2015,14:52:35,106,Delivered
7976,14-05-2015,15:09:14,104,Delivered
7977,14-05-2015,15:20:53,107,Success
7978,14-05-2015,15:31:04,105,Failed
7979,14-05-2015,16:30:34,107,Delivered
7980,14-05-2015,16:49:55,109,Cancelled
7981,14-05-2015,16:50:39,108,Failed
7982,14-05-2015,17:17:02,107,Delivered
7983,14-05-2015,17:32:18,104,Cancelled
7984,14-05-2015,17:42:25,104,Delivered
7985,14-05-2015,17:46:25,102,Failed
7986,14-05-2015,17:51:11,106,Failed
7987,14-05-2015,17:51:12,103,Failed
7988,14-05-2015,17:59:09,104,Delivered
7989,14-05-2015,18:00:32,110,Delivered
7990,14-05-2015,18:01:10,105,Failed
7991,14-05-2015,18:15:37,104,Success
7992,14-05-2015,18:20:55,108,Failed
7993,14-05-2015,18:22:35,101,Success
7994,14-05-2015,18:34:37,109,Delivered
7995,14-05-2015,18:35:54,104,Success
7996,14-05-2015,18:40:06,110,Success
7997,14-05-2015,18:48:44,102,Delivered
7998,14-05-2015,19:03:12,104,Failed
7999,14-05-2015,19:05:50,103,Delivered
8000,14-05-2015,19:15:29,106,Cancelled
8001,14-05-2015,19:25:20,110,Cancelled
8002,14-05-2015,19:35:06,109,Success
8003,14-05-2015,19:40:48,110,Failed
8004,14-05-2015,20:11:21,106,Failed
8005,14-05-2015,20:13:20,104,Delivered
8006,14-05-2015,20:14:42,103,Delivered
8007,14-05-2015,20:28:10,102,Success
8008,14-05-2015,20:51:58,107,Success
8009,14-05-2015,20:56:07,105,Delivered
8010,14-05-2015,20:56:52,104,Failed
8011,14-05-2015,21:02:58,105,Success
8012,14-05-2015,21:05:33,108,Failed
8013,14-05-2015,21:23:42,105,Cancelled
8014,14-05-2015,21:27:11,102,Cancelled
8015,15-05-2015,11:25:33,106,Failed
8016,15-05-2015,11:29:54,107,Failed
8017,15-05-2015,11:30:22,101,Cancelled
8018,15-05-2015,11:38:22,107,Delivered
8019,15-05-2015,11:41:55,107,Delivered
8020,15-05-2015,11:43:14,110,Success
8021,15-05-2015,11:52:10,101,Failed
8022,15-05-2015,12:13:13,101,Success
8023,15-05-2015,12:16:01,103,Success
8024,15-05-2015,12:36:47,106,Cancelled
8025,15-05-2015,12:47:31,105,Cancelled
8026,15-05-2015,13:01:35,107,Cancelled
8027,15-05-2015,13:01:36,104,Failed
8028,15-05-2015,13:06:12,110,Failed
8029,15-05-2015,13:14:12,109,Failed
8030,15-05-2015,13:17:25,107,Cancelled
8031,15-05-2015,13:21:08,105,Cancelled
8032,15-05-2015,13:26:52,108,Failed
8033,15-05-2015,13:31:59,101,Cancelled
8034,15-05-2015,13:33:31,102,Success
8035,15-05-2015,13:38:19,109,Delivered
8036,15-05-2015,13:42:46,103,Failed
8037,15-05-2015,13:54:19,109,Cancelled
8038,15-05-2015,13:59:07,102,Success
8039,15-05-2015,14:08:35,105,Success
8040,15-05-2015,14:13:27,102,Success
8041,15-05-2015,14:33:58,105,Cancelled
8042,15-05-2015,14:39:02,102,Delivered
8043,15-05-2015,14:40:15,101,Failed
8044,15-05-2015,14:53:13,106,Delivered
8045,15-05-2015,15:02:25,101,Cancelled
8046,15-05-2015,15:15:38,105,Success
8047,15-05-2015,15:47:34,107,Cancelled
8048,15-05-2015,16:27:54,102,Delivered
8049,15-05-2015,16:28:24,101,Success
8050,15-05-2015,16:29:51,107,Success
8051,15-05-2015,16:48:04,103,Failed
8052,15-05-2015,16:51:40,103,Success
8053,15-05-2015,17:19:36,102,Failed
8054,15-05-2015,17:19:53,102,Cancelled
8055,15-05-2015,17:25:37,106,Failed
8056,15-05-2015,17:35:24,107,Delivered
8057,15-05-2015,17:42:38,107,Success
8058,15-05-2015,17:47:26,109,Success
8059,15-05-2015,17:51:11,110,Delivered
8060,15-05-2015,17:52:09,106,Success
8061,15-05-2015,17:55:21,109,Cancelled
8062,15-05-2015,17:55:39,101,Cancelled
8063,15-05-2015,18:06:21,105,Success
8064,15-05-2015,18:13:46,107,Failed
8065,15-05-2015,18:23:33,107,Cancelled
8066,15-05-2015,18:25:44,103,Success
8067,15-05-2015,18:32:16,109,Failed
8068,15-05-2015,18:33:49,106,Success
8069,15-05-2015,18:37:09,110,Delivered
8070,15-05-2015,18:46:04,109,Delivered
8071,15-05-2015,18:46:09,107,Delivered
8072,15-05-2015,18:49:52,105,Failed
8073,15-05-2015,18:50:13,106,Cancelled
8074,15-05-2015,18:52:08,108,Delivered
8075,15-05-2015,19:13:32,108,Delivered
8076,15-05-2015,19:13:49,106,Success
8077,15-05-2015,19:20:50,103,Delivered
8078,15-05-2015,19:25:32,107,Cancelled
8079,15-05-2015,19:26:05,106,Failed
8080,15-05-2015,19:27:26,110,Failed
8081,15-05-2015,19:31:31,108,Cancelled
8082,15-05-2015,19:48:38,101,Cancelled
8083,15-05-2015,19:52:50,101,Cancelled
8084,15-05-2015,19:55:24,103,Success
8085,15-05-2015,19:55:58,110,Failed
8086,15-05-2015,19:59:57,101,Cancelled
8087,15-05-2015,20:01:21,103,Delivered
8088,15-05-2015,20:02:44,106,Failed
8089,15-05-2015,20:04:48,105,Cancelled
8090,15-05-2015,20:13:35,107,Cancelled
8091,15-05-2015,20:17:55,110,Failed
8092,15-05-2015,20:34:54,105,Cancelled
8093,15-05-2015,20:45:10,102,Cancelled
8094,15-05-2015,20:48:11,103,Failed
8095,15-05-2015,20:52:32,104,Cancelled
8096,15-05-2015,21:02:02,101,Success
8097,15-05-2015,21:09:50,107,Delivered
8098,15-05-2015,21:10:51,106,Delivered
8099,15-05-2015,21:17:01,104,Failed
8100,15-05-2015,21:17:52,104,Cancelled
8101,15-05-2015,21:34:10,102,Failed
8102,15-05-2015,21:41:34,107,Failed
8103,15-05-2015,21:43:13,102,Delivered
8104,15-05-2015,21:43:53,104,Success
8105,15-05-2015,22:16:25,104,Failed
8106,15-05-2015,22:24:20,105,Success
8107,15-05-2015,22:34:09,103,Failed
8108,15-05-2015,22:59:54,109,Success
8109,16-05-2015,11:54:32,103,Cancelled
8110,16-05-2015,11:57:47,103,Success
8111,16-05-2015,12:31:41,107,Cancelled
8112,16-05-2015,12:53:29,103,Delivered
8113,16-05-2015,13:01:28,109,Failed
8114,16-05-2015,13:27:42,106,Success
8115,16-05-2015,13:42:42,109,Success
8116,16-05-2015,13:51:12,103,Cancelled
8117,16-05-2015,13:57:42,101,Success
8118,16-05-2015,14:01:00,102,Success
8119,16-05-2015,14:10:12,102,Success
8120,16-05-2015,14:23:21,101,Failed
8121,16-05-2015,14:24:30,109,Delivered
8122,16-05-2015,14:35:18,106,Failed
8123,16-05-2015,14:54:33,102,Cancelled
8124,16-05-2015,15:02:06,104,Delivered
8125,16-05-2015,15:26:59,102,Cancelled
8126,16-05-2015,15:44:44,101,Success
8127,16-05-2015,15:54:15,102,Failed
8128,16-05-2015,16:01:30,109,Delivered
8129,16-05-2015,16:14:02,108,Failed
8130,16-05-2015,16:33:36,106,Success
8131,16-05-2015,16:44:30,109,Failed
8132,16-05-2015,16:50:30,110,Failed
8133,16-05-2015,17:04:23,102,Delivered
8134,16-05-2015,17:09:16,102,Delivered
8135,16-05-2015,17:09:58,103,Success
8136,16-05-2015,17:26:36,107,Cancelled
8137,16-05-2015,17:26:56,104,Cancelled
8138,16-05-2015,17:30:07,105,Success
8139,16-05-2015,17:46:43,101,Delivered
8140,16-05-2015,17:48:04,108,Failed
8141,16-05-2015,17:51:20,104,Cancelled
8142,16-05-2015,17:56:12,101,Delivered
8143,16-05-2015,18:01:08,102,Success
8144,16-05-2015,18:04:46,102,Success
8145,16-05-2015,18:11:45,101,Success
8146,16-05-2015,18:41:46,107,Delivered
8147,16-05-2015,18:45:27,108,Cancelled
8148,16-05-2015,19:09:17,101,Success
8149,16-05-2015,19:09:50,109,Delivered
8150,16-05-2015,19:15:45,109,Failed
8151,16-05-2015,19:21:25,103,Cancelled
8152,16-05-2015,19:25:15,104,Failed
8153,16-05-2015,19:31:26,102,Cancelled
8154,16-05-2015,19:40:20,103,Cancelled
8155,16-05-2015,19:48:23,101,Cancelled
8156,16-05-2015,20:03:21,101,Success
8157,16-05-2015,20:04:40,102,Failed
8158,16-05-2015,20:38:23,109,Failed
8159,16-05-2015,20:45:07,103,Cancelled
8160,16-05-2015,20:46:33,106,Cancelled
8161,16-05-2015,20:58:45,104,Failed
8162,16-05-2015,21:04:04,102,Failed
8163,16-05-2015,21:05:24,102,Delivered
8164,16-05-2015,21:19:25,105,Success
8165,16-05-2015,21:24:05,104,Success
8166,16-05-2015,21:35:20,108,Success
8167,16-05-2015,21:41:00,106,Failed
8168,16-05-2015,21:42:10,106,Failed
8169,16-05-2015,21:53:14,108,Delivered
8170,17-05-2015,11:59:40,105,Delivered
8171,17-05-2015,12:12:24,103,Cancelled
8172,17-05-2015,12:32:27,103,Delivered
8173,17-05-2015,13:05:32,105,Failed
8174,17-05-2015,13:11:38,108,Cancelled
8175,17-05-2015,13:27:48,108,Success
8176,17-05-2015,13:34:54,104,Cancelled
8177,17-05-2015,13:35:05,108,Delivered
8178,17-05-2015,13:50:45,102,Success
8179,17-05-2015,13:57:19,107,Failed
8180,17-05-2015,14:22:15,108,Cancelled
8181,17-05-2015,14:49:55,104,Cancelled
8182,17-05-2015,14:59:04,107,Success
8183,17-05-2015,15:07:33,106,Success
8184,17-05-2015,15:17:34,102,Failed
8185,17-05-2015,15:23:59,105,Failed
8186,17-05-2015,15:34:17,101,Failed
8187,17-05-2015,15:34:32,102,Failed
8188,17-05-2015,15:37:09,107,Cancelled
8189,17-05-2015,16:02:54,106,Delivered
8190,17-05-2015,16:12:19,103,Delivered
8191,17-05-2015,16:22:35,103,Success
8192,17-05-2015,16:36:01,108,Success
8193,17-05-2015,17:09:00,102,Cancelled
8194,17-05-2015,17:15:06,103,Cancelled
8195,17-05-2015,17:31:34,104,Cancelled
8196,17-05-2015,17:33:02,108,Cancelled
8197,17-05-2015,18:01:10,107,Success
8198,17-05-2015,18:03:19,103,Delivered
8199,17-05-2015,18:24:36,102,Delivered
8200,17-05-2015,18:25:46,103,Delivered
8201,17-05-2015,18:32:09,110,Success
8202,17-05-2015,18:41:19,110,Delivered
8203,17-05-2015,19:00:30,103,Success
8204,17-05-2015,19:08:05,103,Cancelled
8205,17-05-2015,19:13:44,106,Success
8206,17-05-2015,19:15:56,107,Success
8207,17-05-2015,19:58:18,101,Success
8208,17-05-2015,20:02:26,108,Success
8209,17-05-2015,20:41:33,110,Cancelled
8210,17-05-2015,20:53:19,109,Delivered
8211,17-05-2015,20:54:45,102,Failed
8212,17-05-2015,21:01:24,108,Delivered
8213,17-05-2015,21:07:58,103,Cancelled
8214,17-05-2015,21:10:37,102,Failed
8215,17-05-2015,21:17:33,103,Success
8216,17-05-2015,21:33:29,107,Delivered
8217,17-05-2015,21:50:44,102,Success
8218,17-05-2015,22:11:56,110,Delivered
8219,18-05-2015,11:16:14,110,Delivered
8220,18-05-2015,11:16:57,109,Success
8221,18-05-2015,11:22:39,102,Success
8222,18-05-2015,11:32:11,107,Failed
8223,18-05-2015,11:43:01,110,Delivered
8224,18-05-2015,11:51:46,108,Success
8225,18-05-2015,11:52:32,108,Success
8226,18-05-2015,12:05:59,108,Delivered
8227,18-05-2015,12:14:40,103,Success
8228,18-05-2015,12:17:25,109,Success
8229,18-05-2015,12:23:00,109,Failed
8230,18-05-2015,12:41:29,109,Failed
8231,18-05-2015,12:42:38,106,Cancelled
8232,18-05-2015,12:42:51,105,Failed
8233,18-05-2015,13:13:44,104,Success
8234,18-05-2015,13:19:44,103,Success
8235,18-05-2015,13:29:20,104,Success
8236,18-05-2015,13:57:04,103,Success
8237,18-05-2015,14:22:31,103,Success
8238,18-05-2015,14:29:52,110,Cancelled
8239,18-05-2015,14:30:35,109,Cancelled
8240,18-05-2015,14:30:42,109,Delivered
8241,18-05-2015,14:44:03,110,Failed
8242,18-05-2015,15:30:57,101,Failed
8243,18-05-2015,15:38:56,103,Success
8244,18-05-2015,15:41:55,104,Delivered
8245,18-05-2015,15:48:25,103,Failed
8246,18-05-2015,16:15:01,103,Success
8247,18-05-2015,16:32:36,106,Failed
8248,18-05-2015,16:33:42,103,Delivered
8249,18-05-2015,16:41:10,102,Success
8250,18-05-2015,16:49:04,106,Delivered
8251,18-05-2015,16:58:45,108,Failed
8252,18-05-2015,17:21:10,105,Cancelled
8253,18-05-2015,17:24:40,103,Delivered
8254,18-05-2015,17:25:02,101,Cancelled
8255,18-05-2015,17:27:14,105,Delivered
8256,18-05-2015,17:46:10,108,Cancelled
8257,18-05-2015,18:05:07,106,Delivered
8258,18-05-2015,18:07:13,108,Cancelled
8259,18-05-2015,18:31:11,107,Delivered
8260,18-05-2015,18:44:47,105,Failed
8261,18-05-2015,18:52:42,101,Failed
8262,18-05-2015,18:55:49,103,Delivered
8263,18-05-2015,19:03:24,105,Failed
8264,18-05-2015,19:35:01,107,Cancelled
8265,18-05-2015,19:36:58,101,Cancelled
8266,18-05-2015,19:45:13,101,Success
8267,18-05-2015,19:47:25,104,Success
8268,18-05-2015,20:09:13,101,Failed
8269,18-05-2015,20:12:06,101,Delivered
8270,18-05-2015,20:25:03,103,Failed
8271,18-05-2015,20:41:47,106,Success
8272,18-05-2015,20:44:21,107,Cancelled
8273,18-05-2015,22:09:14,103,Success
8274,18-05-2015,22:29:47,110,Cancelled
8275,18-05-2015,22:29:59,103,Delivered
8276,19-05-2015,11:15:48,105,Failed
8277,19-05-2015,11:26:05,104,Success
8278,19-05-2015,11:37:21,110,Cancelled
8279,19-05-2015,11:48:28,107,Delivered
8280,19-05-2015,11:57:39,105,Failed
8281,19-05-2015,12:03:38,109,Success
8282,19-05-2015,12:17:35,101,Success
8283,19-05-2015,12:27:58,103,Failed
8284,19-05-2015,12:36:23,102,Delivered
8285,19-05-2015,12:39:10,105,Success
8286,19-05-2015,12:42:46,102,Failed
8287,19-05-2015,12:46:54,102,Success
8288,19-05-2015,12:58:19,106,Delivered
8289,19-05-2015,13:00:55,104,Delivered
8290,19-05-2015,13:23:47,103,Cancelled
8291,19-05-2015,13:24:30,104,Cancelled
8292,19-05-2015,13:34:43,107,Failed
8293,19-05-2015,13:40:54,107,Cancelled
8294,19-05-2015,13:50:16,104,Failed
8295,19-05-2015,14:19:08,102,Success
8296,19-05-2015,14:44:12,104,Success
8297,19-05-2015,15:19:26,103,Delivered
8298,19-05-2015,15:32:53,103,Success
8299,19-05-2015,15:35:15,105,Delivered
8300,19-05-2015,16:04:58,110,Success
8301,19-05-2015,16:19:54,103,Cancelled
8302,19-05-2015,16:36:42,108,Cancelled
8303,19-05-2015,16:48:21,106,Failed
8304,19-05-2015,17:10:51,108,Failed
8305,19-05-2015,17:24:44,102,Failed
8306,19-05-2015,17:47:01,102,Failed
8307,19-05-2015,17:58:37,109,Failed
8308,19-05-2015,18:05:54,105,Cancelled
8309,19-05-2015,18:25:52,106,Delivered
8310,19-05-2015,18:30:18,109,Cancelled
8311,19-05-2015,18:54:32,108,Delivered
8312,19-05-2015,19:04:47,107,Cancelled
8313,19-05-2015,19:08:16,103,Failed
8314,19-05-2015,19:08:29,104,Success
8315,19-05-2015,19:14:23,103,Cancelled
8316,19-05-2015,19:17:28,110,Delivered
8317,19-05-2015,19:31:10,106,Delivered
8318,19-05-2015,19:33:02,107,Failed
8319,19-05-2015,20:24:54,110,Cancelled
8320,19-05-2015,20:28:18,110,Failed
8321,19-05-2015,21:49:28,102,Success
8322,20-05-2015,11:19:06,103,Delivered
8323,20-05-2015,11:30:28,109,Cancelled
8324,20-05-2015,11:35:42,101,Failed
8325,20-05-2015,12:02:52,106,Cancelled
8326,20-05-2015,12:12:34,109,Delivered
8327,20-05-2015,12:16:15,106,Cancelled
8328,20-05-2015,12:19:17,109,Success
8329,20-05-2015,12:23:22,105,Success
8330,20-05-2015,12:25:45,106,Failed
8331,20-05-2015,12:35:36,107,Success
8332,20-05-2015,12:52:14,108,Success
8333,20-05-2015,13:16:12,102,Failed
8334,20-05-2015,13:34:57,108,Delivered
8335,20-05-2015,13:35:12,106,Failed
8336,20-05-2015,13:46:47,101,Failed
8337,20-05-2015,13:49:44,103,Delivered
8338,20-05-2015,13:57:46,104,Cancelled
8339,20-05-2015,14:09:48,107,Delivered
8340,20-05-2015,14:11:37,109,Failed
8341,20-05-2015,14:17:25,102,Cancelled
8342,20-05-2015,14:18:05,106,Cancelled
8343,20-05-2015,14:29:16,104,Failed
8344,20-05-2015,14:55:35,104,Failed
8345,20-05-2015,14:57:20,103,Delivered
8346,20-05-2015,15:03:38,103,Failed
8347,20-05-2015,15:24:45,107,Cancelled
8348,20-05-2015,15:29:07,107,Delivered
8349,20-05-2015,15:38:08,108,Success
8350,20-05-2015,15:40:08,101,Delivered
8351,20-05-2015,15:42:23,102,Delivered
8352,20-05-2015,15:42:33,102,Failed
8353,20-05-2015,15:43:38,108,Cancelled
8354,20-05-2015,16:04:49,108,Cancelled
8355,20-05-2015,16:17:04,102,Success
8356,20-05-2015,16:53:15,101,Failed
8357,20-05-2015,16:55:37,109,Success
8358,20-05-2015,17:11:48,107,Delivered
8359,20-05-2015,17:17:51,106,Failed
8360,20-05-2015,17:26:35,104,Failed
8361,20-05-2015,17:27:48,110,Failed
8362,20-05-2015,17:40:48,102,Failed
8363,20-05-2015,17:52:24,108,Delivered
8364,20-05-2015,17:57:13,107,Delivered
8365,20-05-2015,18:02:07,104,Success
8366,20-05-2015,18:12:54,102,Cancelled
8367,20-05-2015,18:13:28,109,Success
8368,20-05-2015,18:33:39,110,Delivered
8369,20-05-2015,18:35:39,103,Failed
8370,20-05-2015,18:45:36,109,Success
8371,20-05-2015,18:54:54,110,Cancelled
8372,20-05-2015,19:24:45,107,Delivered
8373,20-05-2015,19:25:08,102,Delivered
8374,20-05-2015,19:35:39,107,Delivered
8375,20-05-2015,19:47:23,108,Cancelled
8376,20-05-2015,19:51:56,101,Cancelled
8377,20-05-2015,20:11:45,102,Success
8378,20-05-2015,20:34:17,107,Failed
8379,20-05-2015,20:50:03,102,Cancelled
8380,20-05-2015,20:54:11,110,Success
8381,20-05-2015,21:44:34,110,Cancelled
8382,20-05-2015,22:13:30,109,Cancelled
8383,20-05-2015,22:14:23,108,Success
8384,20-05-2015,22:14:27,101,Success
8385,20-05-2015,22:20:47,108,Success
8386,21-05-2015,11:31:00,109,Delivered
8387,21-05-2015,11:48:48,104,Delivered
8388,21-05-2015,12:12:43,101,Failed
8389,21-05-2015,12:26:16,105,Cancelled
8390,21-05-2015,12:28:46,103,Failed
8391,21-05-2015,12:34:40,110,Delivered
8392,21-05-2015,12:37:25,103,Success
8393,21-05-2015,12:50:08,108,Failed
8394,21-05-2015,13:00:08,108,Success
8395,21-05-2015,13:04:34,107,Delivered
8396,21-05-2015,13:09:21,104,Success
8397,21-05-2015,13:09:40,104,Failed
8398,21-05-2015,13:15:38,104,Delivered
8399,21-05-2015,13:23:02,106,Delivered
8400,21-05-2015,13:29:23,105,Failed
8401,21-05-2015,13:30:34,109,Success
8402,21-05-2015,13:31:38,108,Cancelled
8403,21-05-2015,13:54:50,103,Failed
8404,21-05-2015,14:03:40,106,Delivered
8405,21-05-2015,14:08:26,106,Cancelled
8406,21-05-2015,14:33:12,109,Failed
8407,21-05-2015,14:54:42,104,Delivered
8408,21-05-2015,15:00:37,104,Delivered
8409,21-05-2015,15:55:05,104,Success
8410,21-05-2015,16:07:49,108,Success
8411,21-05-2015,16:49:22,102,Failed
8412,21-05-2015,16:55:38,105,Delivered
8413,21-05-2015,16:55:59,104,Success
8414,21-05-2015,16:57:51,103,Cancelled
8415,21-05-2015,17:03:12,108,Success
8416,21-05-2015,17:12:56,102,Cancelled
8417,21-05-2015,17:13:55,103,Cancelled
8418,21-05-2015,17:16:11,105,Cancelled
8419,21-05-2015,17:16:30,106,Failed
8420,21-05-2015,17:19:26,101,Success
8421,21-05-2015,17:36:58,104,Failed
8422,21-05-2015,17:46:36,108,Cancelled
8423,21-05-2015,18:02:46,101,Cancelled
8424,21-05-2015,18:05:41,105,Delivered
8425,21-05-2015,18:07:32,104,Delivered
8426,21-05-2015,18:12:35,107,Success
8427,21-05-2015,18:22:16,101,Failed
8428,21-05-2015,18:32:14,106,Success
8429,21-05-2015,18:43:18,107,Delivered
8430,21-05-2015,19:04:53,107,Success
8431,21-05-2015,19:13:01,101,Failed
8432,21-05-2015,19:13:07,101,Failed
8433,21-05-2015,19:27:40,101,Cancelled
8434,21-05-2015,19:34:01,105,Delivered
8435,21-05-2015,19:47:53,101,Cancelled
8436,21-05-2015,19:53:53,107,Cancelled
8437,21-05-2015,20:05:28,109,Delivered
8438,21-05-2015,20:23:11,101,Failed
8439,21-05-2015,20:29:21,103,Success
8440,21-05-2015,20:59:17,101,Success
8441,21-05-2015,21:14:52,110,Delivered
8442,21-05-2015,21:16:10,108,Cancelled
8443,21-05-2015,21:28:04,104,Delivered
8444,22-05-2015,11:18:19,103,Delivered
8445,22-05-2015,11:20:20,107,Success
8446,22-05-2015,12:01:37,104,Cancelled
8447,22-05-2015,12:07:25,107,Failed
8448,22-05-2015,12:23:54,104,Cancelled
8449,22-05-2015,12:30:54,103,Failed
8450,22-05-2015,12:31:29,103,Cancelled
8451,22-05-2015,12:34:41,108,Success
8452,22-05-2015,12:39:30,102,Failed
8453,22-05-2015,12:47:47,108,Delivered
8454,22-05-2015,12:50:41,104,Success
8455,22-05-2015,12:52:03,104,Cancelled
8456,22-05-2015,13:23:59,108,Failed
8457,22-05-2015,13:28:01,104,Failed
8458,22-05-2015,13:31:37,103,Failed
8459,22-05-2015,13:35:10,105,Success
8460,22-05-2015,13:37:17,102,Cancelled
8461,22-05-2015,14:44:49,107,Delivered
8462,22-05-2015,14:51:23,106,Success
8463,22-05-2015,15:23:43,108,Cancelled
8464,22-05-2015,15:49:30,105,Delivered
8465,22-05-2015,16:01:51,106,Success
8466,22-05-2015,16:14:53,110,Cancelled
8467,22-05-2015,16:15:32,101,Success
8468,22-05-2015,16:17:47,107,Failed
8469,22-05-2015,16:20:59,110,Failed
8470,22-05-2015,16:22:09,101,Failed
8471,22-05-2015,16:49:27,109,Success
8472,22-05-2015,16:52:56,109,Success
8473,22-05-2015,16:53:19,110,Success
8474,22-05-2015,16:54:55,107,Success
8475,22-05-2015,16:56:23,102,Success
8476,22-05-2015,16:57:16,107,Cancelled
8477,22-05-2015,16:59:49,110,Failed
8478,22-05-2015,17:05:00,109,Success
8479,22-05-2015,17:21:33,106,Success
8480,22-05-2015,17:27:33,108,Failed
8481,22-05-2015,17:48:28,101,Failed
8482,22-05-2015,18:10:16,103,Success
8483,22-05-2015,18:27:53,105,Cancelled
8484,22-05-2015,18:38:36,104,Success
8485,22-05-2015,18:51:52,104,Failed
8486,22-05-2015,18:54:12,107,Failed
8487,22-05-2015,18:54:53,110,Delivered
8488,22-05-2015,18:59:43,103,Success
8489,22-05-2015,19:09:54,101,Cancelled
8490,22-05-2015,19:10:16,101,Success
8491,22-05-2015,19:11:37,104,Cancelled
8492,22-05-2015,19:13:02,110,Success
8493,22-05-2015,19:14:01,104,Delivered
8494,22-05-2015,19:32:18,104,Delivered
8495,22-05-2015,19:39:52,106,Success
8496,22-05-2015,19:57:26,104,Failed
8497,22-05-2015,19:59:48,108,Delivered
8498,22-05-2015,20:00:43,104,Success
8499,22-05-2015,20:03:16,103,Failed
8500,22-05-2015,20:07:41,101,Cancelled
8501,22-05-2015,20:12:44,101,Delivered
8502,22-05-2015,20:15:22,101,Success
8503,22-05-2015,20:28:50,103,Success
8504,22-05-2015,20:48:36,104,Cancelled
8505,22-05-2015,20:53:17,105,Delivered
8506,22-05-2015,20:56:41,106,Delivered
8507,22-05-2015,21:32:16,110,Failed
8508,22-05-2015,21:46:49,104,Cancelled
8509,22-05-2015,22:11:19,105,Delivered
8510,22-05-2015,22:15:52,103,Failed
8511,22-05-2015,22:30:55,101,Delivered
8512,22-05-2015,22:36:21,106,Delivered
8513,22-05-2015,22:53:16,110,Success
8514,22-05-2015,23:02:31,105,Success
8515,23-05-2015,12:05:26,108,Failed
8516,23-05-2015,12:11:24,107,Delivered
8517,23-05-2015,12:21:27,102,Failed
8518,23-05-2015,12:43:51,104,Success
8519,23-05-2015,12:54:43,104,Delivered
8520,23-05-2015,12:56:20,109,Delivered
8521,23-05-2015,12:58:30,101,Delivered
8522,23-05-2015,13:25:32,107,Delivered
8523,23-05-2015,13:29:12,101,Success
8524,23-05-2015,13:40:49,101,Delivered
8525,23-05-2015,13:56:52,104,Failed
8526,23-05-2015,14:16:19,106,Success
8527,23-05-2015,14:24:42,102,Delivered
8528,23-05-2015,14:29:57,110,Success
8529,23-05-2015,14:33:59,107,Cancelled
8530,23-05-2015,15:07:18,101,Success
8531,23-05-2015,15:12:56,103,Delivered
8532,23-05-2015,16:18:47,101,Failed
8533,23-05-2015,16:28:16,109,Delivered
8534,23-05-2015,16:28:43,105,Success
8535,23-05-2015,16:29:50,102,Cancelled
8536,23-05-2015,16:36:36,103,Delivered
8537,23-05-2015,16:41:07,101,Delivered
8538,23-05-2015,16:48:11,103,Success
8539,23-05-2015,17:14:17,109,Failed
8540,23-05-2015,17:27:20,105,Failed
8541,23-05-2015,17:27:27,106,Cancelled
8542,23-05-2015,17:39:24,105,Success
8543,23-05-2015,18:06:16,104,Failed
8544,23-05-2015,18:21:36,104,Cancelled
8545,23-05-2015,18:48:32,107,Success
8546,23-05-2015,18:48:51,106,Success
8547,23-05-2015,18:50:24,101,Delivered
8548,23-05-2015,18:51:23,106,Delivered
8549,23-05-2015,19:00:38,101,Cancelled
8550,23-05-2015,19:04:00,108,Cancelled
8551,23-05-2015,19:25:53,108,Failed
8552,23-05-2015,19:31:31,108,Success
8553,23-05-2015,19:33:15,105,Delivered
8554,23-05-2015,19:39:38,106,Failed
8555,23-05-2015,19:52:27,109,Success
8556,23-05-2015,19:57:05,109,Delivered
8557,23-05-2015,20:05:54,101,Success
8558,23-05-2015,20:12:33,104,Cancelled
8559,23-05-2015,20:23:45,109,Cancelled
8560,23-05-2015,20:40:59,102,Success
8561,23-05-2015,20:47:25,106,Failed
8562,23-05-2015,20:48:05,109,Cancelled
8563,23-05-2015,21:01:47,102,Success
8564,23-05-2015,21:02:36,110,Failed
8565,23-05-2015,21:04:41,110,Failed
8566,23-05-2015,21:13:56,108,Delivered
8567,23-05-2015,21:20:11,106,Cancelled
8568,23-05-2015,21:28:11,103,Delivered
8569,23-05-2015,21:51:28,106,Failed
8570,23-05-2015,21:56:12,104,Cancelled
8571,23-05-2015,22:27:21,107,Delivered
8572,23-05-2015,22:31:35,101,Delivered
8573,23-05-2015,22:53:44,105,Failed
8574,24-05-2015,11:49:47,109,Failed
8575,24-05-2015,11:50:36,103,Success
8576,24-05-2015,12:36:14,110,Failed
8577,24-05-2015,12:40:08,103,Cancelled
8578,24-05-2015,12:41:03,102,Cancelled
8579,24-05-2015,12:45:43,101,Success
8580,24-05-2015,12:46:57,104,Success
8581,24-05-2015,13:02:42,105,Delivered
8582,24-05-2015,13:12:00,102,Cancelled
8583,24-05-2015,13:12:52,103,Delivered
8584,24-05-2015,13:17:25,106,Cancelled
8585,24-05-2015,13:25:13,106,Success
8586,24-05-2015,13:33:02,108,Failed
8587,24-05-2015,13:33:08,103,Success
8588,24-05-2015,13:55:06,101,Success
8589,24-05-2015,14:17:26,110,Success
8590,24-05-2015,14:32:47,108,Success
8591,24-05-2015,14:43:25,101,Failed
8592,24-05-2015,14:56:02,105,Cancelled
8593,24-05-2015,15:05:50,108,Delivered
8594,24-05-2015,15:17:37,104,Cancelled
8595,24-05-2015,15:19:39,101,Cancelled
8596,24-05-2015,15:33:44,103,Failed
8597,24-05-2015,15:42:20,101,Delivered
8598,24-05-2015,15:52:27,102,Cancelled
8599,24-05-2015,16:16:31,101,Failed
8600,24-05-2015,16:18:45,104,Delivered
8601,24-05-2015,16:24:32,103,Cancelled
8602,24-05-2015,16:30:41,106,Success
8603,24-05-2015,16:41:14,109,Success
8604,24-05-2015,16:49:43,110,Cancelled
8605,24-05-2015,16:52:20,103,Success
8606,24-05-2015,17:26:15,108,Delivered
8607,24-05-2015,17:36:19,106,Cancelled
8608,24-05-2015,17:41:54,105,Cancelled
8609,24-05-2015,17:43:23,105,Failed
8610,24-05-2015,17:46:42,103,Failed
8611,24-05-2015,17:47:30,105,Success
8612,24-05-2015,18:07:42,102,Success
8613,24-05-2015,18:23:18,109,Success
8614,24-05-2015,18:33:43,101,Delivered
8615,24-05-2015,18:44:44,101,Success
8616,24-05-2015,18:57:58,102,Success
8617,24-05-2015,18:59:50,110,Delivered
8618,24-05-2015,19:09:49,107,Delivered
8619,24-05-2015,19:17:04,105,Cancelled
8620,24-05-2015,19:31:54,108,Cancelled
8621,24-05-2015,19:36:06,108,Cancelled
8622,24-05-2015,19:57:34,102,Failed
8623,24-05-2015,20:18:48,106,Cancelled
8624,24-05-2015,20:22:56,102,Success
8625,24-05-2015,20:28:07,110,Failed
8626,24-05-2015,20:41:41,101,Delivered
8627,24-05-2015,20:48:11,103,Failed
8628,24-05-2015,21:24:23,108,Delivered
8629,24-05-2015,21:39:04,102,Delivered
8630,24-05-2015,21:43:55,105,Cancelled
8631,24-05-2015,22:05:39,101,Delivered
8632,24-05-2015,22:52:32,106,Failed
8633,25-05-2015,11:15:53,103,Success
8634,25-05-2015,11:22:47,102,Delivered
8635,25-05-2015,11:42:19,109,Delivered
8636,25-05-2015,11:49:49,104,Success
8637,25-05-2015,11:51:35,106,Delivered
8638,25-05-2015,11:58:16,107,Cancelled
8639,25-05-2015,11:59:10,109,Delivered
8640,25-05-2015,12:18:05,108,Failed
8641,25-05-2015,12:24:13,105,Cancelled
8642,25-05-2015,12:30:06,101,Delivered
8643,25-05-2015,12:35:46,104,Cancelled
8644,25-05-2015,12:39:57,106,Success
8645,25-05-2015,13:05:20,106,Cancelled
8646,25-05-2015,13:07:22,105,Success
8647,25-05-2015,13:13:12,103,Delivered
8648,25-05-2015,13:13:14,102,Cancelled
8649,25-05-2015,13:22:50,109,Delivered
8650,25-05-2015,13:26:59,104,Cancelled
8651,25-05-2015,14:09:07,105,Delivered
8652,25-05-2015,14:26:54,109,Cancelled
8653,25-05-2015,14:27:29,104,Cancelled
8654,25-05-2015,14:44:50,110,Delivered
8655,25-05-2015,14:46:01,102,Success
8656,25-05-2015,15:16:37,106,Cancelled
8657,25-05-2015,15:59:30,105,Cancelled
8658,25-05-2015,16:01:47,109,Failed
8659,25-05-2015,16:02:55,106,Cancelled
8660,25-05-2015,16:04:57,105,Failed
8661,25-05-2015,16:38:12,102,Cancelled
8662,25-05-2015,17:05:25,105,Success
8663,25-05-2015,17:27:42,103,Cancelled
8664,25-05-2015,17:41:55,103,Delivered
8665,25-05-2015,17:58:49,106,Cancelled
8666,25-05-2015,18:02:54,109,Delivered
8667,25-05-2015,18:04:28,107,Failed
8668,25-05-2015,18:19:49,106,Delivered
8669,25-05-2015,18:30:07,105,Delivered
8670,25-05-2015,18:30:46,102,Failed
8671,25-05-2015,18:48:11,107,Success
8672,25-05-2015,19:26:51,110,Delivered
8673,25-05-2015,19:42:52,102,Failed
8674,25-05-2015,19:43:39,101,Cancelled
8675,25-05-2015,19:44:04,106,Success
8676,25-05-2015,19:49:18,107,Cancelled
8677,25-05-2015,20:04:50,107,Failed
8678,25-05-2015,20:05:20,101,Delivered
8679,25-05-2015,20:11:34,110,Cancelled
8680,25-05-2015,20:17:15,102,Failed
8681,25-05-2015,20:18:28,102,Failed
8682,25-05-2015,20:47:52,102,Success
8683,25-05-2015,21:01:40,109,Delivered
8684,25-05-2015,21:13:27,108,Cancelled
8685,25-05-2015,21:46:21,101,Failed
8686,25-05-2015,21:50:54,107,Success
8687,25-05-2015,21:51:58,106,Success
8688,25-05-2015,22:17:08,103,Delivered
8689,26-05-2015,11:51:34,110,Cancelled
8690,26-05-2015,11:55:21,104,Success
8691,26-05-2015,12:19:54,107,Success
8692,26-05-2015,12:37:30,109,Delivered
8693,26-05-2015,12:44:45,106,Delivered
8694,26-05-2015,12:48:18,107,Cancelled
8695,26-05-2015,12:58:06,102,Cancelled
8696,26-05-2015,13:04:18,109,Cancelled
8697,26-05-2015,13:21:21,105,Success
8698,26-05-2015,13:32:11,104,Success
8699,26-05-2015,13:54:38,103,Success
8700,26-05-2015,14:17:48,103,Delivered
8701,26-05-2015,15:32:16,104,Cancelled
8702,26-05-2015,15:44:39,108,Failed
8703,26-05-2015,16:27:44,101,Failed
8704,26-05-2015,16:54:40,107,Cancelled
8705,26-05-2015,16:59:24,103,Delivered
8706,26-05-2015,17:14:47,106,Cancelled
8707,26-05-2015,17:17:21,110,Success
8708,26-05-2015,17:17:48,104,Delivered
8709,26-05-2015,17:21:53,102,Success
8710,26-05-2015,17:28:52,110,Delivered
8711,26-05-2015,17:39:38,103,Delivered
8712,26-05-2015,17:48:11,110,Failed
8713,26-05-2015,17:51:18,108,Cancelled
8714,26-05-2015,18:22:11,108,Delivered
8715,26-05-2015,18:26:23,106,Delivered
8716,26-05-2015,18:32:48,102,Delivered
8717,26-05-2015,18:34:05,103,Success
8718,26-05-2015,18:38:16,105,Success
8719,26-05-2015,18:50:00,105,Delivered
8720,26-05-2015,19:13:08,108,Success
8721,26-05-2015,19:22:49,108,Delivered
8722,26-05-2015,19:31:45,107,Failed
8723,26-05-2015,19:47:25,105,Delivered
8724,26-05-2015,19:51:56,102,Cancelled
8725,26-05-2015,20:07:04,110,Delivered
8726,26-05-2015,20:44:51,110,Success
8727,26-05-2015,20:48:05,110,Cancelled
8728,26-05-2015,20:54:05,108,Delivered
8729,26-05-2015,21:03:08,110,Success
8730,26-05-2015,21:13:40,109,Success
8731,26-05-2015,21:15:10,109,Delivered
8732,26-05-2015,21:16:39,109,Failed
8733,26-05-2015,21:34:57,108,Cancelled
8734,26-05-2015,22:13:14,110,Success
8735,26-05-2015,22:18:43,109,Cancelled
8736,26-05-2015,22:24:33,110,Delivered
8737,27-05-2015,11:42:13,102,Failed
8738,27-05-2015,11:43:28,105,Cancelled
8739,27-05-2015,11:59:17,103,Cancelled
8740,27-05-2015,12:04:58,110,Delivered
8741,27-05-2015,12:08:42,103,Success
8742,27-05-2015,12:09:33,103,Failed
8743,27-05-2015,12:45:38,101,Success
8744,27-05-2015,12:49:29,104,Cancelled
8745,27-05-2015,12:55:14,104,Failed
8746,27-05-2015,13:02:04,108,Delivered
8747,27-05-2015,13:02:57,101,Failed
8748,27-05-2015,13:10:29,107,Cancelled
8749,27-05-2015,13:16:13,110,Delivered
8750,27-05-2015,13:21:02,105,Delivered
8751,27-05-2015,13:25:12,108,Failed
8752,27-05-2015,13:29:42,106,Delivered
8753,27-05-2015,13:34:02,108,Failed
8754,27-05-2015,13:52:27,104,Failed
8755,27-05-2015,13:53:01,102,Success
8756,27-05-2015,14:07:31,102,Delivered
8757,27-05-2015,14:25:46,105,Success
8758,27-05-2015,14:29:04,101,Cancelled
8759,27-05-2015,15:35:05,104,Failed
8760,27-05-2015,15:38:46,104,Cancelled
8761,27-05-2015,15:45:42,101,Cancelled
8762,27-05-2015,15:48:18,101,Failed
8763,27-05-2015,15:48:36,107,Delivered
8764,27-05-2015,16:08:34,102,Failed
8765,27-05-2015,17:00:52,109,Success
8766,27-05-2015,17:01:09,101,Delivered
8767,27-05-2015,17:11:33,110,Success
8768,27-05-2015,17:13:15,108,Failed
8769,27-05-2015,17:25:27,105,Failed
8770,27-05-2015,17:34:06,108,Delivered
8771,27-05-2015,17:40:03,107,Cancelled
8772,27-05-2015,17:41:31,104,Failed
8773,27-05-2015,17:43:08,101,Cancelled
8774,27-05-2015,17:43:43,108,Delivered
8775,27-05-2015,17:59:03,105,Delivered
8776,27-05-2015,18:32:56,107,Failed
8777,27-05-2015,18:35:07,104,Failed
8778,27-05-2015,18:35:22,103,Delivered
8779,27-05-2015,18:44:26,102,Success
8780,27-05-2015,18:46:54,105,Success
8781,27-05-2015,18:51:21,108,Success
8782,27-05-2015,19:09:22,101,Cancelled
8783,27-05-2015,19:10:07,106,Failed
8784,27-05-2015,19:40:04,102,Success
8785,27-05-2015,19:49:07,109,Delivered
8786,27-05-2015,20:14:01,102,Delivered
8787,27-05-2015,20:47:45,109,Failed
8788,27-05-2015,21:10:40,104,Delivered
8789,27-05-2015,22:13:44,101,Success
8790,27-05-2015,22:19:35,110,Failed
8791,27-05-2015,22:48:03,104,Success
8792,28-05-2015,11:18:17,104,Failed
8793,28-05-2015,11:32:34,101,Success
8794,28-05-2015,11:42:39,104,Delivered
8795,28-05-2015,11:48:02,109,Success
8796,28-05-2015,11:53:45,105,Success
8797,28-05-2015,12:11:39,110,Delivered
8798,28-05-2015,12:18:44,110,Failed
8799,28-05-2015,12:22:25,109,Success
8800,28-05-2015,12:26:36,104,Delivered
8801,28-05-2015,12:26:38,107,Success
8802,28-05-2015,12:31:54,107,Delivered
8803,28-05-2015,12:44:34,104,Delivered
8804,28-05-2015,12:46:27,110,Failed
8805,28-05-2015,12:51:34,103,Failed
8806,28-05-2015,12:58:11,102,Success
8807,28-05-2015,13:04:19,102,Delivered
8808,28-05-2015,13:04:21,101,Delivered
8809,28-05-2015,13:06:35,101,Delivered
8810,28-05-2015,13:36:08,104,Failed
8811,28-05-2015,13:50:08,108,Success
8812,28-05-2015,13:56:53,109,Failed
8813,28-05-2015,14:12:29,110,Cancelled
8814,28-05-2015,14:13:17,105,Cancelled
8815,28-05-2015,14:28:47,101,Success
8816,28-05-2015,14:33:40,101,Delivered
8817,28-05-2015,14:55:09,101,Cancelled
8818,28-05-2015,15:08:31,102,Success
8819,28-05-2015,15:11:36,107,Cancelled
8820,28-05-2015,15:19:39,103,Failed
8821,28-05-2015,15:32:51,109,Failed
8822,28-05-2015,15:38:22,103,Success
8823,28-05-2015,15:43:33,108,Success
8824,28-05-2015,15:44:02,108,Delivered
8825,28-05-2015,15:47:16,109,Success
8826,28-05-2015,16:17:24,101,Cancelled
8827,28-05-2015,17:03:31,104,Success
8828,28-05-2015,17:11:11,109,Delivered
8829,28-05-2015,17:15:06,106,Cancelled
8830,28-05-2015,17:49:50,109,Failed
8831,28-05-2015,18:14:34,104,Delivered
8832,28-05-2015,18:22:10,110,Failed
8833,28-05-2015,18:23:52,102,Delivered
8834,28-05-2015,18:33:32,109,Success
8835,28-05-2015,18:42:08,107,Delivered
8836,28-05-2015,18:47:09,108,Success
8837,28-05-2015,18:54:38,109,Delivered
8838,28-05-2015,19:05:33,104,Failed
8839,28-05-2015,19:13:53,104,Cancelled
8840,28-05-2015,19:13:54,108,Delivered
8841,28-05-2015,19:15:58,110,Cancelled
8842,28-05-2015,19:35:27,106,Delivered
8843,28-05-2015,19:57:42,105,Delivered
8844,28-05-2015,20:16:31,104,Failed
8845,28-05-2015,22:00:57,110,Failed
8846,29-05-2015,11:18:27,110,Cancelled
8847,29-05-2015,11:27:41,109,Success
8848,29-05-2015,11:55:24,102,Delivered
8849,29-05-2015,11:59:54,101,Failed
8850,29-05-2015,12:28:01,101,Delivered
8851,29-05-2015,12:35:22,107,Success
8852,29-05-2015,12:39:40,104,Failed
8853,29-05-2015,12:53:33,104,Failed
8854,29-05-2015,12:56:55,108,Success
8855,29-05-2015,13:03:30,109,Cancelled
8856,29-05-2015,13:08:12,103,Failed
8857,29-05-2015,13:21:21,109,Delivered
8858,29-05-2015,13:21:37,107,Cancelled
8859,29-05-2015,13:23:44,106,Failed
8860,29-05-2015,13:34:29,107,Success
8861,29-05-2015,13:44:56,103,Failed
8862,29-05-2015,13:54:59,101,Failed
8863,29-05-2015,14:03:48,106,Delivered
8864,29-05-2015,14:17:14,102,Cancelled
8865,29-05-2015,14:19:52,103,Cancelled
8866,29-05-2015,14:21:14,103,Failed
8867,29-05-2015,15:00:19,109,Delivered
8868,29-05-2015,15:26:51,110,Cancelled
8869,29-05-2015,15:34:52,110,Success
8870,29-05-2015,16:10:42,110,Failed
8871,29-05-2015,16:31:30,102,Delivered
8872,29-05-2015,16:33:35,102,Cancelled
8873,29-05-2015,16:53:49,109,Delivered
8874,29-05-2015,16:55:02,108,Failed
8875,29-05-2015,16:56:32,103,Success
8876,29-05-2015,17:27:21,109,Delivered
8877,29-05-2015,17:31:34,109,Delivered
8878,29-05-2015,17:32:06,105,Delivered
8879,29-05-2015,17:36:00,104,Cancelled
8880,29-05-2015,18:05:21,107,Failed
8881,29-05-2015,18:12:35,105,Failed
8882,29-05-2015,18:27:09,109,Failed
8883,29-05-2015,18:47:38,105,Success
8884,29-05-2015,18:51:24,107,Cancelled
8885,29-05-2015,18:55:28,104,Cancelled
8886,29-05-2015,18:58:54,102,Failed
8887,29-05-2015,19:09:56,105,Delivered
8888,29-05-2015,19:10:08,109,Cancelled
8889,29-05-2015,19:10:49,106,Failed
8890,29-05-2015,19:22:42,101,Cancelled
8891,29-05-2015,19:35:48,108,Delivered
8892,29-05-2015,19:39:34,101,Success
8893,29-05-2015,19:50:24,101,Delivered
8894,29-05-2015,20:06:04,106,Success
8895,29-05-2015,20:07:38,101,Delivered
8896,29-05-2015,20:23:07,107,Delivered
8897,29-05-2015,20:31:54,107,Delivered
8898,29-05-2015,20:52:57,107,Cancelled
8899,29-05-2015,20:55:03,109,Failed
8900,29-05-2015,20:56:00,102,Failed
8901,29-05-2015,20:57:41,109,Delivered
8902,29-05-2015,21:00:15,106,Failed
8903,29-05-2015,21:07:02,102,Cancelled
8904,29-05-2015,21:10:56,104,Delivered
8905,29-05-2015,21:12:31,101,Success
8906,29-05-2015,21:31:33,101,Delivered
8907,29-05-2015,21:33:17,103,Cancelled
8908,29-05-2015,21:33:26,110,Cancelled
8909,29-05-2015,21:36:29,104,Success
8910,29-05-2015,22:09:39,101,Delivered
8911,29-05-2015,22:18:04,102,Failed
8912,29-05-2015,22:42:48,104,Success
8913,29-05-2015,22:58:54,109,Cancelled
8914,30-05-2015,11:39:32,107,Delivered
8915,30-05-2015,11:54:03,103,Delivered
8916,30-05-2015,12:23:52,109,Cancelled
8917,30-05-2015,12:45:30,107,Failed
8918,30-05-2015,12:49:05,106,Delivered
8919,30-05-2015,12:50:47,101,Cancelled
8920,30-05-2015,12:51:32,102,Delivered
8921,30-05-2015,13:22:13,109,Success
8922,30-05-2015,13:33:49,102,Cancelled
8923,30-05-2015,13:43:52,102,Delivered
8924,30-05-2015,13:46:55,101,Cancelled
8925,30-05-2015,14:19:12,109,Delivered
8926,30-05-2015,14:20:59,108,Failed
8927,30-05-2015,15:05:57,107,Cancelled
8928,30-05-2015,15:05:58,106,Cancelled
8929,30-05-2015,15:29:40,108,Success
8930,30-05-2015,15:36:13,107,Success
8931,30-05-2015,15:37:23,107,Delivered
8932,30-05-2015,15:37:57,101,Failed
8933,30-05-2015,15:40:54,109,Cancelled
8934,30-05-2015,15:43:46,110,Cancelled
8935,30-05-2015,16:00:27,105,Cancelled
8936,30-05-2015,16:08:31,108,Success
8937,30-05-2015,16:14:40,108,Failed
8938,30-05-2015,16:17:29,108,Delivered
8939,30-05-2015,16:29:33,110,Success
8940,30-05-2015,16:46:57,106,Delivered
8941,30-05-2015,16:53:40,103,Delivered
8942,30-05-2015,17:16:20,105,Delivered
8943,30-05-2015,17:30:59,105,Delivered
8944,30-05-2015,17:44:26,109,Delivered
8945,30-05-2015,17:46:53,102,Delivered
8946,30-05-2015,18:03:54,101,Failed
8947,30-05-2015,18:24:22,107,Success
8948,30-05-2015,18:32:05,108,Delivered
8949,30-05-2015,18:37:38,107,Failed
8950,30-05-2015,18:42:59,103,Success
8951,30-05-2015,18:55:31,106,Failed
8952,30-05-2015,19:17:16,101,Failed
8953,30-05-2015,19:25:18,109,Success
8954,30-05-2015,19:29:07,101,Failed
8955,30-05-2015,20:08:48,109,Cancelled
8956,30-05-2015,20:10:02,109,Failed
8957,30-05-2015,20:10:18,102,Success
8958,30-05-2015,20:11:22,106,Failed
8959,30-05-2015,20:34:59,101,Success
8960,30-05-2015,20:37:25,109,Failed
8961,30-05-2015,20:44:30,106,Failed
8962,30-05-2015,20:54:58,105,Delivered
8963,30-05-2015,20:55:19,102,Failed
8964,30-05-2015,20:59:56,104,Success
8965,30-05-2015,21:01:12,102,Success
8966,30-05-2015,21:10:21,105,Success
8967,30-05-2015,21:24:54,107,Success
8968,30-05-2015,21:26:42,101,Delivered
8969,30-05-2015,21:46:49,109,Delivered
8970,30-05-2015,22:01:43,106,Delivered
8971,30-05-2015,22:21:00,103,Failed
8972,30-05-2015,22:24:36,104,Cancelled
8973,31-05-2015,12:01:47,102,Cancelled
8974,31-05-2015,12:53:44,103,Cancelled
8975,31-05-2015,12:56:08,108,Success
8976,31-05-2015,13:21:31,102,Success
8977,31-05-2015,13:25:21,109,Delivered
8978,31-05-2015,13:42:09,105,Failed
8979,31-05-2015,13:53:36,106,Cancelled
8980,31-05-2015,14:00:29,105,Success
8981,31-05-2015,14:31:40,107,Delivered
8982,31-05-2015,14:50:31,105,Success
8983,31-05-2015,15:23:20,106,Failed
8984,31-05-2015,15:36:02,108,Failed
8985,31-05-2015,15:46:54,101,Cancelled
8986,31-05-2015,15:52:41,104,Success
8987,31-05-2015,16:06:45,110,Failed
8988,31-05-2015,16:24:50,102,Cancelled
8989,31-05-2015,16:35:43,109,Success
8990,31-05-2015,16:42:10,105,Cancelled
8991,31-05-2015,16:47:51,109,Delivered
8992,31-05-2015,16:53:09,109,Cancelled
8993,31-05-2015,16:55:12,101,Failed
8994,31-05-2015,17:03:25,102,Success
8995,31-05-2015,17:27:25,109,Failed
8996,31-05-2015,17:35:41,106,Cancelled
8997,31-05-2015,17:41:20,103,Cancelled
8998,31-05-2015,17:49:32,103,Success
8999,31-05-2015,18:14:12,106,Cancelled
9000,31-05-2015,18:16:51,107,Cancelled
9001,31-05-2015,18:31:11,106,Delivered
9002,31-05-2015,18:32:05,106,Delivered
9003,31-05-2015,18:40:28,103,Cancelled
9004,31-05-2015,18:43:42,106,Cancelled
9005,31-05-2015,18:49:11,101,Delivered
9006,31-05-2015,19:20:03,109,Cancelled
9007,31-05-2015,19:31:42,107,Success
9008,31-05-2015,19:32:34,110,Failed
9009,31-05-2015,19:34:02,105,Success
9010,31-05-2015,19:35:06,102,Delivered
9011,31-05-2015,19:41:03,102,Cancelled
9012,31-05-2015,20:07:19,102,Success
9013,31-05-2015,20:43:23,109,Success
9014,31-05-2015,20:44:50,104,Success
9015,31-05-2015,20:48:00,106,Delivered
9016,31-05-2015,21:01:05,105,Cancelled
9017,31-05-2015,21:02:01,108,Cancelled
9018,31-05-2015,21:06:45,108,Success
9019,31-05-2015,21:15:19,105,Failed
9020,31-05-2015,21:47:28,102,Delivered
9021,31-05-2015,22:04:23,101,Cancelled
9022,31-05-2015,22:11:54,101,Cancelled
9023,01-06-2015,11:21:45,102,Failed
9024,01-06-2015,11:28:08,107,Failed
9025,01-06-2015,11:28:56,109,Delivered
9026,01-06-2015,11:29:05,107,Cancelled
9027,01-06-2015,11:30:49,101,Success
9028,01-06-2015,11:33:07,108,Cancelled
9029,01-06-2015,11:37:40,104,Success
9030,01-06-2015,11:38:29,107,Success
9031,01-06-2015,11:45:56,102,Delivered
9032,01-06-2015,11:47:49,104,Cancelled
9033,01-06-2015,12:05:44,106,Failed
9034,01-06-2015,12:08:28,105,Failed
9035,01-06-2015,12:14:04,101,Cancelled
9036,01-06-2015,12:14:31,105,Delivered
9037,01-06-2015,12:18:44,110,Delivered
9038,01-06-2015,12:20:31,104,Delivered
9039,01-06-2015,12:26:18,101,Success
9040,01-06-2015,12:42:32,110,Delivered
9041,01-06-2015,12:44:56,108,Success
9042,01-06-2015,12:55:58,109,Success
9043,01-06-2015,13:15:52,105,Delivered
9044,01-06-2015,13:17:55,106,Failed
9045,01-06-2015,13:20:29,101,Failed
9046,01-06-2015,13:25:57,109,Delivered
9047,01-06-2015,13:45:22,105,Cancelled
9048,01-06-2015,13:46:11,109,Success
9049,01-06-2015,14:14:08,103,Cancelled
9050,01-06-2015,14:17:13,108,Cancelled
9051,01-06-2015,14:26:15,103,Success
9052,01-06-2015,14:31:16,109,Cancelled
9053,01-06-2015,14:41:05,101,Success
9054,01-06-2015,14:41:29,110,Delivered
9055,01-06-2015,14:42:42,102,Failed
9056,01-06-2015,15:03:46,104,Failed
9057,01-06-2015,15:14:50,107,Success
9058,01-06-2015,15:33:14,110,Failed
9059,01-06-2015,15:34:12,103,Delivered
9060,01-06-2015,15:36:04,101,Failed
9061,01-06-2015,15:39:08,102,Success
9062,01-06-2015,15:41:57,105,Success
9063,01-06-2015,15:52:27,107,Success
9064,01-06-2015,15:54:38,108,Success
9065,01-06-2015,15:56:47,106,Success
9066,01-06-2015,16:05:20,103,Delivered
9067,01-06-2015,16:20:16,105,Success
9068,01-06-2015,16:38:22,103,Failed
9069,01-06-2015,16:46:08,110,Cancelled
9070,01-06-2015,16:57:45,108,Cancelled
9071,01-06-2015,17:22:55,107,Cancelled
9072,01-06-2015,17:26:14,103,Cancelled
9073,01-06-2015,17:52:02,104,Success
9074,01-06-2015,17:57:11,103,Cancelled
9075,01-06-2015,18:03:24,108,Success
9076,01-06-2015,18:08:51,109,Delivered
9077,01-06-2015,18:11:49,103,Delivered
9078,01-06-2015,18:26:13,110,Success
9079,01-06-2015,18:39:07,108,Cancelled
9080,01-06-2015,18:40:58,103,Success
9081,01-06-2015,18:59:38,103,Cancelled
9082,01-06-2015,19:11:01,104,Delivered
9083,01-06-2015,19:16:51,101,Cancelled
9084,01-06-2015,19:26:03,106,Success
9085,01-06-2015,19:35:24,108,Delivered
9086,01-06-2015,19:42:36,110,Success
9087,01-06-2015,19:56:52,110,Delivered
9088,01-06-2015,20:03:31,106,Success
9089,01-06-2015,20:05:40,108,Success
9090,01-06-2015,20:06:04,110,Failed
9091,01-06-2015,20:08:18,109,Cancelled
9092,01-06-2015,21:01:55,109,Delivered
9093,01-06-2015,21:35:07,105,Cancelled
9094,01-06-2015,21:51:28,101,Delivered
9095,02-06-2015,11:16:50,108,Delivered
9096,02-06-2015,11:20:08,101,Success
9097,02-06-2015,11:22:44,110,Success
9098,02-06-2015,11:31:50,105,Failed
9099,02-06-2015,11:35:40,110,Delivered
9100,02-06-2015,12:11:55,102,Cancelled
9101,02-06-2015,12:14:18,102,Cancelled
9102,02-06-2015,12:40:58,109,Success
9103,02-06-2015,12:53:14,101,Success
9104,02-06-2015,12:59:12,106,Failed
9105,02-06-2015,13:01:30,110,Success
9106,02-06-2015,13:05:06,108,Delivered
9107,02-06-2015,13:08:27,106,Cancelled
9108,02-06-2015,13:08:59,109,Delivered
9109,02-06-2015,13:13:02,110,Cancelled
9110,02-06-2015,13:24:21,101,Delivered
9111,02-06-2015,13:26:24,101,Delivered
9112,02-06-2015,13:39:53,105,Cancelled
9113,02-06-2015,13:43:04,110,Success
9114,02-06-2015,13:54:28,107,Cancelled
9115,02-06-2015,14:29:32,104,Success
9116,02-06-2015,14:34:49,106,Success
9117,02-06-2015,14:35:47,101,Delivered
9118,02-06-2015,14:38:43,109,Cancelled
9119,02-06-2015,15:03:27,108,Failed
9120,02-06-2015,15:07:42,102,Failed
9121,02-06-2015,15:08:59,107,Delivered
9122,02-06-2015,15:19:03,106,Delivered
9123,02-06-2015,15:31:01,103,Success
9124,02-06-2015,15:49:22,106,Cancelled
9125,02-06-2015,16:06:14,107,Failed
9126,02-06-2015,16:08:22,103,Cancelled
9127,02-06-2015,16:08:43,109,Failed
9128,02-06-2015,16:12:58,107,Delivered
9129,02-06-2015,16:19:14,110,Success
9130,02-06-2015,16:43:54,106,Cancelled
9131,02-06-2015,16:48:51,109,Success
9132,02-06-2015,16:51:28,107,Delivered
9133,02-06-2015,17:00:38,104,Success
9134,02-06-2015,17:06:55,110,Failed
9135,02-06-2015,17:20:38,105,Success
9136,02-06-2015,17:51:17,107,Failed
9137,02-06-2015,17:57:09,104,Delivered
9138,02-06-2015,18:24:41,103,Cancelled
9139,02-06-2015,18:36:39,101,Cancelled
9140,02-06-2015,18:37:42,109,Delivered
9141,02-06-2015,18:38:47,110,Failed
9142,02-06-2015,18:59:44,103,Success
9143,02-06-2015,19:06:19,102,Cancelled
9144,02-06-2015,19:09:32,105,Cancelled
9145,02-06-2015,19:11:46,106,Success
9146,02-06-2015,19:14:13,103,Cancelled
9147,02-06-2015,19:30:07,102,Delivered
9148,02-06-2015,20:42:03,102,Cancelled
9149,02-06-2015,21:17:24,104,Failed
9150,02-06-2015,21:42:42,109,Failed
9151,02-06-2015,22:05:41,108,Failed
9152,02-06-2015,22:11:13,104,Cancelled
9153,02-06-2015,22:18:30,110,Delivered
9154,03-06-2015,11:33:40,105,Success
9155,03-06-2015,11:49:34,109,Success
9156,03-06-2015,11:56:55,110,Success
9157,03-06-2015,12:00:26,107,Cancelled
9158,03-06-2015,12:09:32,109,Delivered
9159,03-06-2015,12:21:04,104,Failed
9160,03-06-2015,12:24:34,102,Cancelled
9161,03-06-2015,12:38:29,104,Failed
9162,03-06-2015,12:43:17,103,Success
9163,03-06-2015,12:49:18,105,Success
9164,03-06-2015,12:52:06,101,Success
9165,03-06-2015,12:57:23,109,Cancelled
9166,03-06-2015,12:57:40,105,Success
9167,03-06-2015,13:02:21,104,Delivered
9168,03-06-2015,13:02:42,110,Success
9169,03-06-2015,13:08:40,102,Success
9170,03-06-2015,13:25:34,107,Cancelled
9171,03-06-2015,13:33:08,101,Success
9172,03-06-2015,13:35:59,106,Failed
9173,03-06-2015,13:42:09,106,Cancelled
9174,03-06-2015,13:53:56,104,Cancelled
9175,03-06-2015,14:24:01,110,Cancelled
9176,03-06-2015,14:34:27,101,Cancelled
9177,03-06-2015,14:37:30,103,Delivered
9178,03-06-2015,14:45:43,106,Failed
9179,03-06-2015,15:20:16,110,Cancelled
9180,03-06-2015,15:24:07,104,Failed
9181,03-06-2015,15:34:23,108,Success
9182,03-06-2015,15:47:25,109,Failed
9183,03-06-2015,16:03:29,109,Failed
9184,03-06-2015,16:18:15,109,Cancelled
9185,03-06-2015,16:19:51,108,Failed
9186,03-06-2015,16:50:18,104,Failed
9187,03-06-2015,16:55:50,110,Failed
9188,03-06-2015,16:59:46,109,Failed
9189,03-06-2015,17:08:46,102,Failed
9190,03-06-2015,17:11:11,103,Failed
9191,03-06-2015,17:17:33,102,Failed
9192,03-06-2015,17:42:34,104,Success
9193,03-06-2015,17:44:17,103,Delivered
9194,03-06-2015,17:58:16,106,Cancelled
9195,03-06-2015,18:02:59,104,Cancelled
9196,03-06-2015,18:59:49,101,Failed
9197,03-06-2015,19:02:28,103,Success
9198,03-06-2015,19:06:55,106,Success
9199,03-06-2015,20:07:30,102,Success
9200,03-06-2015,20:32:54,108,Failed
9201,03-06-2015,20:34:36,104,Success
9202,03-06-2015,20:46:32,102,Success
9203,03-06-2015,21:29:08,104,Cancelled
9204,03-06-2015,21:48:26,107,Failed
9205,04-06-2015,11:21:04,107,Failed
9206,04-06-2015,11:45:36,105,Delivered
9207,04-06-2015,12:09:28,106,Delivered
9208,04-06-2015,12:13:24,108,Cancelled
9209,04-06-2015,12:16:41,102,Cancelled
9210,04-06-2015,12:17:38,103,Delivered
9211,04-06-2015,12:24:25,103,Success
9212,04-06-2015,12:27:59,104,Success
9213,04-06-2015,12:41:23,107,Success
9214,04-06-2015,12:41:43,104,Cancelled
9215,04-06-2015,12:41:57,105,Failed
9216,04-06-2015,13:01:28,109,Failed
9217,04-06-2015,13:11:50,101,Cancelled
9218,04-06-2015,13:12:32,107,Delivered
9219,04-06-2015,13:15:06,109,Cancelled
9220,04-06-2015,13:20:14,107,Failed
9221,04-06-2015,13:26:40,108,Failed
9222,04-06-2015,13:29:46,104,Cancelled
9223,04-06-2015,13:48:34,106,Success
9224,04-06-2015,13:54:36,108,Failed
9225,04-06-2015,14:20:50,106,Success
9226,04-06-2015,14:38:52,107,Success
9227,04-06-2015,14:42:20,110,Failed
9228,04-06-2015,14:53:25,110,Cancelled
9229,04-06-2015,15:03:34,108,Failed
9230,04-06-2015,15:19:18,104,Delivered
9231,04-06-2015,15:26:39,101,Delivered
9232,04-06-2015,15:35:02,106,Delivered
9233,04-06-2015,16:12:31,105,Success
9234,04-06-2015,16:15:19,104,Failed
9235,04-06-2015,16:15:26,104,Cancelled
9236,04-06-2015,16:16:41,104,Delivered
9237,04-06-2015,16:24:14,106,Failed
9238,04-06-2015,16:26:56,109,Success
9239,04-06-2015,16:37:42,110,Failed
9240,04-06-2015,16:54:16,109,Success
9241,04-06-2015,17:30:43,106,Success
9242,04-06-2015,17:52:10,104,Failed
9243,04-06-2015,18:04:49,105,Failed
9244,04-06-2015,18:07:58,102,Delivered
9245,04-06-2015,18:21:38,101,Success
9246,04-06-2015,18:21:45,101,Success
9247,04-06-2015,18:32:46,103,Success
9248,04-06-2015,18:48:17,106,Success
9249,04-06-2015,18:49:15,101,Cancelled
9250,04-06-2015,18:53:14,108,Cancelled
9251,04-06-2015,19:00:17,102,Failed
9252,04-06-2015,19:07:09,101,Delivered
9253,04-06-2015,19:15:39,108,Success
9254,04-06-2015,19:28:14,110,Cancelled
9255,04-06-2015,19:34:34,107,Cancelled
9256,04-06-2015,20:03:29,106,Success
9257,04-06-2015,20:07:27,102,Cancelled
9258,04-06-2015,20:59:56,108,Success
9259,04-06-2015,21:19:20,110,Delivered
9260,04-06-2015,21:51:14,110,Cancelled
9261,05-06-2015,11:51:06,101,Cancelled
9262,05-06-2015,11:55:07,101,Delivered
9263,05-06-2015,11:57:05,105,Delivered
9264,05-06-2015,12:00:20,103,Delivered
9265,05-06-2015,12:01:03,105,Cancelled
9266,05-06-2015,12:11:18,104,Success
9267,05-06-2015,12:18:54,104,Delivered
9268,05-06-2015,12:22:22,103,Failed
9269,05-06-2015,12:30:23,109,Delivered
9270,05-06-2015,12:47:39,105,Cancelled
9271,05-06-2015,12:49:26,110,Delivered
9272,05-06-2015,12:54:41,103,Delivered
9273,05-06-2015,13:15:47,105,Delivered
9274,05-06-2015,13:17:14,109,Cancelled
9275,05-06-2015,13:34:45,101,Delivered
9276,05-06-2015,13:48:18,108,Cancelled
9277,05-06-2015,13:57:43,104,Failed
9278,05-06-2015,14:04:21,108,Failed
9279,05-06-2015,14:12:37,106,Delivered
9280,05-06-2015,14:13:12,101,Success
9281,05-06-2015,14:29:32,102,Failed
9282,05-06-2015,14:36:07,106,Failed
9283,05-06-2015,15:12:34,108,Success
9284,05-06-2015,15:15:15,103,Failed
9285,05-06-2015,15:27:14,105,Cancelled
9286,05-06-2015,15:35:31,110,Delivered
9287,05-06-2015,15:53:40,102,Delivered
9288,05-06-2015,15:59:12,109,Failed
9289,05-06-2015,16:06:51,107,Cancelled
9290,05-06-2015,16:13:16,107,Cancelled
9291,05-06-2015,16:14:12,109,Success
9292,05-06-2015,16:25:26,106,Cancelled
9293,05-06-2015,16:36:38,102,Cancelled
9294,05-06-2015,17:18:07,102,Delivered
9295,05-06-2015,17:22:35,107,Success
9296,05-06-2015,17:30:02,108,Success
9297,05-06-2015,17:35:01,108,Success
9298,05-06-2015,17:35:30,108,Delivered
9299,05-06-2015,18:00:05,104,Delivered
9300,05-06-2015,18:05:03,104,Delivered
9301,05-06-2015,18:10:11,107,Delivered
9302,05-06-2015,18:11:29,108,Delivered
9303,05-06-2015,18:27:52,108,Success
9304,05-06-2015,18:29:22,107,Delivered
9305,05-06-2015,18:29:57,106,Cancelled
9306,05-06-2015,18:44:46,103,Success
9307,05-06-2015,18:47:56,109,Cancelled
9308,05-06-2015,18:49:04,105,Delivered
9309,05-06-2015,18:53:32,101,Failed
9310,05-06-2015,19:09:14,102,Cancelled
9311,05-06-2015,19:09:41,107,Cancelled
9312,05-06-2015,19:25:56,101,Cancelled
9313,05-06-2015,19:37:05,103,Success
9314,05-06-2015,19:37:58,102,Failed
9315,05-06-2015,19:39:37,110,Cancelled
9316,05-06-2015,19:47:11,107,Failed
9317,05-06-2015,19:53:38,107,Success
9318,05-06-2015,20:07:16,106,Cancelled
9319,05-06-2015,20:19:04,105,Cancelled
9320,05-06-2015,20:45:22,108,Failed
9321,05-06-2015,20:58:28,102,Failed
9322,05-06-2015,21:01:25,110,Success
9323,05-06-2015,21:01:50,107,Cancelled
9324,05-06-2015,21:14:55,102,Cancelled
9325,05-06-2015,21:46:10,110,Failed
9326,05-06-2015,22:16:40,105,Delivered
9327,05-06-2015,22:20:39,109,Cancelled
9328,05-06-2015,22:24:34,102,Delivered
9329,05-06-2015,23:01:44,103,Cancelled
9330,06-06-2015,12:27:50,107,Failed
9331,06-06-2015,12:40:05,103,Cancelled
9332,06-06-2015,12:51:31,105,Failed
9333,06-06-2015,12:57:45,104,Failed
9334,06-06-2015,13:07:10,103,Success
9335,06-06-2015,13:07:30,106,Delivered
9336,06-06-2015,13:15:34,108,Delivered
9337,06-06-2015,13:19:30,102,Success
9338,06-06-2015,13:20:41,103,Delivered
9339,06-06-2015,13:41:44,101,Failed
9340,06-06-2015,13:45:12,110,Success
9341,06-06-2015,13:51:51,101,Cancelled
9342,06-06-2015,14:04:35,104,Failed
9343,06-06-2015,14:12:23,103,Cancelled
9344,06-06-2015,14:17:20,109,Cancelled
9345,06-06-2015,14:43:00,105,Success
9346,06-06-2015,15:00:07,108,Delivered
9347,06-06-2015,15:19:33,108,Failed
9348,06-06-2015,15:40:06,106,Cancelled
9349,06-06-2015,15:43:34,107,Success
9350,06-06-2015,16:18:05,110,Delivered
9351,06-06-2015,16:32:30,108,Delivered
9352,06-06-2015,16:42:41,104,Success
9353,06-06-2015,16:50:05,108,Failed
9354,06-06-2015,16:59:08,110,Cancelled
9355,06-06-2015,17:06:41,102,Delivered
9356,06-06-2015,17:39:19,101,Cancelled
9357,06-06-2015,17:48:34,101,Delivered
9358,06-06-2015,17:50:15,104,Success
9359,06-06-2015,17:52:06,108,Success
9360,06-06-2015,17:53:10,101,Failed
9361,06-06-2015,17:58:31,106,Cancelled
9362,06-06-2015,18:02:38,103,Failed
9363,06-06-2015,18:12:21,106,Success
9364,06-06-2015,18:36:33,110,Delivered
9365,06-06-2015,18:53:28,105,Delivered
9366,06-06-2015,18:54:23,102,Success
9367,06-06-2015,18:55:35,101,Failed
9368,06-06-2015,19:06:46,103,Cancelled
9369,06-06-2015,19:06:55,104,Failed
9370,06-06-2015,19:13:35,105,Failed
9371,06-06-2015,19:19:13,103,Cancelled
9372,06-06-2015,19:22:48,103,Delivered
9373,06-06-2015,19:24:21,107,Cancelled
9374,06-06-2015,19:24:48,106,Delivered
9375,06-06-2015,19:29:25,104,Cancelled
9376,06-06-2015,19:35:15,103,Failed
9377,06-06-2015,19:45:32,103,Success
9378,06-06-2015,20:04:26,108,Cancelled
9379,06-06-2015,20:08:10,103,Success
9380,06-06-2015,20:09:05,106,Cancelled
9381,06-06-2015,20:37:00,105,Failed
9382,06-06-2015,20:55:53,109,Success
9383,06-06-2015,21:05:28,101,Cancelled
9384,06-06-2015,21:10:51,109,Failed
9385,06-06-2015,21:45:02,109,Failed
9386,06-06-2015,22:02:50,105,Failed
9387,06-06-2015,22:04:42,105,Success
9388,06-06-2015,22:12:57,103,Success
9389,06-06-2015,22:55:29,105,Delivered
9390,06-06-2015,23:02:18,101,Delivered
9391,07-06-2015,11:53:59,101,Success
9392,07-06-2015,12:02:47,104,Delivered
9393,07-06-2015,12:35:07,110,Delivered
9394,07-06-2015,12:38:31,101,Success
9395,07-06-2015,12:44:38,108,Cancelled
9396,07-06-2015,12:45:42,101,Success
9397,07-06-2015,13:11:23,110,Delivered
9398,07-06-2015,13:37:18,101,Cancelled
9399,07-06-2015,13:46:37,101,Failed
9400,07-06-2015,14:05:54,109,Delivered
9401,07-06-2015,14:12:34,103,Success
9402,07-06-2015,14:29:22,110,Success
9403,07-06-2015,14:55:47,101,Delivered
9404,07-06-2015,15:11:49,107,Success
9405,07-06-2015,15:30:18,101,Delivered
9406,07-06-2015,15:31:15,101,Cancelled
9407,07-06-2015,15:46:15,101,Success
9408,07-06-2015,15:48:12,105,Cancelled
9409,07-06-2015,15:51:41,101,Delivered
9410,07-06-2015,15:59:43,110,Failed
9411,07-06-2015,16:06:31,104,Success
9412,07-06-2015,16:24:57,103,Cancelled
9413,07-06-2015,16:28:28,105,Cancelled
9414,07-06-2015,16:32:18,102,Cancelled
9415,07-06-2015,16:50:20,101,Cancelled
9416,07-06-2015,16:54:40,109,Cancelled
9417,07-06-2015,16:58:49,103,Success
9418,07-06-2015,17:18:18,106,Success
9419,07-06-2015,17:28:15,106,Success
9420,07-06-2015,17:32:53,106,Cancelled
9421,07-06-2015,17:39:43,104,Failed
9422,07-06-2015,17:41:11,108,Delivered
9423,07-06-2015,17:46:01,104,Delivered
9424,07-06-2015,17:53:40,101,Failed
9425,07-06-2015,18:02:14,106,Delivered
9426,07-06-2015,18:04:32,103,Cancelled
9427,07-06-2015,18:09:27,104,Failed
9428,07-06-2015,18:26:06,109,Failed
9429,07-06-2015,18:29:40,104,Failed
9430,07-06-2015,18:39:30,105,Failed
9431,07-06-2015,18:46:17,102,Failed
9432,07-06-2015,18:50:27,110,Success
9433,07-06-2015,18:50:35,101,Failed
9434,07-06-2015,18:59:13,102,Cancelled
9435,07-06-2015,19:11:36,107,Failed
9436,07-06-2015,19:25:32,101,Failed
9437,07-06-2015,19:25:37,110,Cancelled
9438,07-06-2015,19:43:41,107,Delivered
9439,07-06-2015,20:28:24,105,Delivered
9440,07-06-2015,20:31:06,102,Delivered
9441,07-06-2015,21:07:28,105,Success
9442,07-06-2015,21:14:20,108,Delivered
9443,07-06-2015,21:31:49,106,Cancelled
9444,07-06-2015,22:15:53,104,Delivered
9445,07-06-2015,22:17:59,101,Failed
9446,08-06-2015,11:40:54,110,Delivered
9447,08-06-2015,11:53:59,105,Success
9448,08-06-2015,11:55:57,101,Success
9449,08-06-2015,11:59:07,104,Cancelled
9450,08-06-2015,12:00:36,104,Failed
9451,08-06-2015,12:11:20,110,Cancelled
9452,08-06-2015,12:28:43,109,Cancelled
9453,08-06-2015,12:31:45,110,Cancelled
9454,08-06-2015,12:32:42,101,Delivered
9455,08-06-2015,12:36:47,102,Delivered
9456,08-06-2015,12:42:00,103,Success
9457,08-06-2015,12:50:34,105,Failed
9458,08-06-2015,12:57:08,110,Cancelled
9459,08-06-2015,13:01:19,101,Cancelled
9460,08-06-2015,13:04:04,105,Delivered
9461,08-06-2015,13:05:41,106,Success
9462,08-06-2015,13:26:34,103,Failed
9463,08-06-2015,13:26:37,107,Delivered
9464,08-06-2015,13:30:45,101,Delivered
9465,08-06-2015,13:59:54,105,Failed
9466,08-06-2015,14:04:07,106,Success
9467,08-06-2015,14:25:49,107,Cancelled
9468,08-06-2015,14:44:15,104,Cancelled
9469,08-06-2015,14:46:09,108,Success
9470,08-06-2015,15:48:26,106,Cancelled
9471,08-06-2015,16:09:26,104,Success
9472,08-06-2015,16:20:45,103,Success
9473,08-06-2015,16:48:08,110,Success
9474,08-06-2015,17:07:59,104,Cancelled
9475,08-06-2015,17:08:53,109,Failed
9476,08-06-2015,17:19:12,101,Cancelled
9477,08-06-2015,17:28:27,107,Failed
9478,08-06-2015,17:36:57,101,Success
9479,08-06-2015,17:44:00,109,Success
9480,08-06-2015,17:56:11,102,Cancelled
9481,08-06-2015,17:56:13,106,Delivered
9482,08-06-2015,18:00:24,107,Cancelled
9483,08-06-2015,18:03:51,103,Delivered
9484,08-06-2015,18:20:09,107,Delivered
9485,08-06-2015,18:21:42,101,Success
9486,08-06-2015,18:30:53,101,Delivered
9487,08-06-2015,18:30:58,110,Cancelled
9488,08-06-2015,18:37:28,103,Cancelled
9489,08-06-2015,18:38:39,104,Success
9490,08-06-2015,18:46:41,110,Success
9491,08-06-2015,18:48:31,104,Success
9492,08-06-2015,18:55:02,109,Delivered
9493,08-06-2015,18:59:40,105,Success
9494,08-06-2015,19:15:17,101,Failed
9495,08-06-2015,19:15:41,107,Delivered
9496,08-06-2015,19:24:02,101,Delivered
9497,08-06-2015,19:53:37,102,Success
9498,08-06-2015,20:23:58,110,Failed
9499,08-06-2015,20:24:05,107,Success
9500,08-06-2015,20:35:11,101,Failed
9501,08-06-2015,21:06:29,109,Success
9502,08-06-2015,21:47:59,101,Cancelled
9503,08-06-2015,22:23:26,107,Failed
9504,09-06-2015,11:40:29,107,Success
9505,09-06-2015,11:50:09,101,Delivered
9506,09-06-2015,11:55:15,101,Delivered
9507,09-06-2015,12:06:20,107,Delivered
9508,09-06-2015,12:07:38,103,Success
9509,09-06-2015,12:07:47,110,Delivered
9510,09-06-2015,12:08:41,110,Success
9511,09-06-2015,12:11:21,105,Success
9512,09-06-2015,12:29:59,109,Failed
9513,09-06-2015,12:42:51,110,Success
9514,09-06-2015,12:43:48,104,Failed
9515,09-06-2015,12:46:36,108,Failed
9516,09-06-2015,12:52:00,101,Delivered
9517,09-06-2015,12:56:24,106,Success
9518,09-06-2015,12:58:08,101,Delivered
9519,09-06-2015,13:15:21,107,Cancelled
9520,09-06-2015,13:19:08,103,Failed
9521,09-06-2015,13:19:38,109,Cancelled
9522,09-06-2015,13:24:58,107,Cancelled
9523,09-06-2015,13:25:32,109,Cancelled
9524,09-06-2015,13:48:24,107,Success
9525,09-06-2015,14:03:08,103,Cancelled
9526,09-06-2015,14:05:58,103,Cancelled
9527,09-06-2015,14:17:24,107,Success
9528,09-06-2015,14:23:35,102,Success
9529,09-06-2015,14:29:07,102,Delivered
9530,09-06-2015,14:38:58,102,Failed
9531,09-06-2015,14:43:18,108,Failed
9532,09-06-2015,14:49:14,106,Cancelled
9533,09-06-2015,14:59:23,104,Failed
9534,09-06-2015,15:08:04,109,Delivered
9535,09-06-2015,15:15:45,109,Success
9536,09-06-2015,16:06:53,101,Failed
9537,09-06-2015,16:22:01,101,Failed
9538,09-06-2015,16:27:25,108,Success
9539,09-06-2015,16:33:42,101,Delivered
9540,09-06-2015,16:33:45,103,Delivered
9541,09-06-2015,16:46:56,102,Success
9542,09-06-2015,17:00:19,101,Cancelled
9543,09-06-2015,17:05:58,101,Delivered
9544,09-06-2015,17:08:20,105,Success
9545,09-06-2015,17:14:17,108,Cancelled
9546,09-06-2015,17:20:30,105,Success
9547,09-06-2015,17:29:10,104,Cancelled
9548,09-06-2015,17:34:42,101,Success
9549,09-06-2015,17:47:42,102,Failed
9550,09-06-2015,17:51:14,101,Success
9551,09-06-2015,18:21:43,106,Success
9552,09-06-2015,18:30:00,103,Success
9553,09-06-2015,18:49:09,109,Cancelled
9554,09-06-2015,18:59:04,101,Success
9555,09-06-2015,19:09:39,106,Delivered
9556,09-06-2015,19:19:31,101,Cancelled
9557,09-06-2015,19:24:11,104,Cancelled
9558,09-06-2015,19:27:17,106,Cancelled
9559,09-06-2015,20:06:09,105,Failed
9560,09-06-2015,20:11:07,110,Cancelled
9561,09-06-2015,20:17:22,103,Failed
9562,09-06-2015,20:18:13,105,Success
9563,09-06-2015,20:42:21,107,Success
9564,09-06-2015,20:53:24,105,Failed
9565,09-06-2015,20:58:15,110,Delivered
9566,09-06-2015,21:03:53,101,Success
9567,09-06-2015,21:42:20,105,Cancelled
9568,09-06-2015,21:57:40,101,Success
9569,10-06-2015,11:42:13,109,Success
9570,10-06-2015,11:43:17,108,Cancelled
9571,10-06-2015,11:49:26,101,Cancelled
9572,10-06-2015,12:01:19,105,Cancelled
9573,10-06-2015,12:06:00,104,Failed
9574,10-06-2015,12:13:01,101,Failed
9575,10-06-2015,12:20:23,102,Cancelled
9576,10-06-2015,12:27:17,110,Delivered
9577,10-06-2015,12:31:07,105,Success
9578,10-06-2015,12:33:07,101,Cancelled
9579,10-06-2015,12:38:34,107,Delivered
9580,10-06-2015,12:44:49,106,Cancelled
9581,10-06-2015,12:50:18,102,Success
9582,10-06-2015,12:55:46,106,Failed
9583,10-06-2015,13:06:28,101,Failed
9584,10-06-2015,13:06:29,108,Cancelled
9585,10-06-2015,13:09:37,102,Cancelled
9586,10-06-2015,13:15:21,109,Failed
9587,10-06-2015,13:17:50,101,Success
9588,10-06-2015,13:19:56,107,Success
9589,10-06-2015,13:34:03,107,Failed
9590,10-06-2015,13:34:29,106,Success
9591,10-06-2015,13:56:58,102,Delivered
9592,10-06-2015,14:19:49,107,Cancelled
9593,10-06-2015,14:22:15,101,Success
9594,10-06-2015,14:40:05,110,Cancelled
9595,10-06-2015,15:33:02,103,Success
9596,10-06-2015,15:55:45,102,Delivered
9597,10-06-2015,15:58:00,107,Failed
9598,10-06-2015,16:05:13,105,Cancelled
9599,10-06-2015,16:08:07,103,Delivered
9600,10-06-2015,16:28:19,101,Success
9601,10-06-2015,16:34:20,106,Delivered
9602,10-06-2015,17:03:57,104,Delivered
9603,10-06-2015,17:15:36,104,Delivered
9604,10-06-2015,17:32:37,107,Success
9605,10-06-2015,17:34:14,105,Failed
9606,10-06-2015,17:36:12,110,Failed
9607,10-06-2015,18:00:23,107,Success
9608,10-06-2015,18:05:08,105,Success
9609,10-06-2015,18:09:00,107,Cancelled
9610,10-06-2015,18:18:42,105,Success
9611,10-06-2015,18:23:15,108,Cancelled
9612,10-06-2015,18:25:11,106,Failed
9613,10-06-2015,18:49:11,109,Success
9614,10-06-2015,18:49:28,107,Delivered
9615,10-06-2015,18:56:45,102,Failed
9616,10-06-2015,19:10:03,107,Cancelled
9617,10-06-2015,19:44:27,108,Delivered
9618,10-06-2015,20:16:51,107,Cancelled
9619,10-06-2015,20:26:35,104,Cancelled
9620,10-06-2015,21:45:01,104,Success
9621,10-06-2015,22:10:55,104,Success
9622,10-06-2015,22:29:03,109,Success
9623,11-06-2015,11:25:26,105,Success
9624,11-06-2015,11:35:49,101,Delivered
9625,11-06-2015,11:40:54,108,Success
9626,11-06-2015,11:58:25,110,Delivered
9627,11-06-2015,12:01:33,104,Delivered
9628,11-06-2015,12:03:40,101,Delivered
9629,11-06-2015,12:11:07,101,Cancelled
9630,11-06-2015,12:12:58,103,Failed
9631,11-06-2015,12:18:23,106,Failed
9632,11-06-2015,12:26:10,103,Cancelled
9633,11-06-2015,12:50:57,105,Failed
9634,11-06-2015,12:52:36,101,Delivered
9635,11-06-2015,12:59:19,107,Cancelled
9636,11-06-2015,13:06:58,108,Cancelled
9637,11-06-2015,13:11:46,109,Success
9638,11-06-2015,13:13:03,110,Success
9639,11-06-2015,13:24:09,102,Delivered
9640,11-06-2015,13:24:50,109,Cancelled
9641,11-06-2015,13:26:40,103,Failed
9642,11-06-2015,13:34:07,110,Success
9643,11-06-2015,13:40:06,106,Failed
9644,11-06-2015,13:56:49,107,Success
9645,11-06-2015,14:08:01,107,Failed
9646,11-06-2015,14:25:16,102,Delivered
9647,11-06-2015,14:26:07,107,Failed
9648,11-06-2015,14:31:52,108,Success
9649,11-06-2015,14:50:04,108,Delivered
9650,11-06-2015,14:53:12,105,Delivered
9651,11-06-2015,15:24:50,103,Cancelled
9652,11-06-2015,15:25:11,101,Delivered
9653,11-06-2015,15:57:56,103,Success
9654,11-06-2015,15:58:18,101,Success
9655,11-06-2015,16:01:50,108,Delivered
9656,11-06-2015,16:09:55,102,Delivered
9657,11-06-2015,16:13:21,104,Failed
9658,11-06-2015,16:26:54,110,Failed
9659,11-06-2015,16:33:54,103,Failed
9660,11-06-2015,16:39:15,104,Cancelled
9661,11-06-2015,17:15:03,103,Delivered
9662,11-06-2015,17:26:40,103,Failed
9663,11-06-2015,17:28:39,106,Delivered
9664,11-06-2015,17:33:45,105,Success
9665,11-06-2015,17:35:20,106,Failed
9666,11-06-2015,17:45:47,103,Failed
9667,11-06-2015,17:47:35,108,Cancelled
9668,11-06-2015,18:05:41,108,Success
9669,11-06-2015,18:14:01,104,Cancelled
9670,11-06-2015,18:17:23,110,Delivered
9671,11-06-2015,18:17:33,107,Cancelled
9672,11-06-2015,18:19:52,108,Delivered
9673,11-06-2015,18:21:54,102,Delivered
9674,11-06-2015,18:30:26,105,Cancelled
9675,11-06-2015,18:42:40,110,Failed
9676,11-06-2015,19:14:04,109,Cancelled
9677,11-06-2015,19:31:08,103,Delivered
9678,11-06-2015,19:56:19,107,Success
9679,11-06-2015,20:02:12,104,Failed
9680,11-06-2015,20:02:18,102,Success
9681,11-06-2015,20:04:43,105,Failed
9682,11-06-2015,20:07:34,108,Delivered
9683,11-06-2015,20:10:05,108,Cancelled
9684,11-06-2015,20:12:31,105,Failed
9685,11-06-2015,20:33:52,108,Success
9686,11-06-2015,21:03:42,103,Delivered
9687,11-06-2015,21:04:43,106,Cancelled
9688,11-06-2015,21:15:19,103,Success
9689,11-06-2015,21:23:36,110,Cancelled
9690,11-06-2015,21:43:38,106,Delivered
9691,12-06-2015,11:30:52,104,Failed
9692,12-06-2015,12:06:28,103,Cancelled
9693,12-06-2015,12:09:32,108,Success
9694,12-06-2015,12:14:32,101,Failed
9695,12-06-2015,12:28:13,105,Success
9696,12-06-2015,12:31:47,104,Failed
9697,12-06-2015,12:35:52,109,Failed
9698,12-06-2015,12:48:33,103,Delivered
9699,12-06-2015,12:58:48,104,Cancelled
9700,12-06-2015,13:02:40,107,Success
9701,12-06-2015,13:08:40,103,Delivered
9702,12-06-2015,13:10:02,101,Failed
9703,12-06-2015,13:18:44,101,Delivered
9704,12-06-2015,13:20:00,106,Cancelled
9705,12-06-2015,13:28:13,105,Failed
9706,12-06-2015,14:01:35,110,Failed
9707,12-06-2015,14:03:44,105,Success
9708,12-06-2015,14:10:55,106,Success
9709,12-06-2015,14:23:47,103,Success
9710,12-06-2015,14:34:06,107,Delivered
9711,12-06-2015,14:47:39,104,Success
9712,12-06-2015,15:17:32,107,Delivered
9713,12-06-2015,15:29:38,105,Cancelled
9714,12-06-2015,15:32:54,105,Success
9715,12-06-2015,15:37:01,108,Cancelled
9716,12-06-2015,15:39:41,110,Failed
9717,12-06-2015,15:40:15,101,Success
9718,12-06-2015,15:52:38,108,Delivered
9719,12-06-2015,15:54:59,105,Success
9720,12-06-2015,16:16:31,101,Success
9721,12-06-2015,16:24:25,108,Failed
9722,12-06-2015,16:28:57,102,Success
9723,12-06-2015,16:55:31,110,Cancelled
9724,12-06-2015,17:08:22,106,Failed
9725,12-06-2015,17:12:23,110,Cancelled
9726,12-06-2015,17:13:43,110,Success
9727,12-06-2015,17:25:15,103,Success
9728,12-06-2015,17:39:20,107,Success
9729,12-06-2015,17:41:15,105,Cancelled
9730,12-06-2015,17:59:29,106,Success
9731,12-06-2015,18:08:14,107,Failed
9732,12-06-2015,18:18:37,102,Failed
9733,12-06-2015,18:35:50,108,Cancelled
9734,12-06-2015,18:43:49,107,Delivered
9735,12-06-2015,18:53:08,110,Cancelled
9736,12-06-2015,19:07:21,110,Failed
9737,12-06-2015,19:20:18,103,Failed
9738,12-06-2015,19:20:22,110,Cancelled
9739,12-06-2015,19:58:13,108,Failed
9740,12-06-2015,20:00:30,108,Success
9741,12-06-2015,20:01:57,101,Delivered
9742,12-06-2015,20:05:46,103,Delivered
9743,12-06-2015,20:12:19,103,Delivered
9744,12-06-2015,20:15:45,110,Cancelled
9745,12-06-2015,20:19:07,104,Failed
9746,12-06-2015,20:28:28,103,Failed
9747,12-06-2015,20:30:35,107,Cancelled
9748,12-06-2015,20:51:01,108,Success
9749,12-06-2015,21:32:06,108,Failed
9750,12-06-2015,21:32:54,102,Cancelled
9751,12-06-2015,22:26:52,106,Success
9752,13-06-2015,12:23:13,104,Cancelled
9753,13-06-2015,12:39:22,106,Cancelled
9754,13-06-2015,12:54:38,110,Success
9755,13-06-2015,13:02:09,105,Delivered
9756,13-06-2015,13:02:45,104,Success
9757,13-06-2015,13:03:20,107,Success
9758,13-06-2015,13:15:30,106,Delivered
9759,13-06-2015,13:17:54,107,Failed
9760,13-06-2015,13:26:22,102,Delivered
9761,13-06-2015,13:40:36,103,Success
9762,13-06-2015,13:57:43,101,Delivered
9763,13-06-2015,14:39:25,101,Failed
9764,13-06-2015,14:51:27,110,Cancelled
9765,13-06-2015,14:52:18,105,Cancelled
9766,13-06-2015,14:54:51,109,Cancelled
9767,13-06-2015,14:59:22,102,Cancelled
9768,13-06-2015,15:15:14,105,Delivered
9769,13-06-2015,16:07:15,106,Cancelled
9770,13-06-2015,16:09:25,106,Success
9771,13-06-2015,16:11:12,106,Success
9772,13-06-2015,16:14:58,103,Success
9773,13-06-2015,16:17:30,105,Success
9774,13-06-2015,16:40:24,105,Cancelled
9775,13-06-2015,16:40:44,102,Delivered
9776,13-06-2015,16:44:37,102,Delivered
9777,13-06-2015,16:58:52,105,Success
9778,13-06-2015,17:01:55,102,Delivered
9779,13-06-2015,17:15:14,101,Success
9780,13-06-2015,17:42:36,108,Failed
9781,13-06-2015,17:47:28,105,Failed
9782,13-06-2015,18:14:37,108,Delivered
9783,13-06-2015,18:15:08,104,Cancelled
9784,13-06-2015,18:16:54,105,Failed
9785,13-06-2015,18:17:12,109,Success
9786,13-06-2015,18:19:17,106,Success
9787,13-06-2015,18:20:30,101,Failed
9788,13-06-2015,18:25:56,104,Cancelled
9789,13-06-2015,18:47:01,103,Delivered
9790,13-06-2015,18:52:49,110,Success
9791,13-06-2015,18:53:13,101,Success
9792,13-06-2015,18:54:10,106,Cancelled
9793,13-06-2015,19:06:28,110,Success
9794,13-06-2015,19:09:41,101,Cancelled
9795,13-06-2015,19:11:51,108,Delivered
9796,13-06-2015,19:44:56,102,Cancelled
9797,13-06-2015,20:00:41,108,Success
9798,13-06-2015,20:03:31,104,Cancelled
9799,13-06-2015,20:07:28,108,Cancelled
9800,13-06-2015,20:09:35,103,Success
9801,13-06-2015,20:10:21,103,Failed
9802,13-06-2015,20:15:42,110,Delivered
9803,13-06-2015,20:27:55,106,Failed
9804,13-06-2015,20:32:47,106,Delivered
9805,13-06-2015,20:56:24,104,Delivered
9806,13-06-2015,21:13:12,109,Success
9807,13-06-2015,21:28:17,107,Delivered
9808,13-06-2015,21:32:45,104,Failed
9809,13-06-2015,21:42:22,105,Delivered
9810,13-06-2015,21:53:11,109,Cancelled
9811,13-06-2015,21:58:53,109,Failed
9812,13-06-2015,22:01:22,103,Delivered
9813,13-06-2015,22:18:16,101,Delivered
9814,13-06-2015,22:29:59,109,Cancelled
9815,13-06-2015,22:33:46,102,Delivered
9816,14-06-2015,12:15:45,107,Failed
9817,14-06-2015,12:35:51,110,Cancelled
9818,14-06-2015,12:35:57,102,Cancelled
9819,14-06-2015,12:39:38,108,Cancelled
9820,14-06-2015,12:58:59,104,Success
9821,14-06-2015,12:59:00,102,Success
9822,14-06-2015,13:19:04,108,Success
9823,14-06-2015,13:27:11,104,Success
9824,14-06-2015,13:58:34,108,Delivered
9825,14-06-2015,13:59:00,106,Cancelled
9826,14-06-2015,14:10:47,106,Success
9827,14-06-2015,14:18:21,106,Success
9828,14-06-2015,14:37:19,110,Cancelled
9829,14-06-2015,14:42:29,109,Delivered
9830,14-06-2015,14:49:29,106,Success
9831,14-06-2015,15:10:56,108,Cancelled
9832,14-06-2015,15:13:55,106,Success
9833,14-06-2015,15:33:07,102,Delivered
9834,14-06-2015,16:04:54,101,Cancelled
9835,14-06-2015,16:08:54,108,Failed
9836,14-06-2015,16:33:45,101,Success
9837,14-06-2015,16:44:36,104,Cancelled
9838,14-06-2015,16:44:47,108,Success
9839,14-06-2015,16:48:52,109,Delivered
9840,14-06-2015,16:56:11,102,Cancelled
9841,14-06-2015,17:34:44,108,Failed
9842,14-06-2015,17:42:01,110,Cancelled
9843,14-06-2015,17:44:43,101,Cancelled
9844,14-06-2015,17:59:04,103,Delivered
9845,14-06-2015,18:02:35,106,Failed
9846,14-06-2015,18:06:41,102,Success
9847,14-06-2015,18:10:13,106,Delivered
9848,14-06-2015,18:19:00,103,Success
9849,14-06-2015,18:22:49,110,Delivered
9850,14-06-2015,18:35:49,109,Failed
9851,14-06-2015,18:37:14,105,Cancelled
9852,14-06-2015,18:38:02,109,Delivered
9853,14-06-2015,18:51:40,109,Failed
9854,14-06-2015,19:03:21,109,Delivered
9855,14-06-2015,19:16:34,106,Cancelled
9856,14-06-2015,19:32:46,102,Success
9857,14-06-2015,20:10:38,105,Delivered
9858,14-06-2015,20:14:24,109,Success
9859,14-06-2015,20:27:49,101,Failed
9860,14-06-2015,20:49:49,104,Success
9861,14-06-2015,21:36:05,104,Success
9862,14-06-2015,21:47:27,105,Delivered
9863,14-06-2015,21:49:57,104,Success
9864,15-06-2015,11:54:20,106,Delivered
9865,15-06-2015,11:57:29,101,Delivered
9866,15-06-2015,12:06:32,102,Cancelled
9867,15-06-2015,12:07:56,101,Delivered
9868,15-06-2015,12:13:15,105,Failed
9869,15-06-2015,12:15:34,103,Cancelled
9870,15-06-2015,12:15:41,103,Failed
9871,15-06-2015,12:19:23,101,Delivered
9872,15-06-2015,12:22:02,102,Failed
9873,15-06-2015,12:22:32,105,Success
9874,15-06-2015,12:29:37,109,Success
9875,15-06-2015,12:34:40,106,Cancelled
9876,15-06-2015,12:48:24,108,Cancelled
9877,15-06-2015,12:49:49,108,Delivered
9878,15-06-2015,13:05:02,105,Success
9879,15-06-2015,13:05:09,104,Delivered
9880,15-06-2015,13:07:03,103,Success
9881,15-06-2015,13:18:59,106,Success
9882,15-06-2015,13:26:20,108,Success
9883,15-06-2015,13:33:57,103,Failed
9884,15-06-2015,13:43:42,104,Success
9885,15-06-2015,13:43:55,106,Delivered
9886,15-06-2015,14:01:24,108,Cancelled
9887,15-06-2015,14:58:28,104,Failed
9888,15-06-2015,15:35:01,105,Failed
9889,15-06-2015,15:41:39,102,Delivered
9890,15-06-2015,15:46:43,104,Success
9891,15-06-2015,15:50:49,105,Delivered
9892,15-06-2015,15:53:20,109,Success
9893,15-06-2015,16:06:29,110,Failed
9894,15-06-2015,16:06:45,101,Success
9895,15-06-2015,16:16:21,105,Failed
9896,15-06-2015,16:16:51,107,Cancelled
9897,15-06-2015,16:34:16,102,Failed
9898,15-06-2015,16:44:07,110,Delivered
9899,15-06-2015,16:44:29,107,Delivered
9900,15-06-2015,16:48:03,102,Failed
9901,15-06-2015,16:53:28,103,Success
9902,15-06-2015,16:55:24,103,Success
9903,15-06-2015,17:06:47,108,Delivered
9904,15-06-2015,17:23:09,110,Failed
9905,15-06-2015,17:26:22,107,Failed
9906,15-06-2015,17:28:42,106,Delivered
9907,15-06-2015,17:29:55,105,Cancelled
9908,15-06-2015,17:32:16,101,Failed
9909,15-06-2015,17:51:22,110,Cancelled
9910,15-06-2015,17:53:27,102,Failed
9911,15-06-2015,17:57:57,107,Success
9912,15-06-2015,18:02:30,102,Success
9913,15-06-2015,18:06:31,107,Success
9914,15-06-2015,18:14:13,102,Delivered
9915,15-06-2015,18:14:37,108,Failed
9916,15-06-2015,18:31:17,109,Cancelled
9917,15-06-2015,18:31:46,110,Delivered
9918,15-06-2015,18:37:08,110,Success
9919,15-06-2015,18:48:00,106,Cancelled
9920,15-06-2015,18:51:55,102,Delivered
9921,15-06-2015,19:07:21,103,Success
9922,15-06-2015,19:18:21,107,Delivered
9923,15-06-2015,19:29:39,106,Delivered
9924,15-06-2015,19:52:12,104,Cancelled
9925,15-06-2015,20:09:54,108,Success
9926,15-06-2015,20:32:00,103,Delivered
9927,15-06-2015,20:38:12,102,Failed
9928,15-06-2015,20:49:03,103,Cancelled
9929,15-06-2015,20:55:50,102,Failed
9930,15-06-2015,21:10:32,104,Cancelled
9931,15-06-2015,21:24:16,107,Success
9932,15-06-2015,21:46:27,104,Failed
9933,15-06-2015,21:46:52,107,Delivered
9934,15-06-2015,21:50:00,106,Failed
9935,15-06-2015,21:56:29,101,Failed
9936,15-06-2015,22:54:40,101,Cancelled
9937,16-06-2015,11:16:25,108,Delivered
9938,16-06-2015,11:30:04,105,Cancelled
9939,16-06-2015,12:01:31,109,Success
9940,16-06-2015,12:10:24,109,Success
9941,16-06-2015,12:15:25,102,Delivered
9942,16-06-2015,12:15:57,104,Success
9943,16-06-2015,12:35:36,104,Failed
9944,16-06-2015,12:39:14,101,Delivered
9945,16-06-2015,12:52:38,109,Delivered
9946,16-06-2015,13:02:23,109,Delivered
9947,16-06-2015,13:03:51,105,Delivered
9948,16-06-2015,13:10:00,104,Success
9949,16-06-2015,13:10:38,106,Cancelled
9950,16-06-2015,13:20:16,110,Failed
9951,16-06-2015,13:29:39,102,Failed
9952,16-06-2015,13:38:26,101,Cancelled
9953,16-06-2015,13:59:12,108,Success
9954,16-06-2015,14:01:06,109,Delivered
9955,16-06-2015,14:08:19,109,Delivered
9956,16-06-2015,15:07:09,108,Cancelled
9957,16-06-2015,15:21:28,103,Delivered
9958,16-06-2015,16:25:49,108,Failed
9959,16-06-2015,16:34:27,108,Failed
9960,16-06-2015,16:44:02,106,Failed
9961,16-06-2015,16:49:02,103,Cancelled
9962,16-06-2015,17:09:45,103,Cancelled
9963,16-06-2015,17:12:09,102,Cancelled
9964,16-06-2015,17:19:00,104,Cancelled
9965,16-06-2015,17:25:22,108,Cancelled
9966,16-06-2015,17:27:11,103,Delivered
9967,16-06-2015,17:48:26,103,Failed
9968,16-06-2015,17:53:25,110,Delivered
9969,16-06-2015,18:03:19,110,Success
9970,16-06-2015,18:06:39,101,Cancelled
9971,16-06-2015,18:07:41,101,Cancelled
9972,16-06-2015,18:12:01,107,Failed
9973,16-06-2015,18:52:41,105,Failed
9974,16-06-2015,18:53:35,105,Cancelled
9975,16-06-2015,19:00:37,103,Success
9976,16-06-2015,19:02:40,105,Failed
9977,16-06-2015,19:08:28,109,Success
9978,16-06-2015,19:17:31,104,Delivered
9979,16-06-2015,19:17:34,108,Cancelled
9980,16-06-2015,19:26:39,104,Success
9981,16-06-2015,19:50:03,102,Cancelled
9982,16-06-2015,19:50:33,109,Failed
9983,16-06-2015,19:56:54,106,Failed
9984,16-06-2015,20:07:51,109,Delivered
9985,16-06-2015,20:24:04,103,Success
9986,16-06-2015,20:54:22,109,Failed
9987,16-06-2015,21:42:01,107,Success
9988,16-06-2015,22:17:42,102,Delivered
9989,16-06-2015,22:25:07,103,Success
9990,16-06-2015,22:38:18,103,Delivered
9991,17-06-2015,10:52:26,103,Failed
9992,17-06-2015,11:18:25,101,Failed
9993,17-06-2015,11:25:55,107,Failed
9994,17-06-2015,11:31:09,105,Delivered
9995,17-06-2015,11:43:15,101,Success
9996,17-06-2015,11:48:19,102,Delivered
9997,17-06-2015,11:53:46,110,Success
9998,17-06-2015,12:00:35,105,Cancelled
9999,17-06-2015,12:05:21,107,Success
10000,17-06-2015,12:18:44,106,Cancelled
10001,17-06-2015,12:36:54,104,Failed
10002,17-06-2015,12:39:08,108,Success
10003,17-06-2015,12:42:25,110,Cancelled
10004,17-06-2015,12:44:31,101,Delivered
10005,17-06-2015,12:45:35,109,Cancelled
10006,17-06-2015,12:46:11,103,Success
10007,17-06-2015,12:57:10,101,Failed
10008,17-06-2015,13:33:29,106,Delivered
10009,17-06-2015,13:58:20,109,Delivered
10010,17-06-2015,14:03:39,109,Cancelled
10011,17-06-2015,14:08:34,101,Failed
10012,17-06-2015,14:10:14,109,Success
10013,17-06-2015,14:35:51,102,Delivered
10014,17-06-2015,14:41:35,101,Failed
10015,17-06-2015,14:41:37,108,Success
10016,17-06-2015,15:15:05,109,Delivered
10017,17-06-2015,15:18:19,105,Success
10018,17-06-2015,15:37:30,106,Cancelled
10019,17-06-2015,15:42:11,104,Cancelled
10020,17-06-2015,15:44:55,108,Success
10021,17-06-2015,15:45:22,104,Cancelled
10022,17-06-2015,16:16:55,106,Cancelled
10023,17-06-2015,16:18:06,101,Failed
10024,17-06-2015,16:56:53,105,Cancelled
10025,17-06-2015,16:57:22,108,Cancelled
10026,17-06-2015,17:10:01,108,Failed
10027,17-06-2015,17:13:53,106,Delivered
10028,17-06-2015,17:19:14,106,Success
10029,17-06-2015,17:38:59,104,Delivered
10030,17-06-2015,17:55:24,108,Failed
10031,17-06-2015,17:59:29,108,Success
10032,17-06-2015,18:17:12,102,Failed
10033,17-06-2015,18:26:13,106,Delivered
10034,17-06-2015,18:48:59,105,Cancelled
10035,17-06-2015,18:55:49,109,Delivered
10036,17-06-2015,18:59:12,108,Delivered
10037,17-06-2015,19:03:27,110,Failed
10038,17-06-2015,19:09:14,109,Cancelled
10039,17-06-2015,19:36:20,104,Delivered
10040,17-06-2015,20:42:37,109,Cancelled
10041,17-06-2015,21:02:38,102,Delivered
10042,17-06-2015,21:07:29,103,Delivered
10043,17-06-2015,21:22:31,107,Success
10044,17-06-2015,21:52:02,103,Failed
10045,18-06-2015,11:24:50,104,Failed
10046,18-06-2015,11:29:19,103,Cancelled
10047,18-06-2015,11:41:38,102,Failed
10048,18-06-2015,11:48:49,101,Delivered
10049,18-06-2015,11:50:22,105,Delivered
10050,18-06-2015,11:51:53,106,Delivered
10051,18-06-2015,12:02:43,102,Success
10052,18-06-2015,12:09:32,106,Cancelled
10053,18-06-2015,12:09:43,103,Cancelled
10054,18-06-2015,12:13:35,108,Failed
10055,18-06-2015,12:21:00,102,Cancelled
10056,18-06-2015,12:50:45,104,Cancelled
10057,18-06-2015,12:51:26,110,Failed
10058,18-06-2015,12:59:37,102,Delivered
10059,18-06-2015,13:08:07,104,Cancelled
10060,18-06-2015,13:09:34,107,Failed
10061,18-06-2015,13:17:01,104,Success
10062,18-06-2015,13:28:45,104,Failed
10063,18-06-2015,13:32:02,105,Delivered
10064,18-06-2015,13:36:27,107,Success
10065,18-06-2015,13:42:24,103,Cancelled
10066,18-06-2015,13:49:00,102,Cancelled
10067,18-06-2015,13:50:47,106,Delivered
10068,18-06-2015,14:02:46,106,Cancelled
10069,18-06-2015,14:16:56,103,Delivered
10070,18-06-2015,14:46:28,110,Delivered
10071,18-06-2015,14:48:52,104,Failed
10072,18-06-2015,15:20:22,107,Failed
10073,18-06-2015,15:22:11,106,Delivered
10074,18-06-2015,15:48:06,110,Delivered
10075,18-06-2015,16:03:06,110,Delivered
10076,18-06-2015,16:07:56,106,Cancelled
10077,18-06-2015,16:09:26,107,Delivered
10078,18-06-2015,16:15:34,105,Delivered
10079,18-06-2015,16:21:21,104,Success
10080,18-06-2015,16:24:32,103,Failed
10081,18-06-2015,16:30:26,105,Cancelled
10082,18-06-2015,16:56:19,103,Delivered
10083,18-06-2015,17:09:05,102,Failed
10084,18-06-2015,17:34:43,110,Success
10085,18-06-2015,17:44:31,108,Success
10086,18-06-2015,18:06:45,103,Delivered
10087,18-06-2015,18:08:31,107,Success
10088,18-06-2015,18:19:05,107,Cancelled
10089,18-06-2015,18:20:23,103,Delivered
10090,18-06-2015,18:21:12,110,Cancelled
10091,18-06-2015,18:26:23,109,Failed
10092,18-06-2015,18:52:17,102,Failed
10093,18-06-2015,19:08:25,108,Cancelled
10094,18-06-2015,19:18:25,105,Success
10095,18-06-2015,19:27:06,101,Cancelled
10096,18-06-2015,19:34:18,101,Cancelled
10097,18-06-2015,19:35:24,109,Delivered
10098,18-06-2015,19:48:41,103,Failed
10099,18-06-2015,20:13:48,106,Failed
10100,18-06-2015,21:48:46,105,Success
10101,19-06-2015,11:30:04,106,Failed
10102,19-06-2015,11:55:58,102,Cancelled
10103,19-06-2015,12:06:49,105,Delivered
10104,19-06-2015,12:09:37,107,Cancelled
10105,19-06-2015,12:15:20,105,Delivered
10106,19-06-2015,12:20:53,108,Cancelled
10107,19-06-2015,12:26:44,110,Success
10108,19-06-2015,12:30:11,108,Success
10109,19-06-2015,12:30:44,103,Cancelled
10110,19-06-2015,12:31:07,106,Failed
10111,19-06-2015,12:33:20,105,Delivered
10112,19-06-2015,12:42:01,109,Cancelled
10113,19-06-2015,12:42:29,110,Delivered
10114,19-06-2015,12:45:30,104,Delivered
10115,19-06-2015,13:08:39,102,Failed
10116,19-06-2015,13:28:04,108,Cancelled
10117,19-06-2015,13:35:09,104,Delivered
10118,19-06-2015,13:37:07,107,Success
10119,19-06-2015,13:38:04,107,Delivered
10120,19-06-2015,13:40:04,104,Delivered
10121,19-06-2015,13:45:09,104,Delivered
10122,19-06-2015,14:05:06,105,Success
10123,19-06-2015,14:15:44,103,Failed
10124,19-06-2015,14:22:29,107,Delivered
10125,19-06-2015,14:24:41,104,Failed
10126,19-06-2015,14:43:37,107,Cancelled
10127,19-06-2015,14:47:03,107,Success
10128,19-06-2015,14:51:48,107,Cancelled
10129,19-06-2015,14:58:46,109,Success
10130,19-06-2015,15:22:35,107,Delivered
10131,19-06-2015,15:28:45,104,Failed
10132,19-06-2015,15:39:08,106,Success
10133,19-06-2015,15:41:32,102,Cancelled
10134,19-06-2015,16:01:36,107,Failed
10135,19-06-2015,16:02:46,102,Failed
10136,19-06-2015,16:11:22,104,Failed
10137,19-06-2015,16:33:31,105,Failed
10138,19-06-2015,16:43:13,108,Cancelled
10139,19-06-2015,16:49:56,109,Delivered
10140,19-06-2015,16:54:12,102,Success
10141,19-06-2015,17:18:38,107,Cancelled
10142,19-06-2015,17:26:46,105,Failed
10143,19-06-2015,17:31:58,101,Failed
10144,19-06-2015,17:40:22,105,Failed
10145,19-06-2015,17:40:54,105,Delivered
10146,19-06-2015,18:03:37,110,Cancelled
10147,19-06-2015,18:15:30,106,Success
10148,19-06-2015,18:34:45,105,Failed
10149,19-06-2015,18:54:34,104,Delivered
10150,19-06-2015,19:02:52,108,Success
10151,19-06-2015,19:08:26,103,Failed
10152,19-06-2015,19:19:53,110,Cancelled
10153,19-06-2015,19:49:16,103,Cancelled
10154,19-06-2015,19:52:48,110,Success
10155,19-06-2015,20:04:41,104,Delivered
10156,19-06-2015,20:27:24,104,Cancelled
10157,19-06-2015,20:34:22,107,Delivered
10158,19-06-2015,20:37:28,108,Delivered
10159,19-06-2015,20:45:14,105,Delivered
10160,19-06-2015,20:46:19,101,Cancelled
10161,19-06-2015,20:47:07,105,Success
10162,19-06-2015,20:58:34,102,Delivered
10163,19-06-2015,21:04:29,109,Delivered
10164,19-06-2015,21:05:22,103,Failed
10165,19-06-2015,21:12:01,101,Failed
10166,19-06-2015,21:19:19,108,Success
10167,19-06-2015,21:27:52,110,Failed
10168,19-06-2015,21:32:27,102,Failed
10169,19-06-2015,21:32:48,101,Cancelled
10170,19-06-2015,21:46:20,101,Failed
10171,19-06-2015,22:04:53,101,Cancelled
10172,19-06-2015,22:26:01,101,Failed
10173,19-06-2015,22:29:23,110,Success
10174,19-06-2015,22:53:24,105,Cancelled
10175,20-06-2015,11:32:39,105,Success
10176,20-06-2015,11:45:20,101,Cancelled
10177,20-06-2015,11:53:09,109,Delivered
10178,20-06-2015,12:07:12,101,Success
10179,20-06-2015,12:18:46,109,Success
10180,20-06-2015,12:25:42,104,Success
10181,20-06-2015,12:27:38,101,Cancelled
10182,20-06-2015,12:30:48,108,Cancelled
10183,20-06-2015,12:36:46,107,Delivered
10184,20-06-2015,13:23:37,103,Success
10185,20-06-2015,13:35:37,102,Delivered
10186,20-06-2015,13:35:54,101,Failed
10187,20-06-2015,14:11:09,110,Delivered
10188,20-06-2015,14:27:59,110,Failed
10189,20-06-2015,14:58:52,105,Cancelled
10190,20-06-2015,15:32:13,108,Failed
10191,20-06-2015,15:48:07,109,Cancelled
10192,20-06-2015,15:54:03,109,Cancelled
10193,20-06-2015,16:23:25,105,Failed
10194,20-06-2015,16:28:11,110,Cancelled
10195,20-06-2015,16:53:36,106,Failed
10196,20-06-2015,16:56:12,103,Success
10197,20-06-2015,17:00:52,105,Failed
10198,20-06-2015,17:03:12,103,Delivered
10199,20-06-2015,17:23:11,102,Delivered
10200,20-06-2015,17:28:19,109,Success
10201,20-06-2015,17:37:48,108,Delivered
10202,20-06-2015,18:10:34,108,Cancelled
10203,20-06-2015,18:17:16,107,Cancelled
10204,20-06-2015,18:19:42,104,Delivered
10205,20-06-2015,18:33:58,110,Delivered
10206,20-06-2015,18:44:46,104,Success
10207,20-06-2015,18:52:35,106,Delivered
10208,20-06-2015,19:31:45,110,Delivered
10209,20-06-2015,19:50:42,109,Cancelled
10210,20-06-2015,20:01:25,106,Cancelled
10211,20-06-2015,20:09:46,102,Success
10212,20-06-2015,20:19:36,101,Success
10213,20-06-2015,20:21:10,108,Cancelled
10214,20-06-2015,20:24:31,102,Delivered
10215,20-06-2015,20:28:01,104,Cancelled
10216,20-06-2015,21:07:38,108,Success
10217,20-06-2015,21:27:48,104,Failed
10218,20-06-2015,21:35:21,107,Delivered
10219,20-06-2015,22:09:01,104,Failed
10220,20-06-2015,22:34:11,101,Delivered
10221,20-06-2015,22:35:14,110,Cancelled
10222,20-06-2015,23:02:59,107,Cancelled
10223,21-06-2015,11:31:04,102,Success
10224,21-06-2015,11:52:44,109,Cancelled
10225,21-06-2015,12:13:18,105,Delivered
10226,21-06-2015,12:22:26,108,Cancelled
10227,21-06-2015,12:40:14,106,Success
10228,21-06-2015,13:00:56,104,Cancelled
10229,21-06-2015,13:11:19,103,Failed
10230,21-06-2015,13:19:02,108,Cancelled
10231,21-06-2015,13:36:13,110,Failed
10232,21-06-2015,13:40:06,110,Failed
10233,21-06-2015,13:50:13,109,Delivered
10234,21-06-2015,14:07:06,101,Failed
10235,21-06-2015,14:22:05,109,Cancelled
10236,21-06-2015,14:22:19,104,Cancelled
10237,21-06-2015,14:23:35,106,Success
10238,21-06-2015,14:26:54,109,Cancelled
10239,21-06-2015,14:28:02,101,Delivered
10240,21-06-2015,14:30:02,101,Failed
10241,21-06-2015,14:44:09,105,Cancelled
10242,21-06-2015,14:56:22,110,Failed
10243,21-06-2015,15:10:42,107,Cancelled
10244,21-06-2015,15:15:47,104,Success
10245,21-06-2015,15:29:49,101,Success
10246,21-06-2015,16:25:04,110,Cancelled
10247,21-06-2015,16:35:59,103,Success
10248,21-06-2015,16:51:23,108,Failed
10249,21-06-2015,16:57:33,103,Success
10250,21-06-2015,17:19:05,104,Delivered
10251,21-06-2015,17:30:19,104,Cancelled
10252,21-06-2015,17:41:23,109,Success
10253,21-06-2015,18:00:04,106,Delivered
10254,21-06-2015,18:18:57,110,Delivered
10255,21-06-2015,18:20:20,106,Success
10256,21-06-2015,18:21:25,101,Delivered
10257,21-06-2015,18:29:43,108,Delivered
10258,21-06-2015,18:33:38,102,Cancelled
10259,21-06-2015,18:44:49,103,Delivered
10260,21-06-2015,18:48:35,105,Success
10261,21-06-2015,19:16:03,106,Success
10262,21-06-2015,19:16:39,102,Failed
10263,21-06-2015,19:31:37,110,Delivered
10264,21-06-2015,19:45:14,105,Delivered
10265,21-06-2015,20:09:30,106,Failed
10266,21-06-2015,20:15:06,101,Success
10267,21-06-2015,20:47:55,109,Delivered
10268,21-06-2015,20:56:10,104,Failed
10269,21-06-2015,21:00:55,104,Delivered
10270,21-06-2015,21:19:15,104,Cancelled
10271,21-06-2015,21:22:01,103,Cancelled
10272,21-06-2015,21:24:34,102,Failed
10273,21-06-2015,22:08:58,104,Cancelled
10274,22-06-2015,11:42:58,108,Delivered
10275,22-06-2015,11:49:10,105,Cancelled
10276,22-06-2015,11:58:43,109,Failed
10277,22-06-2015,12:25:50,107,Success
10278,22-06-2015,12:28:42,105,Failed
10279,22-06-2015,12:38:03,106,Cancelled
10280,22-06-2015,12:43:22,110,Failed
10281,22-06-2015,12:48:22,108,Failed
10282,22-06-2015,12:48:32,101,Failed
10283,22-06-2015,12:57:03,109,Success
10284,22-06-2015,13:02:24,105,Delivered
10285,22-06-2015,13:04:31,110,Success
10286,22-06-2015,13:10:32,105,Cancelled
10287,22-06-2015,13:15:45,106,Delivered
10288,22-06-2015,13:20:53,103,Delivered
10289,22-06-2015,13:27:18,109,Failed
10290,22-06-2015,13:34:22,106,Cancelled
10291,22-06-2015,14:09:17,105,Delivered
10292,22-06-2015,14:12:28,101,Cancelled
10293,22-06-2015,14:22:04,102,Cancelled
10294,22-06-2015,15:22:45,109,Cancelled
10295,22-06-2015,15:34:14,101,Success
10296,22-06-2015,15:42:42,105,Failed
10297,22-06-2015,15:46:22,109,Cancelled
10298,22-06-2015,15:57:10,105,Success
10299,22-06-2015,16:08:10,105,Cancelled
10300,22-06-2015,16:19:32,109,Cancelled
10301,22-06-2015,16:41:58,107,Delivered
10302,22-06-2015,16:51:32,107,Delivered
10303,22-06-2015,17:17:31,105,Cancelled
10304,22-06-2015,17:48:55,107,Success
10305,22-06-2015,17:54:39,105,Success
10306,22-06-2015,17:59:23,106,Success
10307,22-06-2015,18:02:36,107,Success
10308,22-06-2015,18:08:15,107,Cancelled
10309,22-06-2015,18:28:24,106,Delivered
10310,22-06-2015,18:28:45,104,Failed
10311,22-06-2015,18:41:18,108,Cancelled
10312,22-06-2015,18:52:41,103,Success
10313,22-06-2015,19:14:44,102,Success
10314,22-06-2015,19:27:42,102,Success
10315,22-06-2015,19:29:01,101,Success
10316,22-06-2015,19:32:13,101,Delivered
10317,22-06-2015,19:37:38,106,Cancelled
10318,22-06-2015,19:40:01,101,Cancelled
10319,22-06-2015,20:02:45,103,Cancelled
10320,22-06-2015,20:05:29,102,Delivered
10321,22-06-2015,20:12:33,106,Delivered
10322,22-06-2015,20:16:37,108,Cancelled
10323,22-06-2015,20:35:52,105,Cancelled
10324,22-06-2015,21:03:42,103,Delivered
10325,22-06-2015,21:18:20,103,Cancelled
10326,22-06-2015,21:23:14,104,Success
10327,22-06-2015,21:34:23,101,Success
10328,22-06-2015,22:29:15,106,Failed
10329,23-06-2015,11:21:36,101,Delivered
10330,23-06-2015,11:41:19,108,Cancelled
10331,23-06-2015,11:49:48,103,Failed
10332,23-06-2015,11:55:05,108,Success
10333,23-06-2015,12:06:43,109,Delivered
10334,23-06-2015,12:07:43,101,Delivered
10335,23-06-2015,12:18:09,101,Success
10336,23-06-2015,12:35:03,104,Success
10337,23-06-2015,12:35:12,103,Delivered
10338,23-06-2015,12:36:36,106,Failed
10339,23-06-2015,12:45:52,103,Cancelled
10340,23-06-2015,12:50:13,103,Cancelled
10341,23-06-2015,12:52:22,106,Failed
10342,23-06-2015,12:54:47,105,Success
10343,23-06-2015,12:58:56,104,Failed
10344,23-06-2015,13:04:57,109,Success
10345,23-06-2015,13:19:27,102,Cancelled
10346,23-06-2015,13:46:11,105,Failed
10347,23-06-2015,13:49:02,109,Delivered
10348,23-06-2015,13:51:02,105,Delivered
10349,23-06-2015,13:57:39,108,Failed
10350,23-06-2015,14:06:25,101,Success
10351,23-06-2015,14:16:14,105,Delivered
10352,23-06-2015,14:23:23,105,Cancelled
10353,23-06-2015,14:31:07,105,Cancelled
10354,23-06-2015,14:42:01,108,Delivered
10355,23-06-2015,14:51:28,105,Delivered
10356,23-06-2015,15:12:52,110,Failed
10357,23-06-2015,15:19:34,109,Cancelled
10358,23-06-2015,15:37:01,102,Cancelled
10359,23-06-2015,16:22:36,101,Failed
10360,23-06-2015,16:32:20,101,Success
10361,23-06-2015,16:55:19,110,Cancelled
10362,23-06-2015,17:04:28,109,Success
10363,23-06-2015,17:17:43,109,Success
10364,23-06-2015,17:41:44,108,Delivered
10365,23-06-2015,17:43:29,107,Delivered
10366,23-06-2015,18:03:31,104,Cancelled
10367,23-06-2015,18:24:33,103,Delivered
10368,23-06-2015,18:25:11,106,Failed
10369,23-06-2015,18:28:48,102,Cancelled
10370,23-06-2015,18:30:47,103,Delivered
10371,23-06-2015,18:46:08,108,Delivered
10372,23-06-2015,18:46:44,104,Cancelled
10373,23-06-2015,18:58:33,106,Failed
10374,23-06-2015,19:07:01,107,Success
10375,23-06-2015,19:10:46,110,Success
10376,23-06-2015,19:18:41,103,Cancelled
10377,23-06-2015,19:54:54,102,Cancelled
10378,23-06-2015,20:16:35,104,Cancelled
10379,23-06-2015,20:21:08,107,Success
10380,23-06-2015,20:30:03,104,Cancelled
10381,23-06-2015,20:37:21,106,Delivered
10382,23-06-2015,20:40:20,104,Cancelled
10383,23-06-2015,21:20:29,107,Cancelled
10384,23-06-2015,21:28:56,109,Success
10385,23-06-2015,21:48:26,106,Cancelled
10386,23-06-2015,21:50:10,108,Failed
10387,23-06-2015,22:16:45,107,Success
10388,24-06-2015,11:29:31,103,Failed
10389,24-06-2015,11:38:12,102,Success
10390,24-06-2015,11:40:02,106,Failed
10391,24-06-2015,12:11:02,109,Cancelled
10392,24-06-2015,12:13:42,109,Success
10393,24-06-2015,12:25:09,109,Failed
10394,24-06-2015,12:31:48,109,Delivered
10395,24-06-2015,12:34:29,109,Failed
10396,24-06-2015,12:47:06,106,Delivered
10397,24-06-2015,12:53:35,103,Cancelled
10398,24-06-2015,12:55:54,110,Cancelled
10399,24-06-2015,13:04:49,103,Success
10400,24-06-2015,13:05:48,104,Failed
10401,24-06-2015,13:13:12,106,Delivered
10402,24-06-2015,13:17:41,101,Failed
10403,24-06-2015,13:22:43,104,Delivered
10404,24-06-2015,13:26:41,110,Cancelled
10405,24-06-2015,13:34:40,108,Delivered
10406,24-06-2015,13:50:07,106,Success
10407,24-06-2015,14:05:45,102,Success
10408,24-06-2015,14:08:42,103,Failed
10409,24-06-2015,14:17:31,108,Delivered
10410,24-06-2015,14:18:18,101,Failed
10411,24-06-2015,14:19:35,101,Delivered
10412,24-06-2015,14:36:31,107,Success
10413,24-06-2015,15:24:47,101,Success
10414,24-06-2015,16:19:12,108,Success
10415,24-06-2015,16:49:46,105,Delivered
10416,24-06-2015,17:04:37,110,Cancelled
10417,24-06-2015,17:06:37,107,Delivered
10418,24-06-2015,17:13:08,107,Success
10419,24-06-2015,17:19:20,110,Failed
10420,24-06-2015,17:22:04,101,Success
10421,24-06-2015,17:23:21,105,Cancelled
10422,24-06-2015,17:23:54,108,Cancelled
10423,24-06-2015,17:25:55,107,Success
10424,24-06-2015,17:30:18,110,Success
10425,24-06-2015,17:36:07,101,Cancelled
10426,24-06-2015,17:51:00,110,Failed
10427,24-06-2015,17:55:38,109,Cancelled
10428,24-06-2015,18:11:37,102,Delivered
10429,24-06-2015,18:23:53,101,Failed
10430,24-06-2015,18:27:41,107,Failed
10431,24-06-2015,18:32:39,110,Failed
10432,24-06-2015,18:45:24,101,Success
10433,24-06-2015,18:55:09,110,Failed
10434,24-06-2015,19:05:39,104,Delivered
10435,24-06-2015,19:31:13,109,Cancelled
10436,24-06-2015,19:35:59,108,Delivered
10437,24-06-2015,19:43:49,102,Delivered
10438,24-06-2015,19:44:39,109,Failed
10439,24-06-2015,19:54:14,109,Failed
10440,24-06-2015,20:07:37,108,Success
10441,24-06-2015,20:16:15,105,Success
10442,24-06-2015,20:41:39,104,Cancelled
10443,24-06-2015,20:42:03,107,Delivered
10444,24-06-2015,20:47:42,101,Success
10445,24-06-2015,21:28:24,109,Delivered
10446,24-06-2015,21:35:35,103,Delivered
10447,24-06-2015,21:37:42,108,Success
10448,24-06-2015,21:40:21,109,Cancelled
10449,24-06-2015,22:03:03,105,Cancelled
10450,25-06-2015,11:15:19,105,Success
10451,25-06-2015,11:16:28,105,Success
10452,25-06-2015,11:21:53,109,Failed
10453,25-06-2015,11:33:30,105,Success
10454,25-06-2015,11:36:02,103,Success
10455,25-06-2015,11:50:21,110,Delivered
10456,25-06-2015,12:10:03,103,Delivered
10457,25-06-2015,12:22:42,102,Cancelled
10458,25-06-2015,12:32:26,110,Failed
10459,25-06-2015,12:40:26,104,Delivered
10460,25-06-2015,12:44:51,104,Delivered
10461,25-06-2015,12:49:19,102,Failed
10462,25-06-2015,13:18:06,104,Cancelled
10463,25-06-2015,13:25:48,107,Cancelled
10464,25-06-2015,13:32:03,110,Delivered
10465,25-06-2015,13:43:47,105,Failed
10466,25-06-2015,13:44:36,102,Success
10467,25-06-2015,13:49:25,101,Failed
10468,25-06-2015,14:01:53,109,Delivered
10469,25-06-2015,14:06:51,110,Failed
10470,25-06-2015,14:34:16,106,Delivered
10471,25-06-2015,14:44:09,102,Delivered
10472,25-06-2015,15:03:45,109,Success
10473,25-06-2015,15:06:07,104,Success
10474,25-06-2015,15:11:35,102,Success
10475,25-06-2015,15:16:24,106,Failed
10476,25-06-2015,15:21:37,109,Cancelled
10477,25-06-2015,15:26:30,104,Delivered
10478,25-06-2015,15:27:09,103,Failed
10479,25-06-2015,15:33:58,108,Delivered
10480,25-06-2015,16:15:21,110,Success
10481,25-06-2015,16:30:49,101,Success
10482,25-06-2015,16:40:54,105,Cancelled
10483,25-06-2015,17:05:12,106,Failed
10484,25-06-2015,17:19:05,107,Delivered
10485,25-06-2015,17:28:09,102,Delivered
10486,25-06-2015,17:40:51,105,Delivered
10487,25-06-2015,17:44:52,101,Delivered
10488,25-06-2015,17:50:44,102,Cancelled
10489,25-06-2015,17:52:06,102,Cancelled
10490,25-06-2015,18:17:55,108,Delivered
10491,25-06-2015,18:27:02,103,Cancelled
10492,25-06-2015,18:34:07,101,Delivered
10493,25-06-2015,18:38:07,103,Success
10494,25-06-2015,18:56:51,109,Delivered
10495,25-06-2015,19:01:45,104,Success
10496,25-06-2015,19:07:19,105,Success
10497,25-06-2015,19:19:17,109,Failed
10498,25-06-2015,19:22:18,109,Delivered
10499,25-06-2015,19:22:30,105,Success
10500,25-06-2015,19:29:28,102,Failed
10501,25-06-2015,19:33:42,105,Failed
10502,25-06-2015,20:30:54,107,Cancelled
10503,25-06-2015,20:36:17,103,Cancelled
10504,25-06-2015,20:38:16,102,Failed
10505,25-06-2015,20:52:53,109,Failed
10506,25-06-2015,21:10:40,106,Failed
10507,25-06-2015,21:15:37,108,Delivered
10508,25-06-2015,21:59:33,110,Delivered
10509,25-06-2015,22:00:53,109,Cancelled
10510,26-06-2015,11:25:23,109,Success
10511,26-06-2015,11:38:32,108,Success
10512,26-06-2015,11:39:16,106,Failed
10513,26-06-2015,11:47:49,109,Failed
10514,26-06-2015,12:12:43,102,Delivered
10515,26-06-2015,12:19:41,106,Cancelled
10516,26-06-2015,12:32:09,106,Failed
10517,26-06-2015,12:38:07,107,Cancelled
10518,26-06-2015,12:46:24,103,Delivered
10519,26-06-2015,12:57:16,110,Failed
10520,26-06-2015,12:59:55,104,Cancelled
10521,26-06-2015,13:09:06,103,Cancelled
10522,26-06-2015,13:26:10,105,Delivered
10523,26-06-2015,13:36:00,103,Cancelled
10524,26-06-2015,13:45:20,109,Cancelled
10525,26-06-2015,13:45:25,101,Success
10526,26-06-2015,13:54:23,107,Cancelled
10527,26-06-2015,13:57:13,103,Cancelled
10528,26-06-2015,14:04:20,104,Delivered
10529,26-06-2015,14:10:42,109,Cancelled
10530,26-06-2015,14:18:22,108,Failed
10531,26-06-2015,14:36:22,110,Delivered
10532,26-06-2015,15:02:34,103,Failed
10533,26-06-2015,15:02:56,105,Success
10534,26-06-2015,15:12:19,105,Failed
10535,26-06-2015,15:13:24,109,Delivered
10536,26-06-2015,15:21:03,104,Success
10537,26-06-2015,16:08:18,101,Cancelled
10538,26-06-2015,16:22:34,104,Success
10539,26-06-2015,16:33:48,101,Delivered
10540,26-06-2015,16:37:42,104,Delivered
10541,26-06-2015,16:41:36,102,Delivered
10542,26-06-2015,16:47:10,101,Delivered
10543,26-06-2015,16:48:50,109,Success
10544,26-06-2015,16:56:42,110,Success
10545,26-06-2015,17:10:20,108,Cancelled
10546,26-06-2015,17:17:54,101,Success
10547,26-06-2015,17:49:19,105,Delivered
10548,26-06-2015,18:10:03,110,Failed
10549,26-06-2015,18:13:59,108,Cancelled
10550,26-06-2015,18:20:40,101,Delivered
10551,26-06-2015,18:35:19,107,Cancelled
10552,26-06-2015,18:39:03,108,Success
10553,26-06-2015,18:52:29,107,Success
10554,26-06-2015,18:56:12,110,Failed
10555,26-06-2015,19:12:39,110,Delivered
10556,26-06-2015,19:22:38,108,Success
10557,26-06-2015,19:57:01,102,Cancelled
10558,26-06-2015,20:20:39,101,Delivered
10559,26-06-2015,20:21:48,109,Delivered
10560,26-06-2015,20:30:17,103,Failed
10561,26-06-2015,20:30:29,105,Failed
10562,26-06-2015,20:39:20,104,Success
10563,26-06-2015,20:51:11,106,Success
10564,26-06-2015,20:59:07,109,Failed
10565,26-06-2015,21:23:06,106,Failed
10566,26-06-2015,21:35:07,103,Delivered
10567,26-06-2015,21:35:32,108,Success
10568,26-06-2015,21:37:53,108,Success
10569,26-06-2015,22:12:00,104,Delivered
10570,26-06-2015,22:46:29,107,Cancelled
10571,26-06-2015,22:54:42,103,Cancelled
10572,26-06-2015,23:00:35,108,Delivered
10573,26-06-2015,23:04:52,105,Failed
10574,27-06-2015,11:49:55,101,Cancelled
10575,27-06-2015,11:52:49,107,Success
10576,27-06-2015,11:53:13,110,Cancelled
10577,27-06-2015,11:57:33,105,Success
10578,27-06-2015,12:13:02,110,Failed
10579,27-06-2015,12:16:18,105,Delivered
10580,27-06-2015,12:23:19,101,Cancelled
10581,27-06-2015,12:52:02,108,Delivered
10582,27-06-2015,13:23:03,102,Delivered
10583,27-06-2015,13:40:53,106,Cancelled
10584,27-06-2015,13:42:10,103,Success
10585,27-06-2015,13:53:39,108,Cancelled
10586,27-06-2015,13:58:55,106,Cancelled
10587,27-06-2015,14:07:17,101,Cancelled
10588,27-06-2015,14:40:16,103,Success
10589,27-06-2015,14:42:52,101,Success
10590,27-06-2015,14:50:49,109,Success
10591,27-06-2015,15:05:04,109,Success
10592,27-06-2015,15:12:35,103,Delivered
10593,27-06-2015,15:18:19,105,Cancelled
10594,27-06-2015,15:23:52,104,Cancelled
10595,27-06-2015,15:29:11,106,Success
10596,27-06-2015,15:47:14,101,Failed
10597,27-06-2015,15:56:23,109,Success
10598,27-06-2015,16:21:01,108,Failed
10599,27-06-2015,16:21:39,107,Delivered
10600,27-06-2015,16:40:08,105,Delivered
10601,27-06-2015,17:15:49,108,Failed
10602,27-06-2015,17:16:23,106,Success
10603,27-06-2015,17:17:45,102,Failed
10604,27-06-2015,17:44:17,101,Cancelled
10605,27-06-2015,17:47:12,110,Cancelled
10606,27-06-2015,17:48:36,106,Cancelled
10607,27-06-2015,17:51:27,110,Cancelled
10608,27-06-2015,17:57:53,110,Failed
10609,27-06-2015,18:11:10,109,Cancelled
10610,27-06-2015,18:14:44,106,Success
10611,27-06-2015,18:16:25,102,Success
10612,27-06-2015,18:17:50,101,Success
10613,27-06-2015,18:17:52,107,Delivered
10614,27-06-2015,18:18:41,106,Delivered
10615,27-06-2015,18:25:30,107,Cancelled
10616,27-06-2015,18:29:27,101,Delivered
10617,27-06-2015,18:32:47,104,Success
10618,27-06-2015,18:36:44,107,Delivered
10619,27-06-2015,18:40:05,110,Failed
10620,27-06-2015,18:42:58,103,Failed
10621,27-06-2015,18:43:09,105,Failed
10622,27-06-2015,18:44:06,106,Success
10623,27-06-2015,18:45:42,106,Cancelled
10624,27-06-2015,18:46:57,106,Delivered
10625,27-06-2015,19:02:38,105,Success
10626,27-06-2015,19:24:00,106,Success
10627,27-06-2015,19:38:35,105,Delivered
10628,27-06-2015,19:39:20,108,Failed
10629,27-06-2015,19:41:47,110,Failed
10630,27-06-2015,19:43:43,105,Delivered
10631,27-06-2015,19:47:11,102,Failed
10632,27-06-2015,19:51:14,108,Failed
10633,27-06-2015,19:52:43,109,Success
10634,27-06-2015,19:58:34,105,Cancelled
10635,27-06-2015,20:31:06,105,Delivered
10636,27-06-2015,20:35:45,108,Failed
10637,27-06-2015,20:42:30,104,Delivered
10638,27-06-2015,20:55:16,105,Success
10639,27-06-2015,20:59:49,108,Success
10640,27-06-2015,21:04:09,104,Delivered
10641,27-06-2015,21:41:42,108,Delivered
10642,27-06-2015,21:58:36,108,Success
10643,27-06-2015,22:19:55,102,Delivered
10644,27-06-2015,22:34:12,107,Failed
10645,28-06-2015,12:26:53,103,Delivered
10646,28-06-2015,12:55:35,110,Failed
10647,28-06-2015,13:00:22,103,Failed
10648,28-06-2015,13:40:14,105,Delivered
10649,28-06-2015,13:45:15,106,Success
10650,28-06-2015,14:12:38,101,Success
10651,28-06-2015,14:15:38,107,Failed
10652,28-06-2015,14:16:53,110,Delivered
10653,28-06-2015,14:21:21,103,Cancelled
10654,28-06-2015,14:27:43,106,Failed
10655,28-06-2015,14:40:01,104,Delivered
10656,28-06-2015,14:48:45,110,Cancelled
10657,28-06-2015,14:53:43,104,Success
10658,28-06-2015,15:02:09,110,Delivered
10659,28-06-2015,15:10:57,101,Failed
10660,28-06-2015,15:13:33,108,Cancelled
10661,28-06-2015,15:59:15,110,Delivered
10662,28-06-2015,16:03:44,110,Delivered
10663,28-06-2015,16:10:43,107,Failed
10664,28-06-2015,16:21:56,108,Cancelled
10665,28-06-2015,16:22:24,104,Cancelled
10666,28-06-2015,17:00:30,106,Success
10667,28-06-2015,17:01:13,106,Delivered
10668,28-06-2015,17:22:06,109,Failed
10669,28-06-2015,17:27:33,101,Failed
10670,28-06-2015,17:31:28,106,Cancelled
10671,28-06-2015,17:40:54,106,Cancelled
10672,28-06-2015,17:47:50,103,Failed
10673,28-06-2015,17:55:42,110,Failed
10674,28-06-2015,18:19:31,107,Success
10675,28-06-2015,18:23:02,109,Failed
10676,28-06-2015,18:53:49,105,Failed
10677,28-06-2015,19:00:30,104,Failed
10678,28-06-2015,19:02:28,101,Failed
10679,28-06-2015,19:09:57,103,Delivered
10680,28-06-2015,19:21:45,109,Cancelled
10681,28-06-2015,19:31:50,101,Failed
10682,28-06-2015,19:37:16,108,Failed
10683,28-06-2015,20:03:44,110,Success
10684,28-06-2015,20:30:35,106,Failed
10685,28-06-2015,20:39:59,110,Success
10686,28-06-2015,20:49:46,108,Cancelled
10687,28-06-2015,21:08:33,109,Cancelled
10688,28-06-2015,21:32:34,104,Cancelled
10689,28-06-2015,22:12:02,106,Failed
10690,29-06-2015,11:26:53,109,Cancelled
10691,29-06-2015,11:31:15,108,Failed
10692,29-06-2015,11:33:36,107,Delivered
10693,29-06-2015,11:38:55,106,Success
10694,29-06-2015,11:50:57,103,Cancelled
10695,29-06-2015,11:55:55,108,Failed
10696,29-06-2015,11:59:46,109,Cancelled
10697,29-06-2015,12:01:25,102,Delivered
10698,29-06-2015,12:04:11,108,Failed
10699,29-06-2015,12:07:57,103,Success
10700,29-06-2015,12:25:14,105,Success
10701,29-06-2015,12:41:11,107,Failed
10702,29-06-2015,12:43:39,110,Delivered
10703,29-06-2015,12:53:42,110,Cancelled
10704,29-06-2015,13:01:00,108,Delivered
10705,29-06-2015,13:20:54,107,Success
10706,29-06-2015,13:22:17,106,Success
10707,29-06-2015,14:23:11,110,Delivered
10708,29-06-2015,14:58:22,107,Failed
10709,29-06-2015,14:59:42,108,Cancelled
10710,29-06-2015,15:09:49,102,Failed
10711,29-06-2015,15:28:20,103,Delivered
10712,29-06-2015,15:36:51,110,Delivered
10713,29-06-2015,15:40:17,102,Failed
10714,29-06-2015,16:09:30,110,Failed
10715,29-06-2015,16:22:54,110,Failed
10716,29-06-2015,16:33:26,103,Failed
10717,29-06-2015,17:05:57,109,Cancelled
10718,29-06-2015,17:31:13,109,Delivered
10719,29-06-2015,17:31:59,102,Success
10720,29-06-2015,17:34:01,107,Delivered
10721,29-06-2015,17:40:39,106,Cancelled
10722,29-06-2015,17:44:23,109,Delivered
10723,29-06-2015,17:51:34,103,Delivered
10724,29-06-2015,17:52:50,110,Failed
10725,29-06-2015,18:06:14,101,Cancelled
10726,29-06-2015,18:17:44,104,Success
10727,29-06-2015,18:18:46,102,Success
10728,29-06-2015,18:23:10,106,Failed
10729,29-06-2015,18:24:37,107,Cancelled
10730,29-06-2015,18:38:27,105,Delivered
10731,29-06-2015,18:44:12,109,Success
10732,29-06-2015,18:46:16,102,Delivered
10733,29-06-2015,18:52:48,108,Cancelled
10734,29-06-2015,19:04:40,107,Delivered
10735,29-06-2015,19:31:16,104,Failed
10736,29-06-2015,20:26:15,101,Failed
10737,29-06-2015,20:33:01,101,Success
10738,29-06-2015,20:51:35,107,Cancelled
10739,29-06-2015,20:54:14,106,Failed
10740,29-06-2015,21:05:59,109,Cancelled
10741,29-06-2015,21:53:30,101,Delivered
10742,29-06-2015,22:19:55,101,Success
10743,30-06-2015,11:36:48,107,Failed
10744,30-06-2015,11:45:13,105,Delivered
10745,30-06-2015,11:54:20,107,Delivered
10746,30-06-2015,11:55:48,106,Delivered
10747,30-06-2015,11:56:22,101,Failed
10748,30-06-2015,12:11:14,104,Delivered
10749,30-06-2015,12:22:31,104,Cancelled
10750,30-06-2015,12:30:01,105,Delivered
10751,30-06-2015,12:34:08,106,Failed
10752,30-06-2015,12:46:49,104,Failed
10753,30-06-2015,12:48:58,104,Cancelled
10754,30-06-2015,12:50:27,108,Delivered
10755,30-06-2015,13:02:00,110,Delivered
10756,30-06-2015,13:15:45,107,Cancelled
10757,30-06-2015,13:17:37,105,Success
10758,30-06-2015,13:20:54,101,Success
10759,30-06-2015,13:29:36,110,Success
10760,30-06-2015,13:31:27,103,Delivered
10761,30-06-2015,13:45:01,101,Success
10762,30-06-2015,13:48:51,105,Cancelled
10763,30-06-2015,14:17:06,103,Failed
10764,30-06-2015,14:24:19,106,Success
10765,30-06-2015,14:27:39,106,Delivered
10766,30-06-2015,14:29:50,104,Failed
10767,30-06-2015,14:45:12,110,Failed
10768,30-06-2015,14:50:19,109,Success
10769,30-06-2015,15:22:46,104,Success
10770,30-06-2015,15:29:41,107,Success
10771,30-06-2015,15:55:23,105,Failed
10772,30-06-2015,16:20:50,103,Cancelled
10773,30-06-2015,16:21:24,108,Success
10774,30-06-2015,16:21:36,109,Cancelled
10775,30-06-2015,16:32:26,105,Delivered
10776,30-06-2015,16:40:51,103,Success
10777,30-06-2015,16:51:42,107,Success
10778,30-06-2015,17:34:47,108,Failed
10779,30-06-2015,17:37:14,102,Delivered
10780,30-06-2015,17:39:14,102,Cancelled
10781,30-06-2015,17:47:41,101,Delivered
10782,30-06-2015,18:09:41,104,Failed
10783,30-06-2015,18:10:16,110,Failed
10784,30-06-2015,18:20:59,101,Cancelled
10785,30-06-2015,18:22:21,101,Delivered
10786,30-06-2015,18:41:10,104,Success
10787,30-06-2015,18:42:01,105,Failed
10788,30-06-2015,19:14:29,104,Delivered
10789,30-06-2015,20:17:03,104,Delivered
10790,30-06-2015,20:19:37,110,Delivered
10791,30-06-2015,20:46:33,110,Delivered
10792,30-06-2015,20:48:13,101,Success
10793,30-06-2015,21:31:03,102,Failed
10794,30-06-2015,21:36:26,108,Delivered
10795,30-06-2015,22:17:28,103,Failed
10796,01-07-2015,11:16:34,110,Delivered
10797,01-07-2015,11:19:18,104,Failed
10798,01-07-2015,11:22:40,108,Failed
10799,01-07-2015,11:36:52,107,Success
10800,01-07-2015,11:44:13,107,Success
10801,01-07-2015,11:49:45,101,Cancelled
10802,01-07-2015,12:07:36,110,Failed
10803,01-07-2015,12:13:46,101,Failed
10804,01-07-2015,12:14:16,107,Success
10805,01-07-2015,12:37:35,110,Success
10806,01-07-2015,12:44:32,105,Failed
10807,01-07-2015,13:01:25,106,Cancelled
10808,01-07-2015,13:03:36,104,Delivered
10809,01-07-2015,13:13:20,108,Failed
10810,01-07-2015,13:19:18,101,Success
10811,01-07-2015,13:23:07,110,Success
10812,01-07-2015,13:25:51,104,Success
10813,01-07-2015,13:33:35,104,Delivered
10814,01-07-2015,13:34:10,103,Success
10815,01-07-2015,13:51:05,106,Failed
10816,01-07-2015,14:04:45,110,Delivered
10817,01-07-2015,14:09:36,106,Delivered
10818,01-07-2015,15:00:46,109,Success
10819,01-07-2015,15:11:34,101,Delivered
10820,01-07-2015,15:12:10,106,Success
10821,01-07-2015,15:37:51,110,Cancelled
10822,01-07-2015,15:57:18,102,Cancelled
10823,01-07-2015,16:02:39,101,Cancelled
10824,01-07-2015,16:02:50,106,Delivered
10825,01-07-2015,16:09:28,102,Cancelled
10826,01-07-2015,16:18:22,108,Cancelled
10827,01-07-2015,16:25:58,101,Delivered
10828,01-07-2015,16:46:39,110,Success
10829,01-07-2015,16:50:03,107,Delivered
10830,01-07-2015,16:56:57,110,Delivered
10831,01-07-2015,17:10:15,108,Cancelled
10832,01-07-2015,17:20:18,108,Success
10833,01-07-2015,17:21:31,107,Success
10834,01-07-2015,17:22:31,101,Cancelled
10835,01-07-2015,17:25:19,106,Delivered
10836,01-07-2015,17:34:37,107,Failed
10837,01-07-2015,17:34:47,104,Delivered
10838,01-07-2015,17:47:29,101,Failed
10839,01-07-2015,17:49:14,109,Success
10840,01-07-2015,17:55:00,107,Delivered
10841,01-07-2015,18:03:41,107,Cancelled
10842,01-07-2015,18:16:14,104,Cancelled
10843,01-07-2015,18:24:27,105,Failed
10844,01-07-2015,18:29:01,107,Cancelled
10845,01-07-2015,18:35:38,107,Failed
10846,01-07-2015,18:36:08,110,Failed
10847,01-07-2015,18:40:09,110,Failed
10848,01-07-2015,18:41:04,107,Failed
10849,01-07-2015,18:49:37,103,Success
10850,01-07-2015,19:29:39,103,Failed
10851,01-07-2015,19:36:54,109,Failed
10852,01-07-2015,19:37:55,102,Failed
10853,01-07-2015,19:50:15,101,Delivered
10854,01-07-2015,19:59:06,102,Success
10855,01-07-2015,20:03:03,110,Cancelled
10856,01-07-2015,20:15:03,102,Cancelled
10857,01-07-2015,20:22:52,107,Failed
10858,01-07-2015,20:43:29,109,Delivered
10859,01-07-2015,20:47:02,110,Failed
10860,01-07-2015,21:22:42,106,Delivered
10861,01-07-2015,21:39:15,101,Failed
10862,02-07-2015,10:34:34,107,Delivered
10863,02-07-2015,11:15:42,105,Failed
10864,02-07-2015,11:28:21,110,Delivered
10865,02-07-2015,11:34:33,108,Cancelled
10866,02-07-2015,11:37:39,106,Failed
10867,02-07-2015,11:44:51,107,Delivered
10868,02-07-2015,11:46:37,110,Cancelled
10869,02-07-2015,11:49:25,104,Success
10870,02-07-2015,11:53:54,108,Failed
10871,02-07-2015,12:00:00,103,Cancelled
10872,02-07-2015,12:02:31,103,Failed
10873,02-07-2015,12:14:36,107,Failed
10874,02-07-2015,12:21:46,105,Failed
10875,02-07-2015,12:26:39,107,Success
10876,02-07-2015,12:29:43,103,Cancelled
10877,02-07-2015,12:35:27,109,Cancelled
10878,02-07-2015,12:36:44,105,Success
10879,02-07-2015,12:38:12,102,Delivered
10880,02-07-2015,12:40:04,108,Failed
10881,02-07-2015,12:42:46,106,Success
10882,02-07-2015,13:01:52,104,Delivered
10883,02-07-2015,13:06:26,105,Failed
10884,02-07-2015,13:06:40,101,Delivered
10885,02-07-2015,13:11:03,108,Cancelled
10886,02-07-2015,13:31:13,109,Delivered
10887,02-07-2015,13:40:50,109,Failed
10888,02-07-2015,13:43:16,105,Success
10889,02-07-2015,13:44:12,105,Cancelled
10890,02-07-2015,13:48:53,106,Cancelled
10891,02-07-2015,15:00:53,105,Delivered
10892,02-07-2015,15:09:32,103,Success
10893,02-07-2015,15:11:11,104,Cancelled
10894,02-07-2015,15:26:12,109,Cancelled
10895,02-07-2015,15:50:03,103,Failed
10896,02-07-2015,15:56:16,106,Delivered
10897,02-07-2015,16:20:21,105,Success
10898,02-07-2015,16:23:34,106,Failed
10899,02-07-2015,16:25:50,106,Failed
10900,02-07-2015,16:29:44,106,Cancelled
10901,02-07-2015,16:45:33,110,Delivered
10902,02-07-2015,16:48:15,101,Delivered
10903,02-07-2015,16:55:42,106,Success
10904,02-07-2015,17:02:55,109,Cancelled
10905,02-07-2015,17:03:29,105,Delivered
10906,02-07-2015,17:24:24,107,Cancelled
10907,02-07-2015,17:24:58,109,Delivered
10908,02-07-2015,17:29:22,110,Failed
10909,02-07-2015,17:32:27,104,Cancelled
10910,02-07-2015,17:33:34,102,Delivered
10911,02-07-2015,17:37:47,104,Cancelled
10912,02-07-2015,17:55:01,103,Success
10913,02-07-2015,18:21:27,110,Cancelled
10914,02-07-2015,18:35:48,102,Delivered
10915,02-07-2015,18:55:29,104,Delivered
10916,02-07-2015,19:01:57,109,Failed
10917,02-07-2015,19:06:51,102,Success
10918,02-07-2015,19:15:58,106,Delivered
10919,02-07-2015,19:27:15,105,Cancelled
10920,02-07-2015,20:40:34,110,Cancelled
10921,02-07-2015,20:53:30,107,Success
10922,02-07-2015,21:24:03,101,Success
10923,02-07-2015,21:24:04,107,Cancelled
10924,02-07-2015,21:30:43,106,Success
10925,03-07-2015,11:19:05,107,Delivered
10926,03-07-2015,11:36:17,103,Success
10927,03-07-2015,11:46:22,110,Delivered
10928,03-07-2015,11:50:27,102,Success
10929,03-07-2015,11:50:40,108,Cancelled
10930,03-07-2015,11:53:36,109,Delivered
10931,03-07-2015,12:00:20,105,Cancelled
10932,03-07-2015,12:02:43,102,Cancelled
10933,03-07-2015,12:03:51,105,Failed
10934,03-07-2015,12:05:52,109,Success
10935,03-07-2015,12:11:00,102,Failed
10936,03-07-2015,12:41:25,107,Success
10937,03-07-2015,12:45:27,104,Cancelled
10938,03-07-2015,12:49:23,102,Delivered
10939,03-07-2015,12:52:35,110,Cancelled
10940,03-07-2015,13:02:35,104,Success
10941,03-07-2015,13:08:24,110,Cancelled
10942,03-07-2015,13:09:50,104,Delivered
10943,03-07-2015,13:27:46,110,Delivered
10944,03-07-2015,13:30:20,109,Success
10945,03-07-2015,13:36:20,104,Failed
10946,03-07-2015,13:37:01,101,Success
10947,03-07-2015,13:39:10,105,Delivered
10948,03-07-2015,13:40:40,109,Failed
10949,03-07-2015,14:16:40,107,Success
10950,03-07-2015,14:17:43,105,Failed
10951,03-07-2015,14:25:36,107,Delivered
10952,03-07-2015,14:34:02,106,Failed
10953,03-07-2015,14:57:44,104,Cancelled
10954,03-07-2015,15:01:45,101,Cancelled
10955,03-07-2015,15:04:41,109,Success
10956,03-07-2015,15:10:22,103,Delivered
10957,03-07-2015,15:23:03,104,Cancelled
10958,03-07-2015,15:30:01,105,Success
10959,03-07-2015,15:30:41,104,Cancelled
10960,03-07-2015,16:19:22,108,Cancelled
10961,03-07-2015,16:21:08,105,Delivered
10962,03-07-2015,16:32:56,106,Failed
10963,03-07-2015,16:37:41,103,Cancelled
10964,03-07-2015,16:58:27,104,Cancelled
10965,03-07-2015,17:12:16,107,Cancelled
10966,03-07-2015,17:13:01,107,Success
10967,03-07-2015,17:20:22,102,Success
10968,03-07-2015,17:28:05,109,Success
10969,03-07-2015,17:28:54,108,Failed
10970,03-07-2015,17:44:35,109,Delivered
10971,03-07-2015,17:54:58,110,Delivered
10972,03-07-2015,17:55:59,102,Cancelled
10973,03-07-2015,18:03:46,105,Success
10974,03-07-2015,18:05:44,102,Delivered
10975,03-07-2015,18:07:03,108,Delivered
10976,03-07-2015,18:31:51,109,Failed
10977,03-07-2015,18:32:49,109,Cancelled
10978,03-07-2015,18:37:20,109,Cancelled
10979,03-07-2015,18:42:19,109,Delivered
10980,03-07-2015,18:51:36,102,Cancelled
10981,03-07-2015,19:10:52,104,Delivered
10982,03-07-2015,19:18:59,109,Success
10983,03-07-2015,19:25:03,106,Success
10984,03-07-2015,19:27:07,106,Failed
10985,03-07-2015,19:27:28,107,Delivered
10986,03-07-2015,19:30:47,101,Success
10987,03-07-2015,19:43:29,110,Delivered
10988,03-07-2015,19:57:30,104,Success
10989,03-07-2015,20:03:12,106,Success
10990,03-07-2015,20:09:50,104,Delivered
10991,03-07-2015,20:12:25,108,Delivered
10992,03-07-2015,20:16:40,103,Failed
10993,03-07-2015,20:21:27,106,Success
10994,03-07-2015,20:23:43,109,Delivered
10995,03-07-2015,20:34:35,102,Cancelled
10996,03-07-2015,20:35:57,102,Cancelled
10997,03-07-2015,20:38:31,101,Cancelled
10998,03-07-2015,20:47:25,103,Failed
10999,03-07-2015,20:49:09,101,Delivered
11000,03-07-2015,20:56:11,109,Success
11001,03-07-2015,20:59:02,106,Delivered
11002,03-07-2015,21:02:40,101,Cancelled
11003,03-07-2015,21:22:32,106,Success
11004,03-07-2015,21:25:42,102,Delivered
11005,03-07-2015,21:29:51,107,Cancelled
11006,03-07-2015,21:30:00,109,Delivered
11007,03-07-2015,21:33:35,102,Delivered
11008,03-07-2015,21:41:41,102,Delivered
11009,03-07-2015,21:43:57,108,Failed
11010,03-07-2015,21:51:45,103,Success
11011,03-07-2015,22:17:43,106,Failed
11012,03-07-2015,22:24:06,101,Failed
11013,03-07-2015,22:28:51,105,Success
11014,03-07-2015,22:30:29,105,Failed
11015,03-07-2015,22:37:27,107,Cancelled
11016,03-07-2015,22:47:14,102,Cancelled
11017,03-07-2015,22:47:27,105,Cancelled
11018,04-07-2015,12:20:55,106,Delivered
11019,04-07-2015,12:38:25,101,Failed
11020,04-07-2015,12:38:35,102,Success
11021,04-07-2015,12:39:59,109,Success
11022,04-07-2015,13:00:01,108,Cancelled
11023,04-07-2015,13:01:04,105,Success
11024,04-07-2015,13:27:20,106,Failed
11025,04-07-2015,13:31:40,105,Success
11026,04-07-2015,13:38:48,110,Cancelled
11027,04-07-2015,13:54:34,109,Delivered
11028,04-07-2015,13:58:34,104,Success
11029,04-07-2015,13:59:43,108,Cancelled
11030,04-07-2015,14:15:04,102,Failed
11031,04-07-2015,14:21:29,103,Failed
11032,04-07-2015,14:21:38,108,Failed
11033,04-07-2015,14:22:46,109,Failed
11034,04-07-2015,14:36:10,107,Delivered
11035,04-07-2015,14:39:02,107,Delivered
11036,04-07-2015,14:40:32,104,Cancelled
11037,04-07-2015,14:41:20,101,Failed
11038,04-07-2015,14:45:34,108,Failed
11039,04-07-2015,15:01:15,108,Cancelled
11040,04-07-2015,15:04:08,101,Delivered
11041,04-07-2015,15:08:11,105,Delivered
11042,04-07-2015,15:09:22,105,Failed
11043,04-07-2015,15:19:58,101,Delivered
11044,04-07-2015,15:31:05,109,Delivered
11045,04-07-2015,16:11:25,101,Success
11046,04-07-2015,16:17:15,106,Delivered
11047,04-07-2015,16:18:12,110,Success
11048,04-07-2015,16:25:56,110,Failed
11049,04-07-2015,16:28:56,105,Delivered
11050,04-07-2015,16:39:54,108,Delivered
11051,04-07-2015,16:44:45,102,Delivered
11052,04-07-2015,16:46:33,103,Success
11053,04-07-2015,16:51:18,105,Failed
11054,04-07-2015,16:58:53,110,Failed
11055,04-07-2015,17:07:15,102,Failed
11056,04-07-2015,17:18:23,109,Delivered
11057,04-07-2015,17:41:52,108,Cancelled
11058,04-07-2015,17:44:37,104,Success
11059,04-07-2015,17:47:58,103,Delivered
11060,04-07-2015,17:49:44,101,Failed
11061,04-07-2015,17:52:57,105,Failed
11062,04-07-2015,17:56:29,109,Failed
11063,04-07-2015,18:02:18,104,Cancelled
11064,04-07-2015,18:07:43,104,Cancelled
11065,04-07-2015,18:12:41,108,Failed
11066,04-07-2015,18:27:29,102,Delivered
11067,04-07-2015,18:31:17,101,Cancelled
11068,04-07-2015,18:36:43,107,Success
11069,04-07-2015,18:39:04,106,Failed
11070,04-07-2015,18:43:33,109,Success
11071,04-07-2015,18:48:30,105,Delivered
11072,04-07-2015,18:51:08,103,Failed
11073,04-07-2015,18:51:47,103,Cancelled
11074,04-07-2015,18:54:29,104,Failed
11075,04-07-2015,18:55:33,103,Delivered
11076,04-07-2015,18:58:20,106,Cancelled
11077,04-07-2015,19:01:23,105,Failed
11078,04-07-2015,19:05:28,102,Failed
11079,04-07-2015,19:07:29,110,Delivered
11080,04-07-2015,19:08:30,104,Delivered
11081,04-07-2015,19:15:28,103,Delivered
11082,04-07-2015,19:16:08,109,Success
11083,04-07-2015,19:17:09,101,Cancelled
11084,04-07-2015,19:18:19,103,Failed
11085,04-07-2015,19:25:32,105,Cancelled
11086,04-07-2015,19:41:02,104,Cancelled
11087,04-07-2015,19:48:32,102,Success
11088,04-07-2015,19:49:56,109,Failed
11089,04-07-2015,19:55:30,101,Delivered
11090,04-07-2015,19:56:12,110,Success
11091,04-07-2015,20:06:37,109,Failed
11092,04-07-2015,20:06:52,107,Cancelled
11093,04-07-2015,20:13:23,104,Failed
11094,04-07-2015,20:14:26,109,Delivered
11095,04-07-2015,20:16:03,108,Delivered
11096,04-07-2015,20:17:11,105,Delivered
11097,04-07-2015,20:26:22,103,Cancelled
11098,04-07-2015,20:43:30,104,Delivered
11099,04-07-2015,20:53:16,101,Delivered
11100,04-07-2015,20:54:33,104,Cancelled
11101,04-07-2015,20:58:53,104,Failed
11102,04-07-2015,21:03:30,102,Cancelled
11103,04-07-2015,21:10:26,109,Failed
11104,04-07-2015,21:18:16,103,Failed
11105,04-07-2015,21:18:58,103,Success
11106,04-07-2015,21:20:14,105,Cancelled
11107,04-07-2015,21:22:34,107,Delivered
11108,04-07-2015,21:24:45,110,Delivered
11109,04-07-2015,21:26:10,107,Cancelled
11110,04-07-2015,21:29:18,102,Cancelled
11111,04-07-2015,21:56:14,107,Success
11112,04-07-2015,21:57:02,106,Success
11113,04-07-2015,21:57:48,108,Delivered
11114,04-07-2015,21:58:28,110,Cancelled
11115,04-07-2015,22:02:12,110,Delivered
11116,04-07-2015,22:06:04,101,Success
11117,04-07-2015,22:24:49,109,Success
11118,04-07-2015,22:26:50,102,Cancelled
11119,04-07-2015,22:34:36,102,Delivered
11120,04-07-2015,22:35:12,109,Success
11121,04-07-2015,23:02:47,109,Delivered
11122,04-07-2015,23:04:40,110,Delivered
11123,05-07-2015,11:53:48,106,Failed
11124,05-07-2015,12:08:29,103,Delivered
11125,05-07-2015,12:21:50,105,Success
11126,05-07-2015,12:39:01,106,Cancelled
11127,05-07-2015,12:49:09,101,Failed
11128,05-07-2015,12:49:22,102,Cancelled
11129,05-07-2015,13:01:23,109,Success
11130,05-07-2015,13:01:41,108,Delivered
11131,05-07-2015,13:14:40,102,Failed
11132,05-07-2015,13:19:08,108,Delivered
11133,05-07-2015,13:22:32,101,Failed
11134,05-07-2015,14:20:04,110,Delivered
11135,05-07-2015,14:28:44,103,Success
11136,05-07-2015,15:00:21,102,Success
11137,05-07-2015,15:13:04,105,Cancelled
11138,05-07-2015,15:18:54,106,Delivered
11139,05-07-2015,15:39:38,103,Cancelled
11140,05-07-2015,15:51:42,103,Failed
11141,05-07-2015,16:23:19,105,Success
11142,05-07-2015,16:48:26,107,Cancelled
11143,05-07-2015,17:05:09,108,Cancelled
11144,05-07-2015,17:14:31,102,Success
11145,05-07-2015,17:23:27,109,Success
11146,05-07-2015,17:26:26,107,Success
11147,05-07-2015,17:40:54,102,Success
11148,05-07-2015,18:03:29,106,Delivered
11149,05-07-2015,18:13:42,107,Success
11150,05-07-2015,18:24:29,106,Success
11151,05-07-2015,18:28:43,108,Failed
11152,05-07-2015,18:33:31,105,Success
11153,05-07-2015,18:59:20,110,Failed
11154,05-07-2015,19:37:22,101,Success
11155,05-07-2015,19:46:43,105,Delivered
11156,05-07-2015,20:00:50,102,Failed
11157,05-07-2015,20:02:47,102,Failed
11158,05-07-2015,20:07:01,104,Delivered
11159,05-07-2015,20:07:13,110,Delivered
11160,05-07-2015,20:07:58,106,Success
11161,05-07-2015,20:26:56,101,Cancelled
11162,05-07-2015,20:44:48,110,Cancelled
11163,05-07-2015,21:26:18,103,Failed
11164,06-07-2015,11:35:24,107,Success
11165,06-07-2015,11:37:22,105,Failed
11166,06-07-2015,12:12:03,101,Delivered
11167,06-07-2015,12:12:21,101,Cancelled
11168,06-07-2015,12:15:03,102,Cancelled
11169,06-07-2015,12:16:57,105,Failed
11170,06-07-2015,12:37:36,101,Delivered
11171,06-07-2015,12:37:39,110,Success
11172,06-07-2015,12:39:35,110,Cancelled
11173,06-07-2015,12:40:57,108,Cancelled
11174,06-07-2015,12:41:02,103,Failed
11175,06-07-2015,12:42:44,105,Cancelled
11176,06-07-2015,12:53:16,110,Delivered
11177,06-07-2015,13:04:22,103,Delivered
11178,06-07-2015,13:09:22,102,Cancelled
11179,06-07-2015,13:11:10,109,Delivered
11180,06-07-2015,13:13:32,102,Delivered
11181,06-07-2015,13:28:32,106,Failed
11182,06-07-2015,13:30:06,103,Success
11183,06-07-2015,13:51:10,105,Delivered
11184,06-07-2015,13:54:13,107,Delivered
11185,06-07-2015,14:06:00,108,Delivered
11186,06-07-2015,14:07:02,104,Delivered
11187,06-07-2015,14:15:43,104,Success
11188,06-07-2015,14:22:05,103,Cancelled
11189,06-07-2015,14:41:55,101,Cancelled
11190,06-07-2015,15:03:34,108,Cancelled
11191,06-07-2015,15:35:46,106,Cancelled
11192,06-07-2015,15:46:03,103,Delivered
11193,06-07-2015,16:23:19,101,Cancelled
11194,06-07-2015,16:54:16,105,Failed
11195,06-07-2015,17:20:47,104,Failed
11196,06-07-2015,17:30:10,109,Success
11197,06-07-2015,17:32:02,109,Failed
11198,06-07-2015,17:45:28,108,Delivered
11199,06-07-2015,17:47:39,104,Success
11200,06-07-2015,17:48:19,104,Delivered
11201,06-07-2015,17:49:28,102,Success
11202,06-07-2015,17:57:40,104,Delivered
11203,06-07-2015,18:00:33,108,Delivered
11204,06-07-2015,18:04:34,110,Delivered
11205,06-07-2015,18:07:13,107,Cancelled
11206,06-07-2015,18:08:46,101,Failed
11207,06-07-2015,18:18:11,103,Failed
11208,06-07-2015,18:25:45,107,Cancelled
11209,06-07-2015,18:36:01,106,Delivered
11210,06-07-2015,18:40:51,106,Cancelled
11211,06-07-2015,18:47:42,105,Success
11212,06-07-2015,18:56:03,102,Success
11213,06-07-2015,19:39:18,109,Failed
11214,06-07-2015,19:47:41,108,Delivered
11215,06-07-2015,19:55:47,108,Success
11216,06-07-2015,20:01:33,101,Failed
11217,06-07-2015,20:11:23,110,Failed
11218,06-07-2015,20:46:48,106,Success
11219,06-07-2015,20:51:51,110,Failed
11220,06-07-2015,21:05:51,106,Failed
11221,06-07-2015,22:16:53,108,Cancelled
11222,07-07-2015,11:25:31,108,Success
11223,07-07-2015,11:51:23,109,Success
11224,07-07-2015,11:54:47,109,Cancelled
11225,07-07-2015,11:55:29,104,Success
11226,07-07-2015,12:02:28,103,Success
11227,07-07-2015,12:07:49,106,Cancelled
11228,07-07-2015,12:24:21,101,Cancelled
11229,07-07-2015,12:24:32,104,Delivered
11230,07-07-2015,12:28:41,109,Failed
11231,07-07-2015,12:36:02,107,Failed
11232,07-07-2015,12:37:50,106,Failed
11233,07-07-2015,13:00:19,110,Success
11234,07-07-2015,13:11:54,109,Cancelled
11235,07-07-2015,13:15:15,103,Success
11236,07-07-2015,13:15:45,105,Failed
11237,07-07-2015,13:24:47,105,Failed
11238,07-07-2015,15:22:39,107,Success
11239,07-07-2015,15:25:57,104,Success
11240,07-07-2015,15:54:43,109,Success
11241,07-07-2015,15:57:17,103,Failed
11242,07-07-2015,15:58:08,105,Cancelled
11243,07-07-2015,16:14:10,109,Delivered
11244,07-07-2015,16:35:24,102,Success
11245,07-07-2015,16:41:56,106,Cancelled
11246,07-07-2015,17:05:58,108,Success
11247,07-07-2015,17:06:40,105,Success
11248,07-07-2015,17:18:15,108,Failed
11249,07-07-2015,17:26:26,101,Delivered
11250,07-07-2015,17:33:05,107,Delivered
11251,07-07-2015,17:34:01,106,Cancelled
11252,07-07-2015,17:40:41,104,Cancelled
11253,07-07-2015,17:48:24,103,Failed
11254,07-07-2015,17:52:46,107,Delivered
11255,07-07-2015,17:56:25,106,Failed
11256,07-07-2015,17:58:58,102,Success
11257,07-07-2015,18:00:41,105,Success
11258,07-07-2015,18:19:31,107,Success
11259,07-07-2015,18:36:35,101,Delivered
11260,07-07-2015,18:46:00,105,Success
11261,07-07-2015,18:49:36,110,Failed
11262,07-07-2015,18:58:12,108,Cancelled
11263,07-07-2015,19:22:13,102,Failed
11264,07-07-2015,19:47:02,101,Success
11265,07-07-2015,19:49:28,106,Delivered
11266,07-07-2015,19:52:53,102,Cancelled
11267,07-07-2015,20:03:12,102,Failed
11268,07-07-2015,20:22:37,106,Delivered
11269,07-07-2015,20:23:23,102,Cancelled
11270,07-07-2015,20:23:31,103,Cancelled
11271,07-07-2015,20:36:55,109,Delivered
11272,07-07-2015,21:55:31,107,Delivered
11273,07-07-2015,22:01:40,107,Success
11274,07-07-2015,22:49:32,110,Delivered
11275,08-07-2015,11:21:06,110,Success
11276,08-07-2015,11:30:03,109,Delivered
11277,08-07-2015,11:31:22,108,Delivered
11278,08-07-2015,11:40:20,106,Success
11279,08-07-2015,11:42:19,109,Failed
11280,08-07-2015,11:47:42,102,Delivered
11281,08-07-2015,11:53:27,106,Success
11282,08-07-2015,11:57:58,109,Failed
11283,08-07-2015,12:00:51,106,Success
11284,08-07-2015,12:03:13,109,Cancelled
11285,08-07-2015,12:07:10,105,Success
11286,08-07-2015,12:09:10,106,Delivered
11287,08-07-2015,12:14:13,102,Failed
11288,08-07-2015,12:16:18,106,Failed
11289,08-07-2015,12:21:02,104,Cancelled
11290,08-07-2015,12:30:39,105,Cancelled
11291,08-07-2015,12:44:24,103,Failed
11292,08-07-2015,12:47:09,101,Cancelled
11293,08-07-2015,12:54:45,102,Success
11294,08-07-2015,13:02:48,110,Success
11295,08-07-2015,13:12:23,105,Cancelled
11296,08-07-2015,13:12:39,107,Cancelled
11297,08-07-2015,13:18:08,108,Failed
11298,08-07-2015,13:48:58,110,Cancelled
11299,08-07-2015,14:08:21,108,Cancelled
11300,08-07-2015,14:12:04,108,Delivered
11301,08-07-2015,14:16:09,104,Cancelled
11302,08-07-2015,14:23:49,103,Delivered
11303,08-07-2015,14:36:05,107,Delivered
11304,08-07-2015,14:37:51,105,Failed
11305,08-07-2015,14:38:29,101,Delivered
11306,08-07-2015,14:56:16,107,Cancelled
11307,08-07-2015,15:06:30,101,Success
11308,08-07-2015,15:17:28,101,Cancelled
11309,08-07-2015,15:22:26,110,Success
11310,08-07-2015,15:34:17,106,Cancelled
11311,08-07-2015,16:02:26,104,Failed
11312,08-07-2015,16:45:45,104,Failed
11313,08-07-2015,16:57:03,102,Cancelled
11314,08-07-2015,17:12:31,107,Delivered
11315,08-07-2015,17:20:39,103,Delivered
11316,08-07-2015,17:25:38,102,Cancelled
11317,08-07-2015,17:32:28,101,Success
11318,08-07-2015,17:46:05,106,Failed
11319,08-07-2015,17:48:43,110,Failed
11320,08-07-2015,18:04:21,103,Failed
11321,08-07-2015,18:27:26,104,Failed
11322,08-07-2015,18:30:12,110,Delivered
11323,08-07-2015,18:35:18,105,Delivered
11324,08-07-2015,18:40:06,101,Success
11325,08-07-2015,18:53:55,104,Success
11326,08-07-2015,19:04:38,110,Delivered
11327,08-07-2015,19:09:57,107,Delivered
11328,08-07-2015,19:19:09,102,Cancelled
11329,08-07-2015,19:21:35,109,Failed
11330,08-07-2015,19:36:02,102,Failed
11331,08-07-2015,19:42:11,107,Delivered
11332,08-07-2015,19:51:23,102,Cancelled
11333,08-07-2015,20:12:29,106,Failed
11334,08-07-2015,20:20:00,103,Cancelled
11335,08-07-2015,20:59:13,103,Delivered
11336,08-07-2015,21:00:10,108,Success
11337,08-07-2015,21:23:47,106,Failed
11338,08-07-2015,21:32:21,103,Success
11339,08-07-2015,22:07:13,109,Failed
11340,08-07-2015,22:22:44,104,Delivered
11341,09-07-2015,11:27:22,110,Cancelled
11342,09-07-2015,11:33:38,106,Failed
11343,09-07-2015,11:36:49,107,Failed
11344,09-07-2015,11:37:19,101,Delivered
11345,09-07-2015,11:48:31,102,Success
11346,09-07-2015,11:50:28,101,Success
11347,09-07-2015,12:00:10,101,Delivered
11348,09-07-2015,12:01:11,102,Cancelled
11349,09-07-2015,12:03:58,104,Failed
11350,09-07-2015,12:15:51,109,Success
11351,09-07-2015,12:17:11,108,Success
11352,09-07-2015,12:30:34,102,Failed
11353,09-07-2015,12:37:12,105,Delivered
11354,09-07-2015,12:38:47,104,Success
11355,09-07-2015,12:42:14,105,Failed
11356,09-07-2015,12:49:07,102,Delivered
11357,09-07-2015,13:04:50,101,Cancelled
11358,09-07-2015,13:08:20,104,Success
11359,09-07-2015,13:09:09,104,Cancelled
11360,09-07-2015,13:19:38,105,Success
11361,09-07-2015,13:44:29,104,Failed
11362,09-07-2015,13:55:24,102,Cancelled
11363,09-07-2015,14:17:15,102,Cancelled
11364,09-07-2015,14:34:54,101,Delivered
11365,09-07-2015,15:16:57,110,Failed
11366,09-07-2015,15:47:38,102,Delivered
11367,09-07-2015,15:50:50,103,Failed
11368,09-07-2015,16:06:42,104,Delivered
11369,09-07-2015,16:39:34,110,Success
11370,09-07-2015,16:40:59,110,Delivered
11371,09-07-2015,16:46:48,103,Success
11372,09-07-2015,16:49:56,106,Failed
11373,09-07-2015,16:50:31,101,Delivered
11374,09-07-2015,16:56:14,108,Success
11375,09-07-2015,16:56:48,103,Failed
11376,09-07-2015,17:06:20,102,Delivered
11377,09-07-2015,17:25:38,104,Success
11378,09-07-2015,17:28:44,106,Delivered
11379,09-07-2015,17:31:13,105,Cancelled
11380,09-07-2015,17:39:41,102,Delivered
11381,09-07-2015,17:44:01,109,Delivered
11382,09-07-2015,17:55:11,109,Delivered
11383,09-07-2015,18:13:32,109,Cancelled
11384,09-07-2015,18:19:01,107,Failed
11385,09-07-2015,18:42:17,110,Success
11386,09-07-2015,18:45:14,105,Cancelled
11387,09-07-2015,19:02:53,110,Delivered
11388,09-07-2015,19:27:00,105,Success
11389,09-07-2015,19:32:32,102,Failed
11390,09-07-2015,19:38:47,106,Failed
11391,09-07-2015,19:40:15,102,Failed
11392,09-07-2015,19:48:41,104,Success
11393,09-07-2015,20:12:18,107,Cancelled
11394,09-07-2015,20:17:39,109,Failed
11395,09-07-2015,20:25:22,103,Cancelled
11396,09-07-2015,20:28:25,104,Failed
11397,09-07-2015,20:39:10,102,Success
11398,09-07-2015,21:58:38,108,Cancelled
11399,10-07-2015,11:29:40,102,Delivered
11400,10-07-2015,11:42:14,102,Cancelled
11401,10-07-2015,11:45:50,103,Cancelled
11402,10-07-2015,11:54:15,105,Success
11403,10-07-2015,12:03:17,106,Failed
11404,10-07-2015,12:10:35,106,Delivered
11405,10-07-2015,12:18:21,101,Cancelled
11406,10-07-2015,12:20:26,110,Delivered
11407,10-07-2015,12:22:30,109,Failed
11408,10-07-2015,12:24:30,101,Success
11409,10-07-2015,12:52:38,103,Delivered
11410,10-07-2015,12:54:04,101,Delivered
11411,10-07-2015,12:58:49,108,Delivered
11412,10-07-2015,13:20:10,110,Delivered
11413,10-07-2015,13:25:57,103,Cancelled
11414,10-07-2015,13:27:42,106,Failed
11415,10-07-2015,13:27:58,101,Failed
11416,10-07-2015,13:29:30,106,Failed
11417,10-07-2015,13:37:07,104,Cancelled
11418,10-07-2015,13:48:54,106,Success
11419,10-07-2015,14:07:30,104,Failed
11420,10-07-2015,14:14:28,106,Success
11421,10-07-2015,14:26:31,108,Delivered
11422,10-07-2015,14:31:03,104,Delivered
11423,10-07-2015,14:34:16,103,Failed
11424,10-07-2015,14:36:32,104,Cancelled
11425,10-07-2015,15:05:32,101,Delivered
11426,10-07-2015,15:13:53,105,Success
11427,10-07-2015,15:19:48,108,Cancelled
11428,10-07-2015,15:39:20,104,Cancelled
11429,10-07-2015,15:46:06,103,Success
11430,10-07-2015,15:52:38,106,Delivered
11431,10-07-2015,15:53:42,105,Success
11432,10-07-2015,16:10:32,110,Cancelled
11433,10-07-2015,16:19:49,102,Delivered
11434,10-07-2015,16:45:50,103,Failed
11435,10-07-2015,16:54:37,101,Success
11436,10-07-2015,17:02:50,104,Delivered
11437,10-07-2015,17:03:28,105,Delivered
11438,10-07-2015,17:36:48,101,Delivered
11439,10-07-2015,17:45:54,101,Success
11440,10-07-2015,18:03:55,108,Delivered
11441,10-07-2015,18:12:15,110,Cancelled
11442,10-07-2015,18:17:43,102,Success
11443,10-07-2015,18:24:21,109,Success
11444,10-07-2015,18:24:56,109,Failed
11445,10-07-2015,18:46:25,105,Delivered
11446,10-07-2015,18:52:53,102,Failed
11447,10-07-2015,18:54:46,102,Cancelled
11448,10-07-2015,18:56:39,103,Cancelled
11449,10-07-2015,19:03:06,107,Delivered
11450,10-07-2015,19:10:44,101,Success
11451,10-07-2015,19:13:49,101,Delivered
11452,10-07-2015,19:29:19,102,Failed
11453,10-07-2015,19:53:19,106,Cancelled
11454,10-07-2015,19:59:19,101,Success
11455,10-07-2015,20:19:22,109,Success
11456,10-07-2015,20:20:01,107,Success
11457,10-07-2015,20:26:49,109,Cancelled
11458,10-07-2015,20:44:16,105,Cancelled
11459,10-07-2015,20:54:03,102,Cancelled
11460,10-07-2015,21:26:07,102,Failed
11461,10-07-2015,21:38:45,110,Failed
11462,10-07-2015,21:50:39,107,Delivered
11463,10-07-2015,22:03:06,104,Delivered
11464,10-07-2015,22:14:54,106,Success
11465,10-07-2015,22:20:47,103,Success
11466,10-07-2015,22:26:19,107,Cancelled
11467,10-07-2015,22:30:44,101,Cancelled
11468,10-07-2015,22:37:56,107,Delivered
11469,10-07-2015,22:48:03,106,Delivered
11470,11-07-2015,11:59:42,110,Delivered
11471,11-07-2015,12:23:19,108,Success
11472,11-07-2015,12:25:34,110,Cancelled
11473,11-07-2015,12:27:34,102,Delivered
11474,11-07-2015,12:43:12,106,Cancelled
11475,11-07-2015,12:44:23,107,Cancelled
11476,11-07-2015,13:03:45,101,Cancelled
11477,11-07-2015,13:22:42,106,Delivered
11478,11-07-2015,13:48:39,101,Success
11479,11-07-2015,13:52:29,110,Failed
11480,11-07-2015,14:11:54,104,Success
11481,11-07-2015,14:14:23,105,Failed
11482,11-07-2015,14:56:29,106,Delivered
11483,11-07-2015,15:19:11,110,Failed
11484,11-07-2015,15:43:19,101,Success
11485,11-07-2015,15:50:27,110,Delivered
11486,11-07-2015,16:03:30,101,Delivered
11487,11-07-2015,16:05:35,102,Success
11488,11-07-2015,16:09:52,103,Delivered
11489,11-07-2015,16:10:07,101,Success
11490,11-07-2015,16:30:45,101,Failed
11491,11-07-2015,16:34:02,102,Cancelled
11492,11-07-2015,16:40:06,107,Success
11493,11-07-2015,17:26:25,110,Success
11494,11-07-2015,17:32:59,108,Cancelled
11495,11-07-2015,17:36:02,109,Delivered
11496,11-07-2015,17:40:39,108,Failed
11497,11-07-2015,17:44:46,109,Failed
11498,11-07-2015,18:04:40,105,Delivered
11499,11-07-2015,18:10:42,106,Delivered
11500,11-07-2015,18:12:12,108,Failed
11501,11-07-2015,18:36:27,105,Failed
11502,11-07-2015,18:51:59,110,Delivered
11503,11-07-2015,18:52:06,107,Cancelled
11504,11-07-2015,19:15:47,109,Failed
11505,11-07-2015,19:23:45,103,Delivered
11506,11-07-2015,19:32:59,108,Delivered
11507,11-07-2015,19:41:07,108,Failed
11508,11-07-2015,19:51:12,109,Failed
11509,11-07-2015,19:58:13,109,Cancelled
11510,11-07-2015,20:05:02,102,Cancelled
11511,11-07-2015,20:10:06,102,Failed
11512,11-07-2015,20:12:53,107,Failed
11513,11-07-2015,20:18:09,107,Success
11514,11-07-2015,20:37:29,110,Success
11515,11-07-2015,20:39:51,109,Delivered
11516,11-07-2015,20:40:51,101,Cancelled
11517,11-07-2015,20:43:19,108,Delivered
11518,11-07-2015,20:55:04,103,Delivered
11519,11-07-2015,21:16:31,101,Cancelled
11520,11-07-2015,21:46:41,103,Delivered
11521,11-07-2015,21:53:57,104,Delivered
11522,11-07-2015,22:18:23,103,Cancelled
11523,12-07-2015,11:42:17,109,Delivered
11524,12-07-2015,11:52:33,107,Failed
11525,12-07-2015,12:13:11,101,Success
11526,12-07-2015,12:31:18,101,Success
11527,12-07-2015,12:39:50,110,Delivered
11528,12-07-2015,13:02:12,110,Failed
11529,12-07-2015,13:13:54,103,Failed
11530,12-07-2015,13:20:48,106,Cancelled
11531,12-07-2015,13:22:39,110,Success
11532,12-07-2015,13:27:45,110,Success
11533,12-07-2015,13:29:10,104,Cancelled
11534,12-07-2015,13:34:42,105,Failed
11535,12-07-2015,13:53:38,109,Cancelled
11536,12-07-2015,14:06:00,102,Delivered
11537,12-07-2015,14:15:27,101,Cancelled
11538,12-07-2015,14:17:07,105,Success
11539,12-07-2015,14:39:17,102,Delivered
11540,12-07-2015,15:46:39,103,Success
11541,12-07-2015,16:25:25,109,Cancelled
11542,12-07-2015,16:30:36,106,Failed
11543,12-07-2015,16:37:10,109,Failed
11544,12-07-2015,16:38:23,110,Cancelled
11545,12-07-2015,16:40:52,108,Success
11546,12-07-2015,16:53:07,102,Delivered
11547,12-07-2015,16:59:17,110,Cancelled
11548,12-07-2015,17:03:03,102,Failed
11549,12-07-2015,17:04:28,107,Delivered
11550,12-07-2015,17:20:18,108,Failed
11551,12-07-2015,17:23:28,109,Delivered
11552,12-07-2015,17:32:22,109,Success
11553,12-07-2015,17:48:25,102,Failed
11554,12-07-2015,17:58:46,107,Cancelled
11555,12-07-2015,17:58:57,102,Cancelled
11556,12-07-2015,18:04:11,101,Failed
11557,12-07-2015,18:09:03,107,Delivered
11558,12-07-2015,18:31:48,104,Failed
11559,12-07-2015,18:35:39,109,Success
11560,12-07-2015,18:38:14,110,Cancelled
11561,12-07-2015,18:38:47,108,Cancelled
11562,12-07-2015,18:41:14,105,Delivered
11563,12-07-2015,18:43:52,104,Cancelled
11564,12-07-2015,18:45:05,103,Cancelled
11565,12-07-2015,18:52:04,109,Cancelled
11566,12-07-2015,19:15:20,102,Failed
11567,12-07-2015,19:52:36,107,Failed
11568,12-07-2015,20:08:13,108,Cancelled
11569,12-07-2015,20:41:47,108,Delivered
11570,12-07-2015,20:44:19,105,Delivered
11571,12-07-2015,20:48:31,106,Cancelled
11572,12-07-2015,21:08:50,105,Success
11573,12-07-2015,21:19:17,101,Cancelled
11574,12-07-2015,21:30:10,103,Cancelled
11575,12-07-2015,21:57:54,103,Cancelled
11576,12-07-2015,22:09:07,109,Failed
11577,12-07-2015,22:09:09,102,Delivered
11578,12-07-2015,22:10:14,105,Delivered
11579,12-07-2015,22:17:01,108,Success
11580,12-07-2015,23:02:51,106,Cancelled
11581,13-07-2015,11:18:43,104,Cancelled
11582,13-07-2015,11:18:53,106,Delivered
11583,13-07-2015,11:28:40,108,Cancelled
11584,13-07-2015,11:28:51,106,Delivered
11585,13-07-2015,11:31:29,110,Cancelled
11586,13-07-2015,11:38:36,110,Delivered
11587,13-07-2015,11:39:55,107,Cancelled
11588,13-07-2015,11:45:51,107,Cancelled
11589,13-07-2015,11:52:29,109,Success
11590,13-07-2015,11:52:51,109,Cancelled
11591,13-07-2015,11:57:13,101,Delivered
11592,13-07-2015,12:01:07,101,Failed
11593,13-07-2015,12:02:30,104,Success
11594,13-07-2015,12:04:37,109,Delivered
11595,13-07-2015,12:09:47,101,Delivered
11596,13-07-2015,12:11:51,110,Success
11597,13-07-2015,12:22:13,101,Delivered
11598,13-07-2015,13:18:19,108,Success
11599,13-07-2015,13:37:50,108,Delivered
11600,13-07-2015,13:38:37,102,Delivered
11601,13-07-2015,13:47:09,104,Cancelled
11602,13-07-2015,13:50:20,102,Cancelled
11603,13-07-2015,13:53:58,101,Failed
11604,13-07-2015,14:24:00,102,Success
11605,13-07-2015,14:30:53,101,Delivered
11606,13-07-2015,15:01:18,105,Delivered
11607,13-07-2015,15:33:13,109,Delivered
11608,13-07-2015,15:33:26,106,Success
11609,13-07-2015,15:50:26,102,Delivered
11610,13-07-2015,16:08:36,104,Cancelled
11611,13-07-2015,16:15:28,104,Success
11612,13-07-2015,16:23:39,104,Success
11613,13-07-2015,16:38:34,104,Success
11614,13-07-2015,17:11:41,108,Failed
11615,13-07-2015,17:12:05,106,Cancelled
11616,13-07-2015,17:28:25,106,Success
11617,13-07-2015,17:34:28,108,Cancelled
11618,13-07-2015,17:54:32,102,Delivered
11619,13-07-2015,17:54:33,107,Failed
11620,13-07-2015,18:05:54,102,Cancelled
11621,13-07-2015,18:11:46,103,Delivered
11622,13-07-2015,18:16:55,109,Cancelled
11623,13-07-2015,18:27:55,107,Failed
11624,13-07-2015,18:32:37,105,Cancelled
11625,13-07-2015,18:41:42,106,Failed
11626,13-07-2015,19:01:05,110,Failed
11627,13-07-2015,19:12:17,106,Cancelled
11628,13-07-2015,19:15:35,110,Success
11629,13-07-2015,19:23:12,102,Delivered
11630,13-07-2015,19:44:50,101,Success
11631,13-07-2015,19:47:07,107,Success
11632,13-07-2015,19:51:28,105,Delivered
11633,13-07-2015,20:19:31,105,Failed
11634,13-07-2015,21:16:50,102,Failed
11635,14-07-2015,11:27:09,105,Delivered
11636,14-07-2015,11:33:28,106,Failed
11637,14-07-2015,11:56:49,108,Cancelled
11638,14-07-2015,11:57:35,110,Success
11639,14-07-2015,12:04:06,110,Success
11640,14-07-2015,12:10:47,103,Cancelled
11641,14-07-2015,12:11:07,110,Success
11642,14-07-2015,12:22:22,110,Delivered
11643,14-07-2015,12:33:10,102,Success
11644,14-07-2015,12:55:41,107,Success
11645,14-07-2015,12:56:03,110,Cancelled
11646,14-07-2015,12:58:04,105,Success
11647,14-07-2015,12:59:14,103,Success
11648,14-07-2015,13:00:55,110,Failed
11649,14-07-2015,13:02:52,107,Delivered
11650,14-07-2015,13:05:21,101,Failed
11651,14-07-2015,13:05:54,104,Success
11652,14-07-2015,13:15:57,109,Cancelled
11653,14-07-2015,13:20:30,103,Failed
11654,14-07-2015,13:20:41,103,Cancelled
11655,14-07-2015,13:36:45,101,Delivered
11656,14-07-2015,13:47:16,101,Cancelled
11657,14-07-2015,14:03:28,102,Success
11658,14-07-2015,14:11:45,108,Success
11659,14-07-2015,14:21:28,108,Failed
11660,14-07-2015,15:18:58,110,Success
11661,14-07-2015,15:21:38,107,Cancelled
11662,14-07-2015,15:36:24,110,Cancelled
11663,14-07-2015,15:48:22,101,Failed
11664,14-07-2015,15:57:02,109,Success
11665,14-07-2015,16:12:42,105,Delivered
11666,14-07-2015,16:14:43,107,Failed
11667,14-07-2015,16:37:35,101,Cancelled
11668,14-07-2015,16:58:21,110,Success
11669,14-07-2015,17:08:30,103,Success
11670,14-07-2015,17:13:03,102,Success
11671,14-07-2015,17:45:20,110,Failed
11672,14-07-2015,18:09:50,102,Cancelled
11673,14-07-2015,18:37:22,106,Delivered
11674,14-07-2015,18:58:09,102,Success
11675,14-07-2015,19:05:03,107,Cancelled
11676,14-07-2015,19:07:51,103,Delivered
11677,14-07-2015,19:20:16,105,Success
11678,14-07-2015,19:35:55,108,Failed
11679,14-07-2015,19:39:14,101,Failed
11680,14-07-2015,19:39:40,105,Success
11681,14-07-2015,19:40:46,104,Delivered
11682,14-07-2015,19:41:58,103,Cancelled
11683,14-07-2015,19:47:01,110,Success
11684,14-07-2015,19:52:25,110,Cancelled
11685,14-07-2015,19:53:12,109,Cancelled
11686,14-07-2015,20:02:00,106,Success
11687,14-07-2015,20:16:03,109,Success
11688,14-07-2015,20:54:37,101,Failed
11689,14-07-2015,20:57:33,108,Success
11690,14-07-2015,21:13:22,103,Success
11691,14-07-2015,21:14:05,105,Delivered
11692,14-07-2015,22:21:02,109,Delivered
11693,14-07-2015,22:29:25,107,Delivered
11694,15-07-2015,11:29:28,105,Delivered
11695,15-07-2015,11:39:07,101,Cancelled
11696,15-07-2015,11:47:38,101,Cancelled
11697,15-07-2015,11:49:26,110,Delivered
11698,15-07-2015,12:03:28,102,Success
11699,15-07-2015,12:05:13,102,Cancelled
11700,15-07-2015,12:06:27,110,Success
11701,15-07-2015,12:19:51,109,Failed
11702,15-07-2015,12:22:25,110,Cancelled
11703,15-07-2015,12:24:20,108,Delivered
11704,15-07-2015,12:31:03,110,Success
11705,15-07-2015,12:32:39,107,Delivered
11706,15-07-2015,12:34:23,108,Cancelled
11707,15-07-2015,12:39:00,109,Cancelled
11708,15-07-2015,13:00:12,102,Cancelled
11709,15-07-2015,13:04:29,106,Success
11710,15-07-2015,13:27:50,106,Delivered
11711,15-07-2015,13:31:07,107,Cancelled
11712,15-07-2015,13:35:26,106,Success
11713,15-07-2015,13:43:22,110,Failed
11714,15-07-2015,13:53:01,103,Delivered
11715,15-07-2015,14:25:22,108,Cancelled
11716,15-07-2015,14:31:06,108,Failed
11717,15-07-2015,14:35:07,105,Cancelled
11718,15-07-2015,15:17:43,105,Failed
11719,15-07-2015,15:36:23,107,Failed
11720,15-07-2015,15:39:58,106,Delivered
11721,15-07-2015,15:45:33,101,Failed
11722,15-07-2015,15:53:07,108,Cancelled
11723,15-07-2015,15:59:22,109,Success
11724,15-07-2015,16:01:38,107,Success
11725,15-07-2015,16:03:05,103,Failed
11726,15-07-2015,16:07:09,106,Delivered
11727,15-07-2015,16:10:24,105,Delivered
11728,15-07-2015,16:26:22,105,Delivered
11729,15-07-2015,16:35:14,104,Cancelled
11730,15-07-2015,16:42:22,110,Cancelled
11731,15-07-2015,16:48:35,105,Delivered
11732,15-07-2015,17:14:39,109,Delivered
11733,15-07-2015,17:17:50,110,Success
11734,15-07-2015,17:22:04,108,Failed
11735,15-07-2015,17:24:14,101,Cancelled
11736,15-07-2015,17:31:58,101,Cancelled
11737,15-07-2015,17:36:30,105,Delivered
11738,15-07-2015,17:45:39,102,Success
11739,15-07-2015,17:50:40,105,Cancelled
11740,15-07-2015,18:26:50,108,Failed
11741,15-07-2015,18:32:58,110,Cancelled
11742,15-07-2015,18:34:53,107,Success
11743,15-07-2015,18:58:08,101,Cancelled
11744,15-07-2015,19:11:31,104,Failed
11745,15-07-2015,19:33:12,102,Delivered
11746,15-07-2015,20:09:24,107,Failed
11747,15-07-2015,20:11:26,101,Delivered
11748,15-07-2015,20:35:39,106,Cancelled
11749,15-07-2015,21:08:53,110,Failed
11750,15-07-2015,21:38:29,103,Success
11751,15-07-2015,21:45:35,101,Success
11752,15-07-2015,21:47:30,108,Cancelled
11753,15-07-2015,22:10:11,102,Cancelled
11754,15-07-2015,22:16:31,106,Success
11755,15-07-2015,22:56:31,101,Cancelled
11756,16-07-2015,11:18:22,108,Delivered
11757,16-07-2015,11:25:03,107,Cancelled
11758,16-07-2015,11:30:31,109,Delivered
11759,16-07-2015,11:46:55,110,Cancelled
11760,16-07-2015,12:04:45,110,Cancelled
11761,16-07-2015,12:06:18,101,Delivered
11762,16-07-2015,12:15:21,110,Cancelled
11763,16-07-2015,12:19:28,109,Cancelled
11764,16-07-2015,12:39:01,106,Success
11765,16-07-2015,12:42:51,109,Cancelled
11766,16-07-2015,12:46:46,106,Delivered
11767,16-07-2015,12:59:05,104,Success
11768,16-07-2015,13:06:03,108,Success
11769,16-07-2015,13:22:39,105,Delivered
11770,16-07-2015,13:37:06,105,Delivered
11771,16-07-2015,14:01:07,104,Cancelled
11772,16-07-2015,14:06:56,103,Delivered
11773,16-07-2015,14:18:57,105,Success
11774,16-07-2015,14:19:50,101,Failed
11775,16-07-2015,14:33:50,102,Delivered
11776,16-07-2015,15:14:39,110,Delivered
11777,16-07-2015,15:24:35,106,Success
11778,16-07-2015,15:29:14,110,Failed
11779,16-07-2015,15:58:44,106,Failed
11780,16-07-2015,16:02:24,105,Success
11781,16-07-2015,16:13:59,101,Cancelled
11782,16-07-2015,16:14:04,103,Delivered
11783,16-07-2015,16:17:15,101,Cancelled
11784,16-07-2015,16:21:43,105,Cancelled
11785,16-07-2015,16:33:13,101,Delivered
11786,16-07-2015,16:37:02,104,Delivered
11787,16-07-2015,16:45:54,109,Failed
11788,16-07-2015,17:21:55,108,Success
11789,16-07-2015,17:29:23,103,Cancelled
11790,16-07-2015,17:30:17,109,Success
11791,16-07-2015,17:31:00,102,Success
11792,16-07-2015,17:47:44,101,Delivered
11793,16-07-2015,17:52:14,110,Failed
11794,16-07-2015,18:02:45,105,Failed
11795,16-07-2015,18:14:42,110,Failed
11796,16-07-2015,18:23:08,107,Success
11797,16-07-2015,18:24:13,106,Delivered
11798,16-07-2015,18:36:26,104,Cancelled
11799,16-07-2015,19:34:18,108,Delivered
11800,16-07-2015,19:41:58,110,Failed
11801,16-07-2015,19:48:21,106,Cancelled
11802,16-07-2015,19:56:13,101,Failed
11803,16-07-2015,19:58:05,104,Delivered
11804,16-07-2015,20:46:14,108,Failed
11805,16-07-2015,20:46:38,109,Cancelled
11806,16-07-2015,20:52:02,109,Delivered
11807,16-07-2015,21:08:49,106,Cancelled
11808,16-07-2015,21:38:18,107,Success
11809,16-07-2015,22:02:31,105,Delivered
11810,16-07-2015,22:06:25,102,Cancelled
11811,16-07-2015,22:24:24,110,Cancelled
11812,17-07-2015,11:31:14,107,Failed
11813,17-07-2015,11:38:27,106,Success
11814,17-07-2015,11:51:00,110,Failed
11815,17-07-2015,12:28:50,103,Delivered
11816,17-07-2015,12:32:51,110,Success
11817,17-07-2015,12:37:41,109,Delivered
11818,17-07-2015,12:38:23,102,Delivered
11819,17-07-2015,12:48:33,104,Success
11820,17-07-2015,12:51:53,110,Success
11821,17-07-2015,12:58:00,109,Failed
11822,17-07-2015,13:00:15,107,Cancelled
11823,17-07-2015,13:09:29,110,Success
11824,17-07-2015,13:13:04,107,Cancelled
11825,17-07-2015,13:27:05,101,Success
11826,17-07-2015,13:31:42,106,Success
11827,17-07-2015,13:36:00,109,Failed
11828,17-07-2015,13:36:33,103,Cancelled
11829,17-07-2015,13:51:10,102,Cancelled
11830,17-07-2015,14:08:04,110,Failed
11831,17-07-2015,14:08:42,109,Delivered
11832,17-07-2015,14:08:59,109,Delivered
11833,17-07-2015,14:15:34,110,Failed
11834,17-07-2015,14:18:41,106,Success
11835,17-07-2015,14:25:53,104,Failed
11836,17-07-2015,14:36:22,106,Success
11837,17-07-2015,15:02:56,109,Delivered
11838,17-07-2015,15:39:43,107,Success
11839,17-07-2015,15:39:46,109,Success
11840,17-07-2015,15:55:53,107,Delivered
11841,17-07-2015,15:58:03,106,Delivered
11842,17-07-2015,16:05:59,107,Success
11843,17-07-2015,16:06:03,103,Cancelled
11844,17-07-2015,16:19:46,105,Failed
11845,17-07-2015,16:23:58,102,Delivered
11846,17-07-2015,16:25:52,103,Success
11847,17-07-2015,16:30:03,109,Cancelled
11848,17-07-2015,16:34:16,108,Failed
11849,17-07-2015,16:36:57,106,Cancelled
11850,17-07-2015,17:04:25,106,Delivered
11851,17-07-2015,17:08:21,106,Failed
11852,17-07-2015,17:30:22,110,Delivered
11853,17-07-2015,17:35:40,101,Success
11854,17-07-2015,17:40:21,102,Cancelled
11855,17-07-2015,18:08:40,103,Failed
11856,17-07-2015,18:08:42,110,Success
11857,17-07-2015,18:09:57,101,Delivered
11858,17-07-2015,18:10:56,104,Delivered
11859,17-07-2015,18:30:15,106,Cancelled
11860,17-07-2015,18:44:59,102,Cancelled
11861,17-07-2015,18:47:11,104,Cancelled
11862,17-07-2015,19:00:42,104,Delivered
11863,17-07-2015,19:04:51,102,Delivered
11864,17-07-2015,19:13:43,110,Failed
11865,17-07-2015,19:24:53,108,Failed
11866,17-07-2015,19:47:50,104,Cancelled
11867,17-07-2015,20:10:17,103,Success
11868,17-07-2015,20:15:48,107,Delivered
11869,17-07-2015,20:17:34,110,Failed
11870,17-07-2015,20:27:08,107,Success
11871,17-07-2015,20:29:22,109,Failed
11872,17-07-2015,20:46:42,102,Cancelled
11873,17-07-2015,20:56:48,107,Failed
11874,17-07-2015,20:56:50,103,Success
11875,17-07-2015,21:01:20,105,Success
11876,17-07-2015,21:02:37,103,Success
11877,17-07-2015,21:04:42,103,Success
11878,17-07-2015,21:30:34,101,Failed
11879,17-07-2015,21:39:11,104,Cancelled
11880,17-07-2015,21:41:26,105,Delivered
11881,17-07-2015,21:47:55,109,Failed
11882,17-07-2015,21:49:05,101,Delivered
11883,17-07-2015,21:50:40,101,Success
11884,17-07-2015,21:50:52,110,Delivered
11885,17-07-2015,21:56:46,103,Failed
11886,17-07-2015,21:57:33,102,Success
11887,17-07-2015,21:58:33,107,Cancelled
11888,17-07-2015,22:00:04,107,Cancelled
11889,17-07-2015,22:03:00,108,Cancelled
11890,17-07-2015,22:03:20,101,Success
11891,17-07-2015,22:12:43,103,Cancelled
11892,17-07-2015,22:20:17,104,Delivered
11893,17-07-2015,23:03:47,108,Cancelled
11894,18-07-2015,11:48:20,104,Delivered
11895,18-07-2015,12:06:19,103,Cancelled
11896,18-07-2015,12:18:57,105,Cancelled
11897,18-07-2015,12:35:25,101,Failed
11898,18-07-2015,12:38:55,106,Cancelled
11899,18-07-2015,13:00:38,106,Success
11900,18-07-2015,13:16:25,107,Delivered
11901,18-07-2015,13:42:45,106,Delivered
11902,18-07-2015,13:46:21,109,Delivered
11903,18-07-2015,13:48:50,109,Success
11904,18-07-2015,13:54:23,109,Cancelled
11905,18-07-2015,13:57:38,110,Delivered
11906,18-07-2015,14:26:08,108,Cancelled
11907,18-07-2015,14:33:14,102,Cancelled
11908,18-07-2015,15:01:39,102,Delivered
11909,18-07-2015,15:02:32,101,Success
11910,18-07-2015,15:09:05,106,Failed
11911,18-07-2015,15:35:28,107,Delivered
11912,18-07-2015,15:40:14,104,Failed
11913,18-07-2015,16:30:37,101,Success
11914,18-07-2015,16:31:40,110,Cancelled
11915,18-07-2015,16:43:19,106,Success
11916,18-07-2015,16:43:53,102,Failed
11917,18-07-2015,16:47:09,110,Failed
11918,18-07-2015,16:56:08,105,Failed
11919,18-07-2015,16:56:19,108,Success
11920,18-07-2015,17:29:49,109,Success
11921,18-07-2015,17:54:02,103,Delivered
11922,18-07-2015,17:54:33,109,Delivered
11923,18-07-2015,18:00:54,102,Failed
11924,18-07-2015,18:04:25,109,Delivered
11925,18-07-2015,18:09:53,104,Success
11926,18-07-2015,18:10:36,110,Failed
11927,18-07-2015,18:18:50,109,Delivered
11928,18-07-2015,18:40:08,102,Delivered
11929,18-07-2015,18:40:24,107,Success
11930,18-07-2015,18:40:28,110,Delivered
11931,18-07-2015,18:50:59,105,Failed
11932,18-07-2015,18:52:23,106,Success
11933,18-07-2015,19:03:13,102,Failed
11934,18-07-2015,19:34:26,102,Cancelled
11935,18-07-2015,19:39:37,105,Success
11936,18-07-2015,19:45:16,103,Failed
11937,18-07-2015,19:45:43,102,Cancelled
11938,18-07-2015,19:46:35,107,Failed
11939,18-07-2015,19:49:09,109,Success
11940,18-07-2015,19:49:10,101,Success
11941,18-07-2015,19:53:32,105,Delivered
11942,18-07-2015,20:00:10,103,Cancelled
11943,18-07-2015,20:32:44,109,Cancelled
11944,18-07-2015,20:35:35,102,Failed
11945,18-07-2015,21:21:29,109,Failed
11946,18-07-2015,21:29:31,108,Cancelled
11947,18-07-2015,22:04:30,107,Delivered
11948,19-07-2015,12:20:39,105,Delivered
11949,19-07-2015,13:05:00,102,Failed
11950,19-07-2015,13:06:14,104,Delivered
11951,19-07-2015,13:25:12,103,Failed
11952,19-07-2015,13:32:11,109,Cancelled
11953,19-07-2015,13:34:29,104,Failed
11954,19-07-2015,13:52:17,101,Delivered
11955,19-07-2015,13:55:33,109,Failed
11956,19-07-2015,13:55:42,108,Cancelled
11957,19-07-2015,13:58:17,106,Success
11958,19-07-2015,14:00:17,107,Cancelled
11959,19-07-2015,14:09:33,104,Delivered
11960,19-07-2015,14:12:49,107,Cancelled
11961,19-07-2015,15:00:55,109,Cancelled
11962,19-07-2015,15:02:02,103,Delivered
11963,19-07-2015,15:03:20,109,Cancelled
11964,19-07-2015,15:16:42,110,Failed
11965,19-07-2015,15:33:29,101,Cancelled
11966,19-07-2015,15:45:24,109,Delivered
11967,19-07-2015,15:57:09,110,Success
11968,19-07-2015,16:05:21,101,Delivered
11969,19-07-2015,16:07:06,106,Delivered
11970,19-07-2015,16:18:25,107,Failed
11971,19-07-2015,16:29:34,104,Success
11972,19-07-2015,16:41:08,101,Success
11973,19-07-2015,16:51:21,101,Failed
11974,19-07-2015,16:52:10,101,Delivered
11975,19-07-2015,16:55:56,102,Delivered
11976,19-07-2015,17:10:10,107,Cancelled
11977,19-07-2015,17:35:06,106,Success
11978,19-07-2015,17:47:27,104,Delivered
11979,19-07-2015,17:55:16,108,Success
11980,19-07-2015,18:05:57,109,Failed
11981,19-07-2015,18:12:02,103,Cancelled
11982,19-07-2015,18:18:32,106,Failed
11983,19-07-2015,18:19:23,101,Delivered
11984,19-07-2015,18:21:05,105,Delivered
11985,19-07-2015,18:24:31,110,Cancelled
11986,19-07-2015,18:25:50,107,Success
11987,19-07-2015,18:29:49,109,Delivered
11988,19-07-2015,18:39:20,106,Delivered
11989,19-07-2015,18:42:25,101,Delivered
11990,19-07-2015,18:45:39,108,Failed
11991,19-07-2015,18:48:55,109,Delivered
11992,19-07-2015,19:04:25,102,Failed
11993,19-07-2015,19:15:54,107,Failed
11994,19-07-2015,19:23:44,108,Failed
11995,19-07-2015,19:27:03,101,Delivered
11996,19-07-2015,19:43:33,109,Delivered
11997,19-07-2015,21:12:50,101,Success
11998,19-07-2015,21:31:19,104,Cancelled
11999,19-07-2015,21:42:54,102,Delivered
12000,19-07-2015,22:10:03,105,Delivered
12001,20-07-2015,11:30:52,105,Delivered
12002,20-07-2015,11:39:13,109,Delivered
12003,20-07-2015,11:50:01,101,Success
12004,20-07-2015,11:50:52,106,Success
12005,20-07-2015,11:52:00,107,Success
12006,20-07-2015,12:01:18,106,Delivered
12007,20-07-2015,12:29:54,110,Success
12008,20-07-2015,12:49:08,103,Delivered
12009,20-07-2015,12:58:31,104,Delivered
12010,20-07-2015,13:03:53,101,Failed
12011,20-07-2015,13:05:44,106,Success
12012,20-07-2015,13:07:12,105,Failed
12013,20-07-2015,13:10:59,102,Cancelled
12014,20-07-2015,13:16:44,110,Success
12015,20-07-2015,13:23:12,106,Delivered
12016,20-07-2015,13:23:18,104,Delivered
12017,20-07-2015,13:34:56,101,Cancelled
12018,20-07-2015,13:50:31,103,Success
12019,20-07-2015,13:55:06,102,Delivered
12020,20-07-2015,14:09:21,106,Failed
12021,20-07-2015,14:11:23,106,Delivered
12022,20-07-2015,14:17:06,109,Failed
12023,20-07-2015,14:20:14,110,Success
12024,20-07-2015,15:13:57,103,Cancelled
12025,20-07-2015,15:21:28,106,Success
12026,20-07-2015,15:21:56,106,Cancelled
12027,20-07-2015,15:26:41,106,Success
12028,20-07-2015,15:35:42,101,Success
12029,20-07-2015,15:53:10,101,Cancelled
12030,20-07-2015,15:54:30,105,Failed
12031,20-07-2015,15:54:58,101,Failed
12032,20-07-2015,15:55:38,105,Failed
12033,20-07-2015,16:00:21,107,Delivered
12034,20-07-2015,16:18:25,110,Failed
12035,20-07-2015,16:26:04,109,Failed
12036,20-07-2015,17:18:59,104,Delivered
12037,20-07-2015,17:29:02,106,Failed
12038,20-07-2015,17:38:43,104,Cancelled
12039,20-07-2015,17:45:13,101,Cancelled
12040,20-07-2015,18:13:02,106,Failed
12041,20-07-2015,18:23:07,109,Cancelled
12042,20-07-2015,18:24:45,108,Failed
12043,20-07-2015,18:25:40,107,Failed
12044,20-07-2015,18:39:30,109,Success
12045,20-07-2015,18:45:56,107,Success
12046,20-07-2015,18:54:19,103,Failed
12047,20-07-2015,19:10:56,106,Cancelled
12048,20-07-2015,19:11:52,109,Success
12049,20-07-2015,19:16:23,101,Cancelled
12050,20-07-2015,19:22:48,103,Delivered
12051,20-07-2015,19:26:11,110,Failed
12052,20-07-2015,19:29:55,107,Delivered
12053,20-07-2015,19:46:07,102,Failed
12054,20-07-2015,19:46:34,109,Delivered
12055,20-07-2015,20:00:27,110,Success
12056,20-07-2015,20:10:28,110,Success
12057,20-07-2015,20:18:29,108,Success
12058,20-07-2015,20:34:39,108,Failed
12059,20-07-2015,21:06:14,102,Success
12060,21-07-2015,11:19:15,103,Success
12061,21-07-2015,11:46:22,110,Cancelled
12062,21-07-2015,11:49:20,109,Success
12063,21-07-2015,11:53:51,101,Delivered
12064,21-07-2015,11:55:10,108,Cancelled
12065,21-07-2015,12:08:15,102,Delivered
12066,21-07-2015,12:12:10,103,Delivered
12067,21-07-2015,12:29:53,106,Success
12068,21-07-2015,12:31:56,103,Failed
12069,21-07-2015,12:35:18,101,Cancelled
12070,21-07-2015,12:54:21,109,Failed
12071,21-07-2015,13:04:34,103,Cancelled
12072,21-07-2015,13:17:05,107,Cancelled
12073,21-07-2015,13:27:28,103,Success
12074,21-07-2015,13:33:17,108,Success
12075,21-07-2015,13:36:36,105,Success
12076,21-07-2015,13:53:14,109,Delivered
12077,21-07-2015,14:11:31,108,Failed
12078,21-07-2015,14:31:56,105,Failed
12079,21-07-2015,14:52:32,105,Cancelled
12080,21-07-2015,14:56:13,110,Failed
12081,21-07-2015,15:22:25,103,Delivered
12082,21-07-2015,15:29:00,105,Delivered
12083,21-07-2015,15:29:17,106,Failed
12084,21-07-2015,15:37:03,106,Delivered
12085,21-07-2015,15:44:48,104,Failed
12086,21-07-2015,15:47:58,107,Success
12087,21-07-2015,15:51:49,103,Delivered
12088,21-07-2015,15:58:47,101,Delivered
12089,21-07-2015,16:01:21,110,Cancelled
12090,21-07-2015,16:04:10,106,Cancelled
12091,21-07-2015,16:04:53,104,Failed
12092,21-07-2015,16:36:16,110,Delivered
12093,21-07-2015,16:53:57,110,Success
12094,21-07-2015,17:10:51,105,Failed
12095,21-07-2015,17:35:58,104,Cancelled
12096,21-07-2015,17:52:12,102,Cancelled
12097,21-07-2015,18:09:57,109,Cancelled
12098,21-07-2015,18:11:15,102,Delivered
12099,21-07-2015,18:21:01,105,Delivered
12100,21-07-2015,18:34:16,109,Cancelled
12101,21-07-2015,18:34:35,106,Cancelled
12102,21-07-2015,18:52:26,109,Cancelled
12103,21-07-2015,18:56:08,104,Success
12104,21-07-2015,19:05:49,104,Failed
12105,21-07-2015,19:12:16,102,Success
12106,21-07-2015,19:13:19,104,Delivered
12107,21-07-2015,19:23:53,104,Delivered
12108,21-07-2015,20:03:18,108,Cancelled
12109,21-07-2015,20:14:22,103,Success
12110,21-07-2015,20:47:23,102,Failed
12111,21-07-2015,21:01:38,102,Success
12112,21-07-2015,21:09:34,104,Success
12113,21-07-2015,21:11:40,108,Success
12114,21-07-2015,21:15:17,107,Cancelled
12115,22-07-2015,11:37:54,110,Success
12116,22-07-2015,11:39:20,107,Delivered
12117,22-07-2015,11:52:09,110,Success
12118,22-07-2015,11:56:05,106,Failed
12119,22-07-2015,11:57:15,108,Delivered
12120,22-07-2015,12:09:55,104,Failed
12121,22-07-2015,12:11:14,104,Success
12122,22-07-2015,12:17:23,109,Failed
12123,22-07-2015,12:19:44,109,Success
12124,22-07-2015,12:39:25,107,Cancelled
12125,22-07-2015,12:42:32,110,Failed
12126,22-07-2015,12:47:17,105,Failed
12127,22-07-2015,12:57:19,105,Cancelled
12128,22-07-2015,13:01:06,110,Failed
12129,22-07-2015,13:01:27,108,Delivered
12130,22-07-2015,13:01:31,110,Success
12131,22-07-2015,13:03:01,107,Failed
12132,22-07-2015,13:08:39,106,Cancelled
12133,22-07-2015,13:11:08,101,Delivered
12134,22-07-2015,13:16:45,108,Success
12135,22-07-2015,13:24:53,107,Failed
12136,22-07-2015,13:29:52,107,Delivered
12137,22-07-2015,13:36:46,107,Cancelled
12138,22-07-2015,13:42:19,106,Delivered
12139,22-07-2015,13:49:13,106,Failed
12140,22-07-2015,13:58:42,102,Cancelled
12141,22-07-2015,14:00:51,101,Failed
12142,22-07-2015,14:06:05,106,Success
12143,22-07-2015,14:44:43,107,Failed
12144,22-07-2015,15:20:44,103,Success
12145,22-07-2015,15:21:32,101,Cancelled
12146,22-07-2015,15:26:14,108,Success
12147,22-07-2015,15:49:25,104,Failed
12148,22-07-2015,16:05:14,106,Cancelled
12149,22-07-2015,16:32:53,108,Delivered
12150,22-07-2015,16:37:30,108,Delivered
12151,22-07-2015,16:54:52,108,Failed
12152,22-07-2015,17:15:54,110,Failed
12153,22-07-2015,17:16:11,103,Delivered
12154,22-07-2015,17:26:43,102,Delivered
12155,22-07-2015,17:42:45,101,Delivered
12156,22-07-2015,17:44:35,105,Failed
12157,22-07-2015,17:44:36,101,Failed
12158,22-07-2015,17:54:07,110,Failed
12159,22-07-2015,18:05:37,106,Failed
12160,22-07-2015,18:13:08,104,Success
12161,22-07-2015,18:21:31,110,Success
12162,22-07-2015,18:52:54,108,Delivered
12163,22-07-2015,18:58:46,106,Delivered
12164,22-07-2015,19:01:58,110,Delivered
12165,22-07-2015,19:14:11,104,Cancelled
12166,22-07-2015,19:15:50,105,Failed
12167,22-07-2015,19:22:17,102,Success
12168,22-07-2015,19:30:32,105,Cancelled
12169,22-07-2015,19:31:52,107,Failed
12170,22-07-2015,19:32:57,109,Success
12171,22-07-2015,19:47:30,105,Success
12172,22-07-2015,20:56:02,104,Cancelled
12173,22-07-2015,21:04:18,102,Delivered
12174,22-07-2015,21:11:22,103,Delivered
12175,22-07-2015,21:13:44,104,Cancelled
12176,22-07-2015,21:58:13,102,Delivered
12177,22-07-2015,22:12:14,101,Failed
12178,22-07-2015,22:25:35,109,Success
12179,22-07-2015,22:29:03,102,Failed
12180,23-07-2015,11:15:56,110,Success
12181,23-07-2015,11:20:39,107,Delivered
12182,23-07-2015,11:35:01,105,Failed
12183,23-07-2015,11:40:33,110,Failed
12184,23-07-2015,11:46:07,107,Cancelled
12185,23-07-2015,11:51:23,110,Success
12186,23-07-2015,11:52:22,103,Success
12187,23-07-2015,12:02:29,105,Cancelled
12188,23-07-2015,12:37:16,110,Cancelled
12189,23-07-2015,12:38:47,101,Cancelled
12190,23-07-2015,12:40:58,109,Failed
12191,23-07-2015,12:50:04,107,Success
12192,23-07-2015,13:00:36,109,Failed
12193,23-07-2015,13:10:07,110,Delivered
12194,23-07-2015,13:29:55,108,Delivered
12195,23-07-2015,13:32:05,109,Success
12196,23-07-2015,13:32:31,108,Failed
12197,23-07-2015,13:34:41,106,Success
12198,23-07-2015,13:34:46,107,Cancelled
12199,23-07-2015,13:35:09,108,Success
12200,23-07-2015,13:44:48,109,Success
12201,23-07-2015,13:48:00,103,Failed
12202,23-07-2015,13:53:32,106,Delivered
12203,23-07-2015,13:53:36,102,Cancelled
12204,23-07-2015,14:02:10,110,Success
12205,23-07-2015,14:16:26,109,Success
12206,23-07-2015,14:19:09,101,Success
12207,23-07-2015,14:33:46,109,Delivered
12208,23-07-2015,14:58:09,101,Failed
12209,23-07-2015,15:24:20,102,Failed
12210,23-07-2015,15:26:02,107,Success
12211,23-07-2015,15:42:29,109,Success
12212,23-07-2015,15:58:47,109,Cancelled
12213,23-07-2015,16:22:29,109,Failed
12214,23-07-2015,16:27:49,105,Success
12215,23-07-2015,16:28:19,103,Cancelled
12216,23-07-2015,16:41:16,107,Success
12217,23-07-2015,16:50:51,110,Success
12218,23-07-2015,17:15:04,109,Success
12219,23-07-2015,17:16:25,110,Success
12220,23-07-2015,17:16:48,106,Success
12221,23-07-2015,17:20:40,105,Failed
12222,23-07-2015,17:35:03,103,Failed
12223,23-07-2015,17:35:13,104,Delivered
12224,23-07-2015,18:16:16,107,Success
12225,23-07-2015,18:16:33,110,Cancelled
12226,23-07-2015,18:21:44,109,Cancelled
12227,23-07-2015,18:30:59,109,Failed
12228,23-07-2015,18:33:30,108,Cancelled
12229,23-07-2015,18:39:20,108,Failed
12230,23-07-2015,19:06:04,105,Delivered
12231,23-07-2015,19:11:36,110,Success
12232,23-07-2015,19:23:56,107,Delivered
12233,23-07-2015,19:27:39,104,Delivered
12234,23-07-2015,19:31:11,105,Success
12235,23-07-2015,19:46:11,108,Delivered
12236,23-07-2015,19:53:35,105,Failed
12237,23-07-2015,20:00:26,106,Cancelled
12238,23-07-2015,20:08:19,106,Cancelled
12239,23-07-2015,20:23:04,106,Failed
12240,23-07-2015,20:58:01,105,Failed
12241,23-07-2015,21:11:55,103,Success
12242,23-07-2015,21:20:18,104,Cancelled
12243,23-07-2015,21:40:27,110,Cancelled
12244,23-07-2015,22:39:04,109,Delivered
12245,24-07-2015,11:22:58,105,Cancelled
12246,24-07-2015,11:29:44,107,Cancelled
12247,24-07-2015,11:35:30,107,Failed
12248,24-07-2015,11:43:47,107,Success
12249,24-07-2015,11:48:17,108,Delivered
12250,24-07-2015,11:49:07,106,Delivered
12251,24-07-2015,11:55:33,108,Delivered
12252,24-07-2015,12:02:23,108,Success
12253,24-07-2015,12:25:31,108,Cancelled
12254,24-07-2015,12:32:09,109,Failed
12255,24-07-2015,12:36:19,106,Cancelled
12256,24-07-2015,12:42:37,103,Failed
12257,24-07-2015,12:43:56,110,Cancelled
12258,24-07-2015,12:53:15,109,Delivered
12259,24-07-2015,13:09:37,106,Failed
12260,24-07-2015,13:14:48,106,Success
12261,24-07-2015,13:15:18,108,Failed
12262,24-07-2015,13:18:34,108,Delivered
12263,24-07-2015,13:21:19,108,Delivered
12264,24-07-2015,13:23:41,104,Failed
12265,24-07-2015,14:09:26,105,Failed
12266,24-07-2015,14:25:08,106,Failed
12267,24-07-2015,14:35:12,110,Delivered
12268,24-07-2015,14:41:02,106,Cancelled
12269,24-07-2015,14:55:19,105,Delivered
12270,24-07-2015,15:32:08,106,Failed
12271,24-07-2015,15:37:50,102,Cancelled
12272,24-07-2015,16:10:53,102,Cancelled
12273,24-07-2015,16:29:45,106,Cancelled
12274,24-07-2015,16:50:57,108,Cancelled
12275,24-07-2015,17:11:19,103,Delivered
12276,24-07-2015,17:25:16,102,Failed
12277,24-07-2015,17:35:04,108,Success
12278,24-07-2015,17:35:16,101,Success
12279,24-07-2015,17:36:21,107,Delivered
12280,24-07-2015,17:47:25,101,Delivered
12281,24-07-2015,17:50:01,109,Delivered
12282,24-07-2015,17:59:57,108,Cancelled
12283,24-07-2015,18:00:13,106,Delivered
12284,24-07-2015,18:00:26,101,Cancelled
12285,24-07-2015,18:07:21,103,Failed
12286,24-07-2015,18:08:41,104,Failed
12287,24-07-2015,18:10:15,102,Cancelled
12288,24-07-2015,18:16:24,110,Cancelled
12289,24-07-2015,18:18:15,108,Success
12290,24-07-2015,18:25:29,101,Failed
12291,24-07-2015,18:27:09,102,Failed
12292,24-07-2015,18:28:51,105,Cancelled
12293,24-07-2015,18:31:17,104,Success
12294,24-07-2015,18:35:20,110,Delivered
12295,24-07-2015,18:38:47,102,Success
12296,24-07-2015,18:40:19,110,Cancelled
12297,24-07-2015,18:43:31,104,Failed
12298,24-07-2015,18:45:14,107,Failed
12299,24-07-2015,18:51:54,103,Failed
12300,24-07-2015,18:52:33,102,Success
12301,24-07-2015,19:03:46,107,Cancelled
12302,24-07-2015,19:23:29,108,Failed
12303,24-07-2015,19:45:32,103,Delivered
12304,24-07-2015,19:48:08,106,Delivered
12305,24-07-2015,19:55:29,108,Cancelled
12306,24-07-2015,19:56:53,110,Failed
12307,24-07-2015,20:16:48,108,Delivered
12308,24-07-2015,20:32:10,105,Success
12309,24-07-2015,20:41:37,109,Success
12310,24-07-2015,20:49:09,105,Success
12311,24-07-2015,21:02:04,109,Delivered
12312,24-07-2015,21:03:15,109,Failed
12313,24-07-2015,21:21:13,109,Delivered
12314,24-07-2015,21:31:45,108,Delivered
12315,24-07-2015,21:54:56,109,Failed
12316,24-07-2015,22:10:47,105,Success
12317,24-07-2015,22:28:09,103,Delivered
12318,24-07-2015,22:56:18,102,Success
12319,24-07-2015,22:58:22,106,Cancelled
12320,25-07-2015,11:49:45,103,Success
12321,25-07-2015,11:54:59,101,Delivered
12322,25-07-2015,11:59:54,106,Success
12323,25-07-2015,12:03:35,101,Failed
12324,25-07-2015,12:06:27,103,Cancelled
12325,25-07-2015,12:12:17,109,Failed
12326,25-07-2015,12:14:31,104,Delivered
12327,25-07-2015,12:39:39,110,Cancelled
12328,25-07-2015,13:22:37,110,Success
12329,25-07-2015,13:30:55,109,Success
12330,25-07-2015,14:31:02,108,Failed
12331,25-07-2015,14:39:01,102,Cancelled
12332,25-07-2015,14:57:30,108,Failed
12333,25-07-2015,15:02:16,110,Cancelled
12334,25-07-2015,15:26:51,108,Failed
12335,25-07-2015,15:59:55,103,Cancelled
12336,25-07-2015,16:25:38,104,Failed
12337,25-07-2015,16:32:28,101,Success
12338,25-07-2015,16:33:43,105,Success
12339,25-07-2015,16:34:08,107,Failed
12340,25-07-2015,17:01:33,104,Failed
12341,25-07-2015,17:09:34,108,Delivered
12342,25-07-2015,17:21:24,109,Delivered
12343,25-07-2015,17:30:15,110,Cancelled
12344,25-07-2015,17:38:30,102,Failed
12345,25-07-2015,17:42:14,102,Delivered
12346,25-07-2015,17:52:22,109,Delivered
12347,25-07-2015,18:01:03,106,Failed
12348,25-07-2015,18:01:22,103,Success
12349,25-07-2015,18:29:56,108,Cancelled
12350,25-07-2015,18:32:48,106,Success
12351,25-07-2015,18:45:15,107,Cancelled
12352,25-07-2015,18:50:35,103,Success
12353,25-07-2015,18:53:06,106,Failed
12354,25-07-2015,19:01:18,104,Success
12355,25-07-2015,19:01:31,103,Delivered
12356,25-07-2015,19:08:40,102,Failed
12357,25-07-2015,19:11:19,105,Cancelled
12358,25-07-2015,19:14:10,104,Success
12359,25-07-2015,19:17:48,107,Delivered
12360,25-07-2015,19:18:19,105,Cancelled
12361,25-07-2015,19:47:58,110,Failed
12362,25-07-2015,19:49:39,110,Delivered
12363,25-07-2015,20:07:14,101,Success
12364,25-07-2015,20:10:52,110,Success
12365,25-07-2015,20:15:01,101,Failed
12366,25-07-2015,20:20:40,103,Failed
12367,25-07-2015,20:30:13,102,Failed
12368,25-07-2015,20:34:04,107,Delivered
12369,25-07-2015,20:35:52,107,Delivered
12370,25-07-2015,21:07:12,106,Failed
12371,25-07-2015,21:13:44,110,Delivered
12372,25-07-2015,21:35:42,106,Success
12373,25-07-2015,21:40:05,109,Delivered
12374,25-07-2015,22:10:26,104,Cancelled
12375,25-07-2015,22:53:36,109,Failed
12376,25-07-2015,22:59:35,110,Delivered
12377,26-07-2015,11:30:45,104,Cancelled
12378,26-07-2015,11:48:03,108,Success
12379,26-07-2015,12:14:51,104,Failed
12380,26-07-2015,12:32:28,103,Success
12381,26-07-2015,12:48:02,103,Delivered
12382,26-07-2015,13:04:25,108,Cancelled
12383,26-07-2015,13:13:15,103,Failed
12384,26-07-2015,13:28:46,108,Failed
12385,26-07-2015,13:37:07,103,Success
12386,26-07-2015,13:39:17,107,Cancelled
12387,26-07-2015,13:40:47,103,Cancelled
12388,26-07-2015,13:59:04,105,Failed
12389,26-07-2015,14:20:06,109,Success
12390,26-07-2015,14:20:37,107,Cancelled
12391,26-07-2015,14:33:30,108,Failed
12392,26-07-2015,14:41:24,102,Cancelled
12393,26-07-2015,14:58:51,103,Cancelled
12394,26-07-2015,15:00:44,110,Delivered
12395,26-07-2015,15:04:02,110,Success
12396,26-07-2015,15:32:25,108,Cancelled
12397,26-07-2015,15:39:56,109,Failed
12398,26-07-2015,15:39:59,106,Delivered
12399,26-07-2015,16:15:49,107,Success
12400,26-07-2015,16:17:01,108,Cancelled
12401,26-07-2015,16:19:41,106,Failed
12402,26-07-2015,16:28:07,107,Failed
12403,26-07-2015,16:30:55,101,Cancelled
12404,26-07-2015,16:31:52,107,Success
12405,26-07-2015,16:31:53,107,Delivered
12406,26-07-2015,16:36:33,109,Failed
12407,26-07-2015,16:51:28,103,Delivered
12408,26-07-2015,17:00:09,106,Delivered
12409,26-07-2015,17:13:00,103,Cancelled
12410,26-07-2015,17:24:00,104,Delivered
12411,26-07-2015,17:27:08,106,Cancelled
12412,26-07-2015,17:30:26,108,Success
12413,26-07-2015,17:41:47,101,Cancelled
12414,26-07-2015,18:03:09,101,Failed
12415,26-07-2015,18:09:50,109,Failed
12416,26-07-2015,18:18:33,103,Cancelled
12417,26-07-2015,18:39:33,105,Failed
12418,26-07-2015,18:56:31,104,Cancelled
12419,26-07-2015,19:09:24,101,Failed
12420,26-07-2015,19:16:50,110,Success
12421,26-07-2015,19:27:14,107,Success
12422,26-07-2015,19:54:40,103,Failed
12423,26-07-2015,20:10:31,106,Failed
12424,26-07-2015,20:14:33,109,Success
12425,26-07-2015,20:19:24,109,Delivered
12426,26-07-2015,20:37:53,106,Success
12427,26-07-2015,20:40:53,110,Cancelled
12428,26-07-2015,20:41:39,107,Success
12429,26-07-2015,21:13:33,101,Delivered
12430,26-07-2015,21:32:19,101,Cancelled
12431,26-07-2015,21:40:57,102,Cancelled
12432,26-07-2015,22:06:38,102,Success
12433,26-07-2015,23:05:52,109,Delivered
12434,27-07-2015,11:34:12,106,Success
12435,27-07-2015,11:39:19,101,Delivered
12436,27-07-2015,11:55:03,108,Delivered
12437,27-07-2015,12:04:59,102,Cancelled
12438,27-07-2015,12:08:28,109,Cancelled
12439,27-07-2015,12:10:01,103,Failed
12440,27-07-2015,12:12:00,110,Delivered
12441,27-07-2015,12:12:52,102,Failed
12442,27-07-2015,12:57:58,108,Delivered
12443,27-07-2015,13:02:20,109,Success
12444,27-07-2015,13:04:05,106,Success
12445,27-07-2015,13:04:28,103,Delivered
12446,27-07-2015,13:04:40,105,Cancelled
12447,27-07-2015,13:18:28,104,Delivered
12448,27-07-2015,13:25:26,104,Success
12449,27-07-2015,13:27:51,110,Delivered
12450,27-07-2015,13:32:49,106,Cancelled
12451,27-07-2015,13:36:58,102,Success
12452,27-07-2015,13:48:04,109,Success
12453,27-07-2015,14:31:51,102,Delivered
12454,27-07-2015,14:54:30,107,Delivered
12455,27-07-2015,14:57:20,109,Success
12456,27-07-2015,15:36:01,106,Cancelled
12457,27-07-2015,15:55:32,101,Failed
12458,27-07-2015,15:58:48,106,Cancelled
12459,27-07-2015,16:03:10,106,Cancelled
12460,27-07-2015,16:10:49,109,Delivered
12461,27-07-2015,16:12:12,108,Cancelled
12462,27-07-2015,16:20:48,107,Cancelled
12463,27-07-2015,16:28:09,109,Delivered
12464,27-07-2015,16:33:42,108,Delivered
12465,27-07-2015,17:12:24,105,Delivered
12466,27-07-2015,17:13:50,110,Failed
12467,27-07-2015,17:21:49,110,Delivered
12468,27-07-2015,17:43:41,104,Delivered
12469,27-07-2015,17:49:25,102,Delivered
12470,27-07-2015,18:01:01,105,Success
12471,27-07-2015,18:10:12,109,Cancelled
12472,27-07-2015,18:43:22,102,Delivered
12473,27-07-2015,18:44:59,107,Success
12474,27-07-2015,18:48:56,102,Delivered
12475,27-07-2015,19:04:34,102,Failed
12476,27-07-2015,19:09:01,108,Failed
12477,27-07-2015,19:18:41,102,Failed
12478,27-07-2015,20:01:58,103,Failed
12479,27-07-2015,20:02:26,105,Cancelled
12480,27-07-2015,20:12:42,110,Failed
12481,27-07-2015,20:15:14,102,Success
12482,27-07-2015,20:31:31,101,Failed
12483,27-07-2015,21:12:26,108,Failed
12484,27-07-2015,21:48:38,107,Cancelled
12485,27-07-2015,22:17:05,109,Success
12486,27-07-2015,22:23:58,103,Failed
12487,28-07-2015,11:16:16,106,Success
12488,28-07-2015,11:21:26,103,Cancelled
12489,28-07-2015,11:39:07,103,Failed
12490,28-07-2015,11:52:42,106,Failed
12491,28-07-2015,11:59:51,104,Delivered
12492,28-07-2015,12:01:31,110,Success
12493,28-07-2015,12:09:28,104,Success
12494,28-07-2015,12:10:56,105,Delivered
12495,28-07-2015,12:15:11,102,Failed
12496,28-07-2015,12:21:47,104,Failed
12497,28-07-2015,12:41:24,104,Success
12498,28-07-2015,12:45:04,102,Delivered
12499,28-07-2015,12:54:46,106,Failed
12500,28-07-2015,12:54:57,109,Cancelled
12501,28-07-2015,12:57:39,108,Failed
12502,28-07-2015,13:04:54,108,Success
12503,28-07-2015,13:27:35,106,Cancelled
12504,28-07-2015,13:29:23,104,Failed
12505,28-07-2015,13:48:37,109,Success
12506,28-07-2015,13:49:39,108,Success
12507,28-07-2015,14:03:46,105,Cancelled
12508,28-07-2015,14:27:54,108,Cancelled
12509,28-07-2015,15:17:46,103,Delivered
12510,28-07-2015,15:23:13,108,Success
12511,28-07-2015,15:28:19,101,Delivered
12512,28-07-2015,15:59:21,106,Cancelled
12513,28-07-2015,16:19:14,101,Cancelled
12514,28-07-2015,16:27:02,103,Success
12515,28-07-2015,16:27:27,106,Cancelled
12516,28-07-2015,16:36:07,109,Failed
12517,28-07-2015,17:00:50,106,Cancelled
12518,28-07-2015,17:09:26,106,Success
12519,28-07-2015,17:10:43,103,Cancelled
12520,28-07-2015,17:12:50,104,Cancelled
12521,28-07-2015,17:22:31,105,Cancelled
12522,28-07-2015,17:30:50,109,Cancelled
12523,28-07-2015,17:39:46,106,Cancelled
12524,28-07-2015,17:46:23,104,Cancelled
12525,28-07-2015,17:48:20,106,Failed
12526,28-07-2015,17:56:29,107,Delivered
12527,28-07-2015,18:04:56,101,Failed
12528,28-07-2015,18:06:31,104,Success
12529,28-07-2015,18:09:54,102,Failed
12530,28-07-2015,18:11:45,107,Success
12531,28-07-2015,18:14:04,105,Failed
12532,28-07-2015,18:15:43,107,Failed
12533,28-07-2015,18:19:52,104,Failed
12534,28-07-2015,18:25:32,103,Failed
12535,28-07-2015,18:27:34,109,Cancelled
12536,28-07-2015,18:30:12,109,Delivered
12537,28-07-2015,18:34:34,101,Failed
12538,28-07-2015,18:50:09,110,Delivered
12539,28-07-2015,19:05:11,109,Cancelled
12540,28-07-2015,19:07:45,105,Failed
12541,28-07-2015,19:09:15,106,Success
12542,28-07-2015,19:23:41,101,Delivered
12543,28-07-2015,19:25:46,107,Failed
12544,28-07-2015,20:08:34,108,Delivered
12545,28-07-2015,20:11:57,106,Delivered
12546,28-07-2015,20:28:59,106,Success
12547,29-07-2015,12:03:36,105,Success
12548,29-07-2015,12:22:49,108,Failed
12549,29-07-2015,12:43:32,102,Delivered
12550,29-07-2015,12:48:15,110,Success
12551,29-07-2015,13:02:02,102,Delivered
12552,29-07-2015,13:05:18,108,Failed
12553,29-07-2015,13:05:31,104,Delivered
12554,29-07-2015,13:05:53,102,Success
12555,29-07-2015,13:16:00,109,Success
12556,29-07-2015,13:20:09,108,Success
12557,29-07-2015,13:32:25,101,Failed
12558,29-07-2015,13:39:31,110,Cancelled
12559,29-07-2015,13:55:48,106,Failed
12560,29-07-2015,14:23:04,109,Delivered
12561,29-07-2015,14:28:31,101,Failed
12562,29-07-2015,14:45:03,105,Success
12563,29-07-2015,14:52:52,110,Cancelled
12564,29-07-2015,14:56:51,108,Delivered
12565,29-07-2015,15:04:22,106,Delivered
12566,29-07-2015,15:17:09,105,Success
12567,29-07-2015,15:24:09,106,Cancelled
12568,29-07-2015,15:45:08,103,Failed
12569,29-07-2015,16:22:20,104,Failed
12570,29-07-2015,16:25:23,105,Delivered
12571,29-07-2015,16:30:36,104,Success
12572,29-07-2015,16:34:31,103,Failed
12573,29-07-2015,16:55:41,105,Delivered
12574,29-07-2015,17:10:14,101,Delivered
12575,29-07-2015,17:20:51,107,Delivered
12576,29-07-2015,17:26:39,104,Success
12577,29-07-2015,17:38:36,101,Failed
12578,29-07-2015,17:40:16,102,Failed
12579,29-07-2015,18:02:30,102,Success
12580,29-07-2015,18:04:05,109,Success
12581,29-07-2015,18:19:04,107,Delivered
12582,29-07-2015,18:35:45,102,Success
12583,29-07-2015,18:36:49,102,Cancelled
12584,29-07-2015,18:39:53,109,Cancelled
12585,29-07-2015,18:54:52,106,Cancelled
12586,29-07-2015,18:55:57,105,Delivered
12587,29-07-2015,19:02:52,109,Delivered
12588,29-07-2015,19:09:09,104,Cancelled
12589,29-07-2015,19:54:50,105,Cancelled
12590,29-07-2015,20:19:29,104,Failed
12591,29-07-2015,20:24:00,106,Cancelled
12592,29-07-2015,20:30:07,104,Failed
12593,29-07-2015,20:38:24,108,Failed
12594,29-07-2015,21:20:44,108,Success
12595,29-07-2015,21:20:47,109,Delivered
12596,30-07-2015,11:16:26,107,Success
12597,30-07-2015,11:27:05,109,Cancelled
12598,30-07-2015,11:27:36,103,Delivered
12599,30-07-2015,11:44:24,102,Delivered
12600,30-07-2015,11:49:23,109,Failed
12601,30-07-2015,11:50:57,103,Success
12602,30-07-2015,11:59:42,109,Cancelled
12603,30-07-2015,12:11:31,105,Cancelled
12604,30-07-2015,12:21:21,104,Cancelled
12605,30-07-2015,12:26:58,105,Delivered
12606,30-07-2015,12:35:01,107,Delivered
12607,30-07-2015,12:40:15,106,Success
12608,30-07-2015,12:53:11,104,Success
12609,30-07-2015,12:55:37,103,Success
12610,30-07-2015,13:00:17,103,Delivered
12611,30-07-2015,13:03:59,101,Delivered
12612,30-07-2015,13:08:48,104,Cancelled
12613,30-07-2015,13:10:05,107,Cancelled
12614,30-07-2015,13:12:42,105,Success
12615,30-07-2015,13:14:07,110,Failed
12616,30-07-2015,13:27:05,102,Success
12617,30-07-2015,13:33:32,110,Cancelled
12618,30-07-2015,13:41:47,109,Delivered
12619,30-07-2015,13:43:11,102,Delivered
12620,30-07-2015,13:54:14,103,Cancelled
12621,30-07-2015,14:03:39,107,Cancelled
12622,30-07-2015,14:04:35,106,Delivered
12623,30-07-2015,14:11:46,110,Failed
12624,30-07-2015,14:17:44,104,Failed
12625,30-07-2015,14:19:14,103,Success
12626,30-07-2015,14:28:23,103,Failed
12627,30-07-2015,15:03:56,106,Cancelled
12628,30-07-2015,15:26:27,104,Success
12629,30-07-2015,16:03:25,110,Failed
12630,30-07-2015,16:09:37,101,Cancelled
12631,30-07-2015,16:19:11,101,Failed
12632,30-07-2015,16:27:52,105,Success
12633,30-07-2015,16:30:24,106,Success
12634,30-07-2015,16:42:33,109,Delivered
12635,30-07-2015,16:53:12,107,Cancelled
12636,30-07-2015,17:01:17,101,Delivered
12637,30-07-2015,17:11:27,103,Cancelled
12638,30-07-2015,17:17:06,102,Delivered
12639,30-07-2015,17:18:44,107,Failed
12640,30-07-2015,17:20:15,107,Failed
12641,30-07-2015,17:28:39,107,Failed
12642,30-07-2015,17:58:40,105,Failed
12643,30-07-2015,18:00:36,109,Failed
12644,30-07-2015,18:09:28,108,Success
12645,30-07-2015,18:15:08,101,Delivered
12646,30-07-2015,18:23:25,101,Success
12647,30-07-2015,18:25:34,107,Success
12648,30-07-2015,18:38:35,104,Delivered
12649,30-07-2015,18:42:22,102,Failed
12650,30-07-2015,18:58:28,110,Success
12651,30-07-2015,19:12:02,104,Failed
12652,30-07-2015,19:25:45,106,Delivered
12653,30-07-2015,20:26:10,104,Cancelled
12654,30-07-2015,20:34:02,108,Cancelled
12655,30-07-2015,20:52:06,110,Success
12656,30-07-2015,20:56:14,104,Failed
12657,30-07-2015,21:22:08,101,Cancelled
12658,30-07-2015,21:41:15,101,Cancelled
12659,30-07-2015,22:10:58,108,Cancelled
12660,30-07-2015,22:14:12,109,Success
12661,30-07-2015,22:16:54,107,Failed
12662,30-07-2015,22:34:09,102,Delivered
12663,31-07-2015,11:25:05,106,Delivered
12664,31-07-2015,11:35:08,107,Failed
12665,31-07-2015,11:48:19,101,Delivered
12666,31-07-2015,11:57:26,109,Failed
12667,31-07-2015,12:24:22,103,Delivered
12668,31-07-2015,12:38:07,110,Failed
12669,31-07-2015,12:38:41,108,Cancelled
12670,31-07-2015,12:53:21,108,Failed
12671,31-07-2015,13:04:47,103,Cancelled
12672,31-07-2015,13:05:53,105,Success
12673,31-07-2015,13:09:43,109,Success
12674,31-07-2015,13:12:53,101,Delivered
12675,31-07-2015,13:14:11,110,Success
12676,31-07-2015,13:14:57,109,Delivered
12677,31-07-2015,13:25:29,107,Failed
12678,31-07-2015,13:32:15,104,Failed
12679,31-07-2015,13:38:38,105,Success
12680,31-07-2015,13:50:34,103,Failed
12681,31-07-2015,13:52:36,110,Delivered
12682,31-07-2015,14:20:35,103,Delivered
12683,31-07-2015,14:37:08,108,Success
12684,31-07-2015,14:44:47,105,Cancelled
12685,31-07-2015,14:50:49,107,Success
12686,31-07-2015,15:37:27,109,Success
12687,31-07-2015,15:40:23,109,Failed
12688,31-07-2015,15:50:04,110,Failed
12689,31-07-2015,15:51:05,110,Failed
12690,31-07-2015,15:55:33,104,Failed
12691,31-07-2015,15:59:05,106,Delivered
12692,31-07-2015,16:12:17,102,Delivered
12693,31-07-2015,16:21:10,107,Delivered
12694,31-07-2015,16:22:54,108,Success
12695,31-07-2015,16:37:19,107,Success
12696,31-07-2015,16:40:27,103,Success
12697,31-07-2015,16:48:12,101,Success
12698,31-07-2015,16:54:49,104,Delivered
12699,31-07-2015,16:57:32,101,Success
12700,31-07-2015,17:33:55,104,Delivered
12701,31-07-2015,17:57:14,102,Failed
12702,31-07-2015,18:03:06,103,Cancelled
12703,31-07-2015,18:06:36,104,Failed
12704,31-07-2015,18:22:24,106,Failed
12705,31-07-2015,18:34:11,108,Cancelled
12706,31-07-2015,18:37:04,102,Failed
12707,31-07-2015,18:44:15,102,Delivered
12708,31-07-2015,18:48:59,110,Failed
12709,31-07-2015,19:01:22,101,Delivered
12710,31-07-2015,19:01:51,101,Delivered
12711,31-07-2015,19:06:59,107,Success
12712,31-07-2015,19:16:22,101,Success
12713,31-07-2015,19:16:31,103,Failed
12714,31-07-2015,19:17:10,103,Delivered
12715,31-07-2015,19:19:31,109,Success
12716,31-07-2015,19:47:28,106,Cancelled
12717,31-07-2015,19:59:23,104,Cancelled
12718,31-07-2015,20:02:10,103,Cancelled
12719,31-07-2015,20:07:28,105,Delivered
12720,31-07-2015,20:14:21,107,Delivered
12721,31-07-2015,20:20:14,101,Cancelled
12722,31-07-2015,20:39:48,105,Failed
12723,31-07-2015,20:41:03,106,Success
12724,31-07-2015,20:48:13,106,Delivered
12725,31-07-2015,21:14:32,103,Cancelled
12726,31-07-2015,21:41:45,109,Cancelled
12727,31-07-2015,22:05:12,109,Delivered
12728,31-07-2015,22:18:45,107,Cancelled
12729,31-07-2015,22:25:10,110,Success
12730,31-07-2015,22:41:33,104,Failed
12731,01-08-2015,11:36:22,110,Success
12732,01-08-2015,11:41:11,105,Delivered
12733,01-08-2015,12:03:15,101,Delivered
12734,01-08-2015,12:46:39,109,Failed
12735,01-08-2015,12:49:24,104,Delivered
12736,01-08-2015,13:02:56,104,Failed
12737,01-08-2015,13:05:27,104,Cancelled
12738,01-08-2015,13:17:59,109,Cancelled
12739,01-08-2015,13:26:33,108,Success
12740,01-08-2015,13:30:00,106,Success
12741,01-08-2015,13:33:30,101,Cancelled
12742,01-08-2015,13:44:10,106,Delivered
12743,01-08-2015,13:45:01,103,Delivered
12744,01-08-2015,13:45:18,104,Failed
12745,01-08-2015,14:23:25,103,Failed
12746,01-08-2015,14:30:06,108,Cancelled
12747,01-08-2015,14:34:34,102,Delivered
12748,01-08-2015,14:49:59,109,Delivered
12749,01-08-2015,14:54:24,101,Delivered
12750,01-08-2015,15:11:54,104,Cancelled
12751,01-08-2015,15:47:17,103,Delivered
12752,01-08-2015,15:49:49,108,Cancelled
12753,01-08-2015,15:54:05,101,Delivered
12754,01-08-2015,15:58:53,106,Delivered
12755,01-08-2015,16:04:46,103,Success
12756,01-08-2015,16:08:33,104,Success
12757,01-08-2015,16:09:09,106,Cancelled
12758,01-08-2015,16:29:45,101,Cancelled
12759,01-08-2015,16:33:32,106,Failed
12760,01-08-2015,16:55:49,104,Cancelled
12761,01-08-2015,16:58:59,101,Success
12762,01-08-2015,17:03:18,110,Delivered
12763,01-08-2015,17:04:42,106,Failed
12764,01-08-2015,17:05:40,107,Delivered
12765,01-08-2015,17:17:45,110,Failed
12766,01-08-2015,17:18:55,105,Failed
12767,01-08-2015,17:39:56,109,Failed
12768,01-08-2015,18:03:27,103,Cancelled
12769,01-08-2015,18:16:21,108,Success
12770,01-08-2015,18:25:07,101,Cancelled
12771,01-08-2015,18:26:37,106,Delivered
12772,01-08-2015,18:28:49,108,Failed
12773,01-08-2015,18:29:22,109,Delivered
12774,01-08-2015,18:30:26,104,Cancelled
12775,01-08-2015,18:37:50,109,Delivered
12776,01-08-2015,18:37:52,104,Delivered
12777,01-08-2015,18:40:35,110,Cancelled
12778,01-08-2015,18:44:48,101,Cancelled
12779,01-08-2015,18:44:50,106,Cancelled
12780,01-08-2015,18:45:22,106,Delivered
12781,01-08-2015,18:48:39,109,Delivered
12782,01-08-2015,19:04:57,110,Success
12783,01-08-2015,19:14:29,105,Success
12784,01-08-2015,19:17:19,110,Failed
12785,01-08-2015,19:25:58,103,Failed
12786,01-08-2015,19:34:28,104,Cancelled
12787,01-08-2015,19:36:21,106,Delivered
12788,01-08-2015,19:58:11,102,Delivered
12789,01-08-2015,20:09:37,105,Delivered
12790,01-08-2015,20:21:04,105,Failed
12791,01-08-2015,20:35:08,106,Delivered
12792,01-08-2015,20:36:41,103,Delivered
12793,01-08-2015,20:47:28,105,Success
12794,01-08-2015,20:48:47,103,Success
12795,01-08-2015,20:50:37,107,Delivered
12796,01-08-2015,20:53:57,110,Delivered
12797,01-08-2015,21:05:18,109,Success
12798,01-08-2015,21:20:33,102,Success
12799,01-08-2015,21:32:30,107,Success
12800,01-08-2015,21:41:09,107,Failed
12801,01-08-2015,22:20:07,107,Failed
12802,01-08-2015,22:23:31,103,Cancelled
12803,01-08-2015,22:29:01,102,Cancelled
12804,01-08-2015,22:48:43,103,Delivered
12805,02-08-2015,12:01:58,104,Cancelled
12806,02-08-2015,12:22:45,101,Failed
12807,02-08-2015,12:44:49,110,Success
12808,02-08-2015,12:47:25,103,Success
12809,02-08-2015,13:20:06,109,Delivered
12810,02-08-2015,13:46:36,106,Cancelled
12811,02-08-2015,13:48:55,109,Success
12812,02-08-2015,13:59:39,101,Cancelled
12813,02-08-2015,14:17:58,105,Success
12814,02-08-2015,14:27:34,102,Delivered
12815,02-08-2015,14:36:24,108,Delivered
12816,02-08-2015,15:18:42,106,Cancelled
12817,02-08-2015,15:21:29,102,Cancelled
12818,02-08-2015,15:29:54,107,Cancelled
12819,02-08-2015,15:48:07,103,Cancelled
12820,02-08-2015,16:13:34,110,Failed
12821,02-08-2015,16:15:40,110,Success
12822,02-08-2015,16:46:54,102,Delivered
12823,02-08-2015,16:48:34,105,Success
12824,02-08-2015,17:13:08,105,Cancelled
12825,02-08-2015,17:16:53,101,Delivered
12826,02-08-2015,17:17:39,110,Failed
12827,02-08-2015,17:19:02,103,Success
12828,02-08-2015,17:20:00,106,Success
12829,02-08-2015,17:21:25,103,Cancelled
12830,02-08-2015,17:33:16,106,Delivered
12831,02-08-2015,17:39:54,109,Failed
12832,02-08-2015,17:47:01,102,Delivered
12833,02-08-2015,17:57:21,106,Success
12834,02-08-2015,18:25:01,107,Delivered
12835,02-08-2015,18:49:24,109,Delivered
12836,02-08-2015,18:57:07,110,Cancelled
12837,02-08-2015,19:51:51,103,Failed
12838,02-08-2015,20:02:54,105,Success
12839,02-08-2015,20:06:07,109,Cancelled
12840,02-08-2015,20:28:56,107,Delivered
12841,02-08-2015,20:34:14,106,Delivered
12842,02-08-2015,20:42:21,104,Failed
12843,02-08-2015,20:52:19,110,Cancelled
12844,02-08-2015,20:58:18,107,Cancelled
12845,02-08-2015,21:04:16,106,Failed
12846,02-08-2015,21:07:36,106,Cancelled
12847,02-08-2015,21:12:50,101,Success
12848,02-08-2015,21:25:33,104,Delivered
12849,02-08-2015,21:30:56,107,Failed
12850,02-08-2015,21:50:16,108,Delivered
12851,02-08-2015,22:00:05,109,Failed
12852,02-08-2015,22:12:31,101,Success
12853,03-08-2015,11:15:58,109,Success
12854,03-08-2015,11:19:57,102,Delivered
12855,03-08-2015,11:30:31,102,Delivered
12856,03-08-2015,11:33:38,109,Success
12857,03-08-2015,11:34:22,109,Failed
12858,03-08-2015,12:04:36,110,Success
12859,03-08-2015,12:11:47,106,Success
12860,03-08-2015,12:14:45,102,Delivered
12861,03-08-2015,12:15:52,103,Cancelled
12862,03-08-2015,12:23:48,105,Delivered
12863,03-08-2015,12:27:46,107,Success
12864,03-08-2015,12:36:19,101,Success
12865,03-08-2015,12:49:26,108,Delivered
12866,03-08-2015,13:01:41,101,Failed
12867,03-08-2015,13:06:10,108,Cancelled
12868,03-08-2015,13:13:44,110,Cancelled
12869,03-08-2015,13:24:12,109,Failed
12870,03-08-2015,13:29:15,110,Delivered
12871,03-08-2015,13:33:16,102,Delivered
12872,03-08-2015,13:51:49,104,Success
12873,03-08-2015,13:54:30,107,Success
12874,03-08-2015,13:56:07,107,Success
12875,03-08-2015,14:03:38,106,Success
12876,03-08-2015,14:04:26,102,Cancelled
12877,03-08-2015,14:24:54,105,Cancelled
12878,03-08-2015,14:26:56,106,Delivered
12879,03-08-2015,14:32:07,104,Delivered
12880,03-08-2015,14:34:57,101,Success
12881,03-08-2015,14:36:51,107,Cancelled
12882,03-08-2015,14:40:01,102,Delivered
12883,03-08-2015,15:20:15,104,Delivered
12884,03-08-2015,15:23:21,101,Delivered
12885,03-08-2015,16:27:07,110,Failed
12886,03-08-2015,16:33:23,101,Delivered
12887,03-08-2015,16:57:46,103,Cancelled
12888,03-08-2015,17:11:04,107,Cancelled
12889,03-08-2015,17:17:13,107,Cancelled
12890,03-08-2015,17:56:34,108,Success
12891,03-08-2015,18:10:31,107,Failed
12892,03-08-2015,18:32:23,109,Cancelled
12893,03-08-2015,18:39:14,110,Delivered
12894,03-08-2015,18:47:16,107,Delivered
12895,03-08-2015,19:03:15,105,Cancelled
12896,03-08-2015,19:04:25,104,Cancelled
12897,03-08-2015,19:04:35,110,Failed
12898,03-08-2015,19:15:22,101,Delivered
12899,03-08-2015,19:36:22,110,Delivered
12900,03-08-2015,19:41:33,102,Failed
12901,03-08-2015,19:42:25,109,Success
12902,03-08-2015,20:05:21,108,Success
12903,03-08-2015,20:10:47,107,Cancelled
12904,03-08-2015,20:20:49,102,Cancelled
12905,03-08-2015,20:29:23,107,Failed
12906,03-08-2015,20:35:07,103,Delivered
12907,03-08-2015,21:11:13,105,Success
12908,03-08-2015,21:27:13,108,Success
12909,03-08-2015,21:28:19,105,Failed
12910,03-08-2015,21:55:54,105,Failed
12911,04-08-2015,11:26:07,110,Delivered
12912,04-08-2015,11:48:45,102,Delivered
12913,04-08-2015,11:49:28,109,Success
12914,04-08-2015,11:49:48,106,Cancelled
12915,04-08-2015,11:51:14,106,Delivered
12916,04-08-2015,11:53:43,101,Cancelled
12917,04-08-2015,12:38:38,105,Failed
12918,04-08-2015,12:42:35,106,Success
12919,04-08-2015,12:49:34,108,Failed
12920,04-08-2015,12:53:58,102,Delivered
12921,04-08-2015,13:00:40,104,Delivered
12922,04-08-2015,13:00:55,108,Delivered
12923,04-08-2015,13:17:21,110,Failed
12924,04-08-2015,13:39:48,102,Delivered
12925,04-08-2015,13:41:11,101,Success
12926,04-08-2015,13:42:39,105,Delivered
12927,04-08-2015,13:45:02,106,Failed
12928,04-08-2015,13:52:32,106,Cancelled
12929,04-08-2015,13:56:28,104,Cancelled
12930,04-08-2015,14:19:50,110,Delivered
12931,04-08-2015,14:53:41,104,Success
12932,04-08-2015,14:55:02,106,Cancelled
12933,04-08-2015,15:04:07,104,Failed
12934,04-08-2015,15:05:39,110,Delivered
12935,04-08-2015,15:15:23,104,Delivered
12936,04-08-2015,16:25:05,109,Cancelled
12937,04-08-2015,16:34:47,110,Cancelled
12938,04-08-2015,16:35:16,103,Cancelled
12939,04-08-2015,16:36:00,105,Delivered
12940,04-08-2015,16:39:01,109,Success
12941,04-08-2015,16:42:16,106,Cancelled
12942,04-08-2015,16:49:41,103,Delivered
12943,04-08-2015,16:50:07,108,Success
12944,04-08-2015,16:59:16,109,Cancelled
12945,04-08-2015,17:14:41,106,Cancelled
12946,04-08-2015,17:27:31,106,Failed
12947,04-08-2015,17:40:25,106,Delivered
12948,04-08-2015,17:43:05,103,Failed
12949,04-08-2015,18:10:25,108,Failed
12950,04-08-2015,18:16:39,105,Failed
12951,04-08-2015,18:20:59,106,Cancelled
12952,04-08-2015,18:25:33,101,Success
12953,04-08-2015,18:34:54,101,Success
12954,04-08-2015,18:36:57,108,Success
12955,04-08-2015,18:38:33,101,Cancelled
12956,04-08-2015,19:26:33,108,Delivered
12957,04-08-2015,19:31:45,105,Cancelled
12958,04-08-2015,19:40:57,108,Delivered
12959,04-08-2015,19:43:43,105,Cancelled
12960,04-08-2015,19:44:26,110,Cancelled
12961,04-08-2015,20:09:17,106,Success
12962,04-08-2015,20:55:04,109,Failed
12963,04-08-2015,21:03:20,103,Success
12964,04-08-2015,21:14:08,109,Cancelled
12965,04-08-2015,21:22:24,107,Success
12966,04-08-2015,21:56:35,103,Failed
12967,04-08-2015,22:14:50,103,Failed
12968,04-08-2015,22:29:15,104,Delivered
12969,05-08-2015,11:24:56,106,Cancelled
12970,05-08-2015,11:37:22,101,Failed
12971,05-08-2015,11:41:55,110,Success
12972,05-08-2015,11:43:20,102,Delivered
12973,05-08-2015,11:44:39,102,Success
12974,05-08-2015,11:51:17,106,Success
12975,05-08-2015,11:52:27,109,Success
12976,05-08-2015,11:55:07,104,Delivered
12977,05-08-2015,11:57:32,109,Success
12978,05-08-2015,12:26:46,104,Failed
12979,05-08-2015,12:30:42,101,Delivered
12980,05-08-2015,12:39:42,108,Failed
12981,05-08-2015,12:40:21,110,Cancelled
12982,05-08-2015,12:49:02,102,Delivered
12983,05-08-2015,12:54:22,106,Delivered
12984,05-08-2015,13:06:32,108,Delivered
12985,05-08-2015,13:08:43,103,Failed
12986,05-08-2015,13:14:50,110,Failed
12987,05-08-2015,13:26:46,101,Success
12988,05-08-2015,13:45:58,105,Cancelled
12989,05-08-2015,13:50:07,102,Success
12990,05-08-2015,14:35:57,104,Success
12991,05-08-2015,14:48:49,110,Delivered
12992,05-08-2015,14:51:51,102,Delivered
12993,05-08-2015,14:53:02,105,Success
12994,05-08-2015,15:00:32,102,Cancelled
12995,05-08-2015,15:08:52,101,Failed
12996,05-08-2015,15:19:24,102,Failed
12997,05-08-2015,15:39:14,106,Success
12998,05-08-2015,15:50:11,102,Failed
12999,05-08-2015,15:56:56,106,Cancelled
13000,05-08-2015,16:31:11,106,Cancelled
13001,05-08-2015,16:58:30,101,Failed
13002,05-08-2015,17:03:25,104,Delivered
13003,05-08-2015,17:20:12,110,Delivered
13004,05-08-2015,17:22:17,107,Cancelled
13005,05-08-2015,17:35:16,107,Failed
13006,05-08-2015,17:44:43,108,Success
13007,05-08-2015,17:51:59,105,Success
13008,05-08-2015,17:54:22,103,Success
13009,05-08-2015,18:00:16,102,Delivered
13010,05-08-2015,18:06:43,105,Cancelled
13011,05-08-2015,18:07:15,110,Failed
13012,05-08-2015,18:13:55,109,Delivered
13013,05-08-2015,18:27:10,109,Failed
13014,05-08-2015,18:38:00,105,Failed
13015,05-08-2015,18:40:23,107,Success
13016,05-08-2015,18:41:32,105,Cancelled
13017,05-08-2015,18:52:05,104,Failed
13018,05-08-2015,19:00:33,103,Cancelled
13019,05-08-2015,19:25:05,109,Cancelled
13020,05-08-2015,19:25:39,105,Delivered
13021,05-08-2015,19:33:34,110,Failed
13022,05-08-2015,19:57:33,107,Delivered
13023,05-08-2015,20:11:12,103,Delivered
13024,05-08-2015,20:19:36,101,Failed
13025,05-08-2015,20:49:23,101,Delivered
13026,05-08-2015,20:53:44,107,Success
13027,05-08-2015,21:47:37,109,Cancelled
13028,05-08-2015,22:24:09,105,Success
13029,06-08-2015,11:32:47,103,Cancelled
13030,06-08-2015,11:39:44,107,Delivered
13031,06-08-2015,11:48:07,110,Cancelled
13032,06-08-2015,11:53:16,105,Cancelled
13033,06-08-2015,11:59:09,103,Success
13034,06-08-2015,12:01:11,108,Failed
13035,06-08-2015,12:03:55,107,Success
13036,06-08-2015,12:05:51,108,Cancelled
13037,06-08-2015,12:10:30,110,Cancelled
13038,06-08-2015,12:15:51,109,Failed
13039,06-08-2015,12:28:08,102,Failed
13040,06-08-2015,12:35:01,102,Cancelled
13041,06-08-2015,12:41:47,106,Cancelled
13042,06-08-2015,12:43:59,108,Delivered
13043,06-08-2015,12:59:47,103,Delivered
13044,06-08-2015,13:10:31,109,Cancelled
13045,06-08-2015,13:11:15,106,Failed
13046,06-08-2015,13:17:45,105,Success
13047,06-08-2015,13:20:49,107,Success
13048,06-08-2015,13:22:31,109,Cancelled
13049,06-08-2015,13:27:50,104,Success
13050,06-08-2015,13:33:17,108,Delivered
13051,06-08-2015,13:49:29,103,Delivered
13052,06-08-2015,14:03:15,106,Cancelled
13053,06-08-2015,14:06:41,107,Success
13054,06-08-2015,14:07:20,108,Failed
13055,06-08-2015,14:12:17,103,Success
13056,06-08-2015,14:13:17,108,Cancelled
13057,06-08-2015,14:52:04,108,Success
13058,06-08-2015,14:54:55,110,Success
13059,06-08-2015,15:13:18,102,Delivered
13060,06-08-2015,15:35:15,104,Delivered
13061,06-08-2015,15:46:01,109,Cancelled
13062,06-08-2015,16:19:41,104,Cancelled
13063,06-08-2015,16:19:55,104,Cancelled
13064,06-08-2015,16:26:59,105,Success
13065,06-08-2015,16:45:15,110,Delivered
13066,06-08-2015,16:52:15,108,Delivered
13067,06-08-2015,17:16:23,110,Failed
13068,06-08-2015,17:19:02,103,Failed
13069,06-08-2015,17:33:53,101,Failed
13070,06-08-2015,17:35:09,102,Failed
13071,06-08-2015,17:44:40,102,Delivered
13072,06-08-2015,17:46:29,102,Success
13073,06-08-2015,17:47:05,108,Failed
13074,06-08-2015,17:52:43,101,Success
13075,06-08-2015,17:54:15,109,Delivered
13076,06-08-2015,18:08:45,105,Success
13077,06-08-2015,18:10:59,105,Success
13078,06-08-2015,18:31:39,109,Cancelled
13079,06-08-2015,18:42:26,105,Delivered
13080,06-08-2015,18:42:45,108,Failed
13081,06-08-2015,18:57:18,105,Delivered
13082,06-08-2015,19:02:31,101,Delivered
13083,06-08-2015,19:07:01,106,Delivered
13084,06-08-2015,19:18:14,103,Cancelled
13085,06-08-2015,19:19:36,107,Delivered
13086,06-08-2015,19:59:15,105,Delivered
13087,06-08-2015,20:43:16,108,Failed
13088,06-08-2015,20:59:13,110,Cancelled
13089,06-08-2015,21:26:38,102,Success
13090,07-08-2015,11:21:44,110,Failed
13091,07-08-2015,11:25:56,104,Delivered
13092,07-08-2015,11:31:35,101,Failed
13093,07-08-2015,11:50:17,106,Success
13094,07-08-2015,11:57:20,110,Success
13095,07-08-2015,12:12:13,102,Cancelled
13096,07-08-2015,12:24:05,101,Success
13097,07-08-2015,12:31:36,107,Cancelled
13098,07-08-2015,12:33:03,102,Success
13099,07-08-2015,12:50:43,101,Delivered
13100,07-08-2015,12:53:47,110,Failed
13101,07-08-2015,12:55:36,110,Failed
13102,07-08-2015,12:56:53,107,Cancelled
13103,07-08-2015,13:04:13,104,Delivered
13104,07-08-2015,13:22:22,107,Success
13105,07-08-2015,13:24:26,110,Cancelled
13106,07-08-2015,13:29:19,107,Failed
13107,07-08-2015,13:33:40,108,Cancelled
13108,07-08-2015,14:09:10,105,Delivered
13109,07-08-2015,14:34:33,109,Cancelled
13110,07-08-2015,14:39:40,103,Failed
13111,07-08-2015,14:43:27,104,Delivered
13112,07-08-2015,14:53:42,101,Cancelled
13113,07-08-2015,15:19:52,108,Success
13114,07-08-2015,15:21:56,101,Success
13115,07-08-2015,15:23:54,101,Cancelled
13116,07-08-2015,15:27:17,106,Delivered
13117,07-08-2015,15:46:34,109,Success
13118,07-08-2015,17:13:21,105,Failed
13119,07-08-2015,17:24:27,102,Delivered
13120,07-08-2015,17:35:12,105,Success
13121,07-08-2015,17:41:08,108,Success
13122,07-08-2015,17:56:39,108,Success
13123,07-08-2015,18:15:45,101,Success
13124,07-08-2015,18:19:36,107,Success
13125,07-08-2015,18:20:59,108,Failed
13126,07-08-2015,18:39:27,105,Cancelled
13127,07-08-2015,18:42:24,108,Success
13128,07-08-2015,18:58:09,109,Delivered
13129,07-08-2015,18:58:19,105,Delivered
13130,07-08-2015,18:59:58,101,Delivered
13131,07-08-2015,19:03:39,109,Failed
13132,07-08-2015,19:06:36,110,Cancelled
13133,07-08-2015,19:12:39,104,Delivered
13134,07-08-2015,19:39:03,103,Cancelled
13135,07-08-2015,19:49:28,108,Delivered
13136,07-08-2015,19:49:29,110,Success
13137,07-08-2015,19:54:59,104,Failed
13138,07-08-2015,19:58:50,104,Success
13139,07-08-2015,20:00:17,105,Cancelled
13140,07-08-2015,20:05:09,108,Failed
13141,07-08-2015,20:26:16,104,Delivered
13142,07-08-2015,20:55:08,104,Success
13143,07-08-2015,21:01:27,104,Delivered
13144,07-08-2015,21:17:54,110,Cancelled
13145,07-08-2015,21:22:06,108,Success
13146,07-08-2015,21:27:01,107,Delivered
13147,07-08-2015,21:34:29,110,Success
13148,07-08-2015,21:53:15,107,Cancelled
13149,07-08-2015,21:54:14,101,Success
13150,07-08-2015,22:11:05,106,Failed
13151,07-08-2015,22:20:35,107,Delivered
13152,07-08-2015,22:21:34,109,Cancelled
13153,07-08-2015,22:23:54,101,Cancelled
13154,07-08-2015,22:56:16,106,Success
13155,08-08-2015,12:31:51,107,Failed
13156,08-08-2015,12:34:12,109,Cancelled
13157,08-08-2015,12:59:01,102,Success
13158,08-08-2015,13:13:06,106,Delivered
13159,08-08-2015,13:31:00,110,Delivered
13160,08-08-2015,13:52:11,104,Success
13161,08-08-2015,14:05:52,103,Failed
13162,08-08-2015,14:11:17,107,Failed
13163,08-08-2015,14:44:07,110,Delivered
13164,08-08-2015,14:56:46,102,Delivered
13165,08-08-2015,15:26:20,103,Delivered
13166,08-08-2015,15:34:35,102,Success
13167,08-08-2015,15:53:58,105,Cancelled
13168,08-08-2015,15:59:26,109,Delivered
13169,08-08-2015,16:03:22,104,Delivered
13170,08-08-2015,16:12:47,101,Failed
13171,08-08-2015,16:20:23,105,Cancelled
13172,08-08-2015,16:28:47,102,Failed
13173,08-08-2015,16:31:04,110,Delivered
13174,08-08-2015,16:31:59,101,Success
13175,08-08-2015,16:32:51,109,Delivered
13176,08-08-2015,16:36:23,109,Failed
13177,08-08-2015,16:50:52,101,Failed
13178,08-08-2015,16:56:47,107,Delivered
13179,08-08-2015,17:06:41,107,Delivered
13180,08-08-2015,17:09:17,103,Failed
13181,08-08-2015,17:16:41,101,Cancelled
13182,08-08-2015,17:23:13,109,Failed
13183,08-08-2015,17:42:19,102,Failed
13184,08-08-2015,17:54:12,106,Cancelled
13185,08-08-2015,17:55:42,106,Delivered
13186,08-08-2015,18:00:06,106,Cancelled
13187,08-08-2015,18:01:08,108,Failed
13188,08-08-2015,18:07:29,108,Success
13189,08-08-2015,18:16:09,101,Delivered
13190,08-08-2015,18:19:27,103,Failed
13191,08-08-2015,18:22:38,106,Failed
13192,08-08-2015,18:24:32,105,Success
13193,08-08-2015,18:41:37,104,Failed
13194,08-08-2015,18:47:05,109,Cancelled
13195,08-08-2015,18:50:52,101,Success
13196,08-08-2015,18:57:09,105,Delivered
13197,08-08-2015,19:18:48,102,Success
13198,08-08-2015,19:29:59,104,Delivered
13199,08-08-2015,19:40:25,102,Success
13200,08-08-2015,19:43:09,109,Success
13201,08-08-2015,19:46:14,101,Success
13202,08-08-2015,19:46:16,108,Delivered
13203,08-08-2015,19:53:52,102,Failed
13204,08-08-2015,19:55:18,107,Success
13205,08-08-2015,20:11:37,107,Delivered
13206,08-08-2015,20:13:38,104,Cancelled
13207,08-08-2015,20:21:05,106,Failed
13208,08-08-2015,20:45:11,110,Failed
13209,08-08-2015,20:54:37,105,Cancelled
13210,08-08-2015,21:07:30,110,Success
13211,08-08-2015,21:11:16,101,Cancelled
13212,08-08-2015,21:22:11,108,Delivered
13213,08-08-2015,21:24:20,102,Failed
13214,08-08-2015,21:30:47,101,Delivered
13215,08-08-2015,21:31:59,102,Failed
13216,08-08-2015,21:37:48,103,Cancelled
13217,08-08-2015,21:38:38,101,Cancelled
13218,08-08-2015,22:02:03,103,Failed
13219,08-08-2015,22:02:27,110,Delivered
13220,08-08-2015,22:09:31,104,Failed
13221,08-08-2015,22:19:02,110,Cancelled
13222,08-08-2015,22:29:57,107,Delivered
13223,08-08-2015,22:33:36,110,Success
13224,09-08-2015,11:54:21,102,Failed
13225,09-08-2015,12:05:33,107,Success
13226,09-08-2015,12:22:14,101,Failed
13227,09-08-2015,12:46:34,102,Delivered
13228,09-08-2015,12:53:09,101,Failed
13229,09-08-2015,13:05:52,107,Failed
13230,09-08-2015,13:14:54,102,Cancelled
13231,09-08-2015,13:33:00,110,Success
13232,09-08-2015,13:43:22,108,Delivered
13233,09-08-2015,13:53:57,102,Failed
13234,09-08-2015,14:09:08,104,Success
13235,09-08-2015,14:12:12,107,Cancelled
13236,09-08-2015,14:25:05,101,Delivered
13237,09-08-2015,14:37:21,101,Cancelled
13238,09-08-2015,14:43:14,109,Success
13239,09-08-2015,14:46:34,101,Success
13240,09-08-2015,15:05:17,103,Cancelled
13241,09-08-2015,15:13:32,110,Delivered
13242,09-08-2015,15:31:14,102,Cancelled
13243,09-08-2015,15:42:48,105,Delivered
13244,09-08-2015,16:18:19,108,Success
13245,09-08-2015,16:20:13,107,Delivered
13246,09-08-2015,16:22:07,108,Success
13247,09-08-2015,16:24:31,109,Failed
13248,09-08-2015,16:29:46,104,Delivered
13249,09-08-2015,16:34:53,109,Success
13250,09-08-2015,16:44:50,101,Delivered
13251,09-08-2015,16:51:30,101,Failed
13252,09-08-2015,17:04:33,105,Failed
13253,09-08-2015,17:42:08,105,Cancelled
13254,09-08-2015,17:49:48,106,Success
13255,09-08-2015,17:50:37,102,Delivered
13256,09-08-2015,17:56:31,107,Delivered
13257,09-08-2015,18:00:14,106,Delivered
13258,09-08-2015,18:01:17,110,Delivered
13259,09-08-2015,18:13:52,105,Failed
13260,09-08-2015,18:14:33,109,Failed
13261,09-08-2015,18:31:36,108,Failed
13262,09-08-2015,19:07:28,108,Failed
13263,09-08-2015,19:08:09,107,Delivered
13264,09-08-2015,19:11:01,106,Failed
13265,09-08-2015,19:31:39,109,Success
13266,09-08-2015,19:33:00,103,Success
13267,09-08-2015,20:10:12,105,Delivered
13268,09-08-2015,20:28:41,108,Failed
13269,09-08-2015,20:50:21,101,Success
13270,09-08-2015,20:59:43,109,Failed
13271,09-08-2015,21:00:22,102,Delivered
13272,09-08-2015,21:16:58,104,Cancelled
13273,09-08-2015,21:28:04,102,Delivered
13274,09-08-2015,21:35:15,105,Cancelled
13275,09-08-2015,21:36:20,103,Failed
13276,09-08-2015,21:36:49,104,Delivered
13277,09-08-2015,21:38:57,105,Delivered
13278,09-08-2015,22:39:26,110,Success
13279,10-08-2015,11:25:35,102,Delivered
13280,10-08-2015,11:28:32,107,Delivered
13281,10-08-2015,11:29:08,104,Success
13282,10-08-2015,11:33:34,103,Delivered
13283,10-08-2015,11:35:11,106,Failed
13284,10-08-2015,11:52:49,105,Cancelled
13285,10-08-2015,11:53:34,107,Delivered
13286,10-08-2015,12:05:04,105,Delivered
13287,10-08-2015,12:08:30,102,Success
13288,10-08-2015,12:19:21,109,Delivered
13289,10-08-2015,12:33:26,102,Success
13290,10-08-2015,12:36:58,110,Delivered
13291,10-08-2015,12:48:27,104,Cancelled
13292,10-08-2015,12:52:07,103,Delivered
13293,10-08-2015,13:20:02,106,Delivered
13294,10-08-2015,13:21:44,106,Cancelled
13295,10-08-2015,13:24:03,107,Cancelled
13296,10-08-2015,13:31:21,109,Delivered
13297,10-08-2015,13:56:12,107,Cancelled
13298,10-08-2015,14:12:46,104,Success
13299,10-08-2015,14:22:59,103,Failed
13300,10-08-2015,14:49:06,102,Cancelled
13301,10-08-2015,15:30:15,108,Failed
13302,10-08-2015,15:59:31,105,Cancelled
13303,10-08-2015,16:06:43,110,Cancelled
13304,10-08-2015,16:08:00,109,Cancelled
13305,10-08-2015,16:11:26,106,Delivered
13306,10-08-2015,16:16:00,107,Success
13307,10-08-2015,16:20:01,108,Failed
13308,10-08-2015,16:37:17,103,Cancelled
13309,10-08-2015,16:55:24,110,Cancelled
13310,10-08-2015,16:59:12,104,Failed
13311,10-08-2015,16:59:41,106,Success
13312,10-08-2015,17:29:26,106,Success
13313,10-08-2015,17:30:02,104,Delivered
13314,10-08-2015,17:37:14,101,Failed
13315,10-08-2015,18:02:55,106,Delivered
13316,10-08-2015,18:03:16,105,Success
13317,10-08-2015,18:10:38,109,Failed
13318,10-08-2015,18:16:52,109,Success
13319,10-08-2015,18:30:33,101,Failed
13320,10-08-2015,18:34:06,109,Cancelled
13321,10-08-2015,18:35:54,110,Success
13322,10-08-2015,18:48:44,105,Delivered
13323,10-08-2015,18:54:26,107,Delivered
13324,10-08-2015,18:56:46,108,Delivered
13325,10-08-2015,19:13:13,104,Cancelled
13326,10-08-2015,19:41:10,109,Delivered
13327,10-08-2015,20:00:28,108,Delivered
13328,10-08-2015,20:44:29,103,Failed
13329,10-08-2015,20:47:07,102,Failed
13330,10-08-2015,21:18:14,107,Delivered
13331,10-08-2015,21:32:21,110,Cancelled
13332,10-08-2015,21:39:18,102,Delivered
13333,10-08-2015,21:43:55,106,Cancelled
13334,10-08-2015,22:02:50,105,Cancelled
13335,10-08-2015,22:14:56,103,Delivered
13336,10-08-2015,22:34:16,110,Failed
13337,10-08-2015,22:41:51,102,Cancelled
13338,11-08-2015,11:40:47,102,Success
13339,11-08-2015,11:40:49,103,Cancelled
13340,11-08-2015,11:42:31,106,Delivered
13341,11-08-2015,11:51:24,107,Failed
13342,11-08-2015,11:58:44,104,Failed
13343,11-08-2015,12:05:15,110,Delivered
13344,11-08-2015,12:05:51,101,Delivered
13345,11-08-2015,12:27:55,104,Delivered
13346,11-08-2015,12:30:43,104,Failed
13347,11-08-2015,12:35:00,104,Success
13348,11-08-2015,12:43:06,110,Delivered
13349,11-08-2015,12:43:25,102,Delivered
13350,11-08-2015,12:51:26,106,Success
13351,11-08-2015,13:16:20,109,Success
13352,11-08-2015,13:19:07,106,Delivered
13353,11-08-2015,13:23:31,101,Cancelled
13354,11-08-2015,13:24:03,103,Cancelled
13355,11-08-2015,13:26:10,109,Delivered
13356,11-08-2015,13:33:11,110,Failed
13357,11-08-2015,13:38:16,101,Success
13358,11-08-2015,13:38:52,107,Success
13359,11-08-2015,13:44:18,101,Failed
13360,11-08-2015,14:03:56,102,Failed
13361,11-08-2015,14:27:42,106,Delivered
13362,11-08-2015,14:33:09,110,Cancelled
13363,11-08-2015,14:34:28,104,Failed
13364,11-08-2015,15:00:41,104,Success
13365,11-08-2015,15:16:37,106,Cancelled
13366,11-08-2015,15:24:00,107,Cancelled
13367,11-08-2015,15:27:29,109,Success
13368,11-08-2015,15:51:45,109,Delivered
13369,11-08-2015,16:07:05,104,Cancelled
13370,11-08-2015,16:15:47,105,Delivered
13371,11-08-2015,16:28:52,104,Failed
13372,11-08-2015,16:43:22,101,Failed
13373,11-08-2015,17:05:29,102,Cancelled
13374,11-08-2015,17:27:01,107,Failed
13375,11-08-2015,17:39:07,106,Success
13376,11-08-2015,18:34:02,105,Success
13377,11-08-2015,18:35:05,104,Success
13378,11-08-2015,18:44:27,109,Delivered
13379,11-08-2015,18:44:57,103,Cancelled
13380,11-08-2015,18:45:29,106,Delivered
13381,11-08-2015,18:46:03,106,Success
13382,11-08-2015,19:15:28,105,Success
13383,11-08-2015,19:18:12,103,Cancelled
13384,11-08-2015,19:31:18,104,Success
13385,11-08-2015,19:49:41,102,Cancelled
13386,11-08-2015,19:50:40,101,Delivered
13387,11-08-2015,20:02:14,104,Cancelled
13388,11-08-2015,20:04:00,107,Delivered
13389,11-08-2015,20:08:28,102,Success
13390,11-08-2015,20:10:02,110,Failed
13391,11-08-2015,20:27:12,102,Delivered
13392,11-08-2015,20:28:28,110,Success
13393,11-08-2015,20:41:08,110,Failed
13394,11-08-2015,21:07:14,107,Delivered
13395,11-08-2015,21:16:47,101,Cancelled
13396,11-08-2015,21:23:27,101,Cancelled
13397,11-08-2015,21:24:42,105,Delivered
13398,11-08-2015,21:39:40,106,Delivered
13399,11-08-2015,21:53:18,106,Delivered
13400,11-08-2015,22:28:52,103,Delivered
13401,11-08-2015,22:30:07,110,Failed
13402,12-08-2015,11:44:20,110,Delivered
13403,12-08-2015,11:50:03,101,Cancelled
13404,12-08-2015,11:50:33,102,Cancelled
13405,12-08-2015,11:53:49,109,Failed
13406,12-08-2015,12:16:31,104,Delivered
13407,12-08-2015,12:31:16,102,Cancelled
13408,12-08-2015,12:42:45,110,Failed
13409,12-08-2015,12:44:51,101,Cancelled
13410,12-08-2015,12:57:25,108,Failed
13411,12-08-2015,13:01:02,110,Delivered
13412,12-08-2015,13:03:00,106,Success
13413,12-08-2015,13:12:10,104,Failed
13414,12-08-2015,13:19:12,110,Success
13415,12-08-2015,13:33:59,108,Failed
13416,12-08-2015,13:52:14,109,Delivered
13417,12-08-2015,13:57:07,104,Delivered
13418,12-08-2015,14:31:43,103,Success
13419,12-08-2015,14:49:26,109,Success
13420,12-08-2015,14:50:44,102,Delivered
13421,12-08-2015,14:58:35,104,Delivered
13422,12-08-2015,15:03:11,102,Cancelled
13423,12-08-2015,15:05:21,104,Cancelled
13424,12-08-2015,15:42:50,101,Success
13425,12-08-2015,15:47:32,107,Cancelled
13426,12-08-2015,15:54:33,102,Cancelled
13427,12-08-2015,16:14:02,104,Delivered
13428,12-08-2015,16:17:33,102,Failed
13429,12-08-2015,16:25:44,104,Cancelled
13430,12-08-2015,16:29:18,106,Cancelled
13431,12-08-2015,16:40:17,103,Failed
13432,12-08-2015,16:46:28,108,Success
13433,12-08-2015,16:47:02,105,Failed
13434,12-08-2015,16:51:35,103,Success
13435,12-08-2015,17:12:49,110,Cancelled
13436,12-08-2015,17:38:39,105,Failed
13437,12-08-2015,17:42:21,107,Cancelled
13438,12-08-2015,17:46:00,108,Cancelled
13439,12-08-2015,17:55:52,105,Cancelled
13440,12-08-2015,18:03:58,108,Cancelled
13441,12-08-2015,18:14:06,110,Success
13442,12-08-2015,18:21:28,108,Delivered
13443,12-08-2015,18:23:01,102,Failed
13444,12-08-2015,18:31:54,110,Delivered
13445,12-08-2015,18:39:22,102,Delivered
13446,12-08-2015,18:58:08,103,Cancelled
13447,12-08-2015,19:05:37,106,Cancelled
13448,12-08-2015,19:23:42,105,Failed
13449,12-08-2015,19:28:28,109,Success
13450,12-08-2015,19:30:37,102,Failed
13451,12-08-2015,19:53:30,101,Failed
13452,12-08-2015,19:56:00,103,Failed
13453,12-08-2015,20:25:43,108,Failed
13454,12-08-2015,21:33:56,101,Delivered
13455,12-08-2015,21:54:46,107,Cancelled
13456,13-08-2015,11:27:04,108,Cancelled
13457,13-08-2015,11:30:51,102,Success
13458,13-08-2015,11:42:19,106,Cancelled
13459,13-08-2015,11:53:07,110,Cancelled
13460,13-08-2015,11:56:57,105,Success
13461,13-08-2015,12:14:32,109,Failed
13462,13-08-2015,12:20:17,105,Delivered
13463,13-08-2015,12:21:47,105,Failed
13464,13-08-2015,12:24:26,104,Cancelled
13465,13-08-2015,12:29:39,109,Delivered
13466,13-08-2015,12:36:45,103,Cancelled
13467,13-08-2015,12:49:36,107,Failed
13468,13-08-2015,12:50:51,105,Cancelled
13469,13-08-2015,12:56:37,102,Cancelled
13470,13-08-2015,12:57:28,109,Cancelled
13471,13-08-2015,13:11:08,109,Success
13472,13-08-2015,13:18:52,106,Failed
13473,13-08-2015,13:23:13,103,Failed
13474,13-08-2015,13:26:13,110,Success
13475,13-08-2015,13:27:35,110,Cancelled
13476,13-08-2015,13:49:07,101,Cancelled
13477,13-08-2015,13:50:49,102,Success
13478,13-08-2015,13:55:49,110,Cancelled
13479,13-08-2015,13:57:16,101,Success
13480,13-08-2015,14:04:02,109,Success
13481,13-08-2015,14:07:56,102,Cancelled
13482,13-08-2015,14:49:37,104,Delivered
13483,13-08-2015,15:18:05,109,Success
13484,13-08-2015,15:27:58,101,Failed
13485,13-08-2015,15:33:35,108,Success
13486,13-08-2015,15:37:03,110,Failed
13487,13-08-2015,15:38:02,109,Cancelled
13488,13-08-2015,15:40:48,105,Cancelled
13489,13-08-2015,16:42:25,107,Delivered
13490,13-08-2015,16:48:05,102,Failed
13491,13-08-2015,16:48:16,105,Delivered
13492,13-08-2015,16:54:30,105,Cancelled
13493,13-08-2015,16:57:40,102,Failed
13494,13-08-2015,16:59:22,105,Delivered
13495,13-08-2015,17:36:10,102,Success
13496,13-08-2015,18:04:12,101,Success
13497,13-08-2015,18:22:06,106,Delivered
13498,13-08-2015,18:23:48,106,Failed
13499,13-08-2015,18:51:27,108,Cancelled
13500,13-08-2015,18:59:21,110,Success
13501,13-08-2015,19:08:49,109,Cancelled
13502,13-08-2015,19:25:28,108,Cancelled
13503,13-08-2015,19:26:15,101,Success
13504,13-08-2015,19:31:48,108,Cancelled
13505,13-08-2015,19:43:24,105,Delivered
13506,13-08-2015,20:11:03,106,Success
13507,13-08-2015,20:31:13,109,Success
13508,13-08-2015,21:13:51,104,Delivered
13509,13-08-2015,22:09:40,110,Delivered
13510,13-08-2015,22:21:27,109,Cancelled
13511,14-08-2015,11:24:35,107,Delivered
13512,14-08-2015,11:54:25,105,Delivered
13513,14-08-2015,11:59:21,109,Success
13514,14-08-2015,11:59:44,101,Failed
13515,14-08-2015,12:02:45,102,Delivered
13516,14-08-2015,12:06:16,106,Cancelled
13517,14-08-2015,12:18:37,106,Delivered
13518,14-08-2015,12:19:26,104,Failed
13519,14-08-2015,12:24:56,105,Failed
13520,14-08-2015,12:28:15,102,Failed
13521,14-08-2015,12:32:45,103,Success
13522,14-08-2015,12:35:19,101,Cancelled
13523,14-08-2015,12:54:17,105,Delivered
13524,14-08-2015,13:00:31,106,Cancelled
13525,14-08-2015,13:02:27,109,Failed
13526,14-08-2015,13:03:22,102,Cancelled
13527,14-08-2015,13:03:55,104,Failed
13528,14-08-2015,13:04:54,107,Failed
13529,14-08-2015,13:05:05,108,Success
13530,14-08-2015,13:05:06,101,Delivered
13531,14-08-2015,13:06:32,107,Success
13532,14-08-2015,13:09:35,104,Delivered
13533,14-08-2015,13:12:33,101,Delivered
13534,14-08-2015,13:17:45,105,Success
13535,14-08-2015,13:26:44,107,Failed
13536,14-08-2015,13:35:49,103,Success
13537,14-08-2015,13:43:36,101,Delivered
13538,14-08-2015,13:53:29,103,Delivered
13539,14-08-2015,13:56:18,107,Cancelled
13540,14-08-2015,14:02:52,104,Success
13541,14-08-2015,14:09:22,104,Success
13542,14-08-2015,14:15:18,106,Cancelled
13543,14-08-2015,14:16:52,103,Delivered
13544,14-08-2015,14:18:12,108,Failed
13545,14-08-2015,14:50:15,110,Failed
13546,14-08-2015,14:56:56,109,Failed
13547,14-08-2015,15:01:41,105,Success
13548,14-08-2015,15:06:16,110,Success
13549,14-08-2015,15:10:34,107,Success
13550,14-08-2015,15:25:38,109,Cancelled
13551,14-08-2015,15:56:18,106,Success
13552,14-08-2015,15:59:27,104,Delivered
13553,14-08-2015,15:59:35,103,Cancelled
13554,14-08-2015,16:48:44,110,Cancelled
13555,14-08-2015,16:49:03,104,Cancelled
13556,14-08-2015,16:49:52,110,Delivered
13557,14-08-2015,16:55:24,102,Failed
13558,14-08-2015,17:04:46,103,Success
13559,14-08-2015,17:20:53,106,Delivered
13560,14-08-2015,17:31:54,109,Cancelled
13561,14-08-2015,17:47:31,107,Cancelled
13562,14-08-2015,17:50:58,105,Cancelled
13563,14-08-2015,17:51:14,110,Cancelled
13564,14-08-2015,17:55:09,104,Cancelled
13565,14-08-2015,17:58:55,102,Delivered
13566,14-08-2015,18:05:58,107,Cancelled
13567,14-08-2015,18:12:38,106,Success
13568,14-08-2015,18:18:30,109,Success
13569,14-08-2015,18:24:34,104,Cancelled
13570,14-08-2015,19:02:08,110,Failed
13571,14-08-2015,19:03:53,103,Cancelled
13572,14-08-2015,19:08:46,104,Failed
13573,14-08-2015,19:13:01,105,Cancelled
13574,14-08-2015,19:18:56,109,Delivered
13575,14-08-2015,19:20:26,101,Cancelled
13576,14-08-2015,19:22:24,106,Success
13577,14-08-2015,19:25:55,108,Failed
13578,14-08-2015,19:49:54,105,Delivered
13579,14-08-2015,20:12:16,108,Success
13580,14-08-2015,20:16:03,106,Success
13581,14-08-2015,20:17:37,108,Delivered
13582,14-08-2015,20:27:35,102,Delivered
13583,14-08-2015,20:48:36,107,Failed
13584,14-08-2015,21:00:49,108,Delivered
13585,14-08-2015,21:01:59,110,Delivered
13586,14-08-2015,21:04:07,110,Failed
13587,14-08-2015,21:51:01,110,Failed
13588,14-08-2015,22:18:40,103,Delivered
13589,14-08-2015,22:19:05,108,Failed
13590,14-08-2015,22:59:14,105,Success
13591,14-08-2015,23:02:05,108,Delivered
13592,15-08-2015,11:30:03,102,Success
13593,15-08-2015,11:53:03,107,Success
13594,15-08-2015,12:17:24,107,Delivered
13595,15-08-2015,12:25:25,106,Delivered
13596,15-08-2015,12:37:05,109,Cancelled
13597,15-08-2015,12:42:57,104,Success
13598,15-08-2015,13:25:50,110,Delivered
13599,15-08-2015,13:28:37,106,Failed
13600,15-08-2015,13:52:08,103,Cancelled
13601,15-08-2015,14:25:41,106,Success
13602,15-08-2015,14:31:02,104,Cancelled
13603,15-08-2015,14:41:19,103,Delivered
13604,15-08-2015,14:55:37,106,Cancelled
13605,15-08-2015,15:01:37,108,Failed
13606,15-08-2015,15:02:34,108,Delivered
13607,15-08-2015,15:05:19,103,Success
13608,15-08-2015,15:39:15,106,Failed
13609,15-08-2015,15:42:19,102,Delivered
13610,15-08-2015,15:44:41,102,Failed
13611,15-08-2015,16:01:10,103,Failed
13612,15-08-2015,16:02:25,105,Failed
13613,15-08-2015,16:06:52,101,Success
13614,15-08-2015,16:10:56,110,Delivered
13615,15-08-2015,16:17:52,104,Cancelled
13616,15-08-2015,16:38:02,110,Failed
13617,15-08-2015,16:42:37,108,Success
13618,15-08-2015,16:57:54,102,Delivered
13619,15-08-2015,17:06:05,102,Success
13620,15-08-2015,17:15:43,104,Success
13621,15-08-2015,17:21:41,104,Delivered
13622,15-08-2015,17:23:21,103,Cancelled
13623,15-08-2015,17:25:17,108,Cancelled
13624,15-08-2015,17:46:04,103,Cancelled
13625,15-08-2015,17:51:57,102,Failed
13626,15-08-2015,17:58:16,102,Success
13627,15-08-2015,18:19:08,108,Success
13628,15-08-2015,18:20:10,109,Cancelled
13629,15-08-2015,18:27:26,103,Cancelled
13630,15-08-2015,18:31:00,102,Cancelled
13631,15-08-2015,18:36:52,107,Success
13632,15-08-2015,18:44:43,102,Cancelled
13633,15-08-2015,18:51:15,101,Failed
13634,15-08-2015,18:52:40,106,Cancelled
13635,15-08-2015,19:13:22,108,Cancelled
13636,15-08-2015,19:19:33,102,Cancelled
13637,15-08-2015,19:30:28,104,Delivered
13638,15-08-2015,19:36:18,105,Success
13639,15-08-2015,19:45:49,106,Delivered
13640,15-08-2015,19:48:33,108,Failed
13641,15-08-2015,19:50:20,101,Delivered
13642,15-08-2015,19:53:53,109,Success
13643,15-08-2015,19:56:24,103,Failed
13644,15-08-2015,20:02:23,107,Failed
13645,15-08-2015,20:07:22,107,Failed
13646,15-08-2015,20:18:48,106,Delivered
13647,15-08-2015,20:24:20,103,Cancelled
13648,15-08-2015,20:32:00,106,Success
13649,15-08-2015,20:39:40,107,Success
13650,15-08-2015,20:44:31,104,Cancelled
13651,15-08-2015,20:48:30,102,Delivered
13652,15-08-2015,20:49:27,102,Success
13653,15-08-2015,21:05:15,106,Delivered
13654,15-08-2015,21:07:57,105,Delivered
13655,15-08-2015,21:19:23,109,Failed
13656,15-08-2015,21:24:19,107,Cancelled
13657,15-08-2015,21:26:16,101,Failed
13658,15-08-2015,21:29:50,104,Success
13659,15-08-2015,22:03:53,103,Delivered
13660,15-08-2015,22:13:32,107,Failed
13661,15-08-2015,22:17:46,110,Cancelled
13662,15-08-2015,22:51:59,103,Delivered
13663,15-08-2015,22:56:18,107,Success
13664,16-08-2015,11:32:56,110,Success
13665,16-08-2015,11:45:38,104,Success
13666,16-08-2015,11:53:56,101,Cancelled
13667,16-08-2015,11:58:56,105,Success
13668,16-08-2015,12:07:17,104,Cancelled
13669,16-08-2015,12:15:46,105,Cancelled
13670,16-08-2015,12:30:37,105,Failed
13671,16-08-2015,12:35:59,102,Delivered
13672,16-08-2015,13:03:49,104,Cancelled
13673,16-08-2015,13:18:36,107,Success
13674,16-08-2015,13:19:42,102,Success
13675,16-08-2015,13:48:07,107,Failed
13676,16-08-2015,15:05:41,106,Cancelled
13677,16-08-2015,15:09:04,103,Success
13678,16-08-2015,15:28:13,101,Delivered
13679,16-08-2015,16:20:00,104,Failed
13680,16-08-2015,16:21:24,106,Delivered
13681,16-08-2015,16:42:32,104,Cancelled
13682,16-08-2015,16:44:33,106,Cancelled
13683,16-08-2015,17:01:13,110,Cancelled
13684,16-08-2015,17:04:04,106,Delivered
13685,16-08-2015,17:04:54,102,Cancelled
13686,16-08-2015,17:06:44,103,Failed
13687,16-08-2015,17:11:47,106,Success
13688,16-08-2015,17:14:48,104,Delivered
13689,16-08-2015,17:25:49,106,Cancelled
13690,16-08-2015,17:29:25,102,Cancelled
13691,16-08-2015,17:35:05,109,Cancelled
13692,16-08-2015,18:20:59,104,Delivered
13693,16-08-2015,18:21:47,101,Success
13694,16-08-2015,18:22:51,102,Failed
13695,16-08-2015,18:26:06,105,Success
13696,16-08-2015,18:28:26,103,Cancelled
13697,16-08-2015,18:39:57,101,Delivered
13698,16-08-2015,18:46:14,102,Delivered
13699,16-08-2015,18:49:03,102,Delivered
13700,16-08-2015,19:00:10,101,Success
13701,16-08-2015,19:21:48,103,Delivered
13702,16-08-2015,19:22:59,108,Success
13703,16-08-2015,19:32:36,104,Cancelled
13704,16-08-2015,19:35:16,102,Failed
13705,16-08-2015,19:40:16,108,Failed
13706,16-08-2015,19:42:48,101,Failed
13707,16-08-2015,19:47:22,106,Delivered
13708,16-08-2015,20:08:39,105,Cancelled
13709,16-08-2015,20:19:06,108,Success
13710,16-08-2015,20:24:01,108,Success
13711,16-08-2015,20:31:13,109,Cancelled
13712,16-08-2015,20:38:31,108,Success
13713,16-08-2015,21:15:36,106,Cancelled
13714,17-08-2015,11:29:04,106,Failed
13715,17-08-2015,11:39:45,110,Success
13716,17-08-2015,11:52:01,104,Success
13717,17-08-2015,11:54:01,105,Delivered
13718,17-08-2015,11:59:16,107,Delivered
13719,17-08-2015,11:59:45,106,Cancelled
13720,17-08-2015,12:08:55,102,Delivered
13721,17-08-2015,12:17:15,110,Success
13722,17-08-2015,12:23:39,105,Success
13723,17-08-2015,12:30:03,105,Delivered
13724,17-08-2015,12:33:58,105,Failed
13725,17-08-2015,12:50:43,108,Cancelled
13726,17-08-2015,12:57:15,104,Cancelled
13727,17-08-2015,13:05:28,102,Success
13728,17-08-2015,13:13:23,105,Cancelled
13729,17-08-2015,13:23:25,110,Failed
13730,17-08-2015,13:26:56,109,Cancelled
13731,17-08-2015,13:29:22,108,Failed
13732,17-08-2015,13:35:37,106,Cancelled
13733,17-08-2015,13:48:00,103,Cancelled
13734,17-08-2015,14:35:17,104,Success
13735,17-08-2015,14:42:38,110,Failed
13736,17-08-2015,14:47:54,108,Failed
13737,17-08-2015,14:57:53,109,Cancelled
13738,17-08-2015,15:01:18,104,Success
13739,17-08-2015,15:15:35,104,Cancelled
13740,17-08-2015,15:27:03,105,Success
13741,17-08-2015,15:40:46,105,Success
13742,17-08-2015,15:47:06,102,Success
13743,17-08-2015,15:53:46,108,Delivered
13744,17-08-2015,16:17:47,105,Success
13745,17-08-2015,16:41:05,104,Failed
13746,17-08-2015,16:44:16,103,Delivered
13747,17-08-2015,16:58:07,107,Success
13748,17-08-2015,17:01:24,103,Success
13749,17-08-2015,17:17:11,108,Failed
13750,17-08-2015,17:18:55,108,Failed
13751,17-08-2015,17:22:13,107,Delivered
13752,17-08-2015,17:26:03,110,Cancelled
13753,17-08-2015,17:26:40,101,Cancelled
13754,17-08-2015,17:43:12,107,Failed
13755,17-08-2015,17:46:23,105,Delivered
13756,17-08-2015,17:50:36,107,Delivered
13757,17-08-2015,18:15:16,107,Failed
13758,17-08-2015,18:42:19,110,Success
13759,17-08-2015,18:49:37,106,Success
13760,17-08-2015,18:56:50,104,Cancelled
13761,17-08-2015,18:59:57,109,Cancelled
13762,17-08-2015,19:13:34,110,Cancelled
13763,17-08-2015,19:17:32,108,Delivered
13764,17-08-2015,19:17:40,101,Success
13765,17-08-2015,19:20:47,108,Cancelled
13766,17-08-2015,19:22:01,109,Delivered
13767,17-08-2015,19:34:11,108,Success
13768,17-08-2015,19:56:20,103,Failed
13769,17-08-2015,20:18:15,109,Cancelled
13770,17-08-2015,20:27:15,105,Delivered
13771,17-08-2015,20:55:48,105,Cancelled
13772,17-08-2015,21:00:22,107,Cancelled
13773,17-08-2015,21:03:19,102,Cancelled
13774,17-08-2015,21:48:32,108,Delivered
13775,17-08-2015,22:41:17,109,Cancelled
13776,18-08-2015,11:30:00,102,Success
13777,18-08-2015,11:32:01,110,Failed
13778,18-08-2015,11:32:53,107,Failed
13779,18-08-2015,11:36:47,101,Cancelled
13780,18-08-2015,11:38:50,110,Delivered
13781,18-08-2015,11:50:31,106,Success
13782,18-08-2015,11:54:27,110,Failed
13783,18-08-2015,12:15:53,102,Failed
13784,18-08-2015,12:21:27,105,Success
13785,18-08-2015,12:27:40,101,Cancelled
13786,18-08-2015,12:39:34,106,Delivered
13787,18-08-2015,12:56:29,103,Failed
13788,18-08-2015,12:58:33,110,Delivered
13789,18-08-2015,13:02:05,106,Cancelled
13790,18-08-2015,13:22:12,109,Cancelled
13791,18-08-2015,13:26:20,107,Failed
13792,18-08-2015,13:26:35,110,Failed
13793,18-08-2015,13:27:40,103,Failed
13794,18-08-2015,13:34:56,109,Cancelled
13795,18-08-2015,13:57:30,102,Success
13796,18-08-2015,14:11:15,105,Cancelled
13797,18-08-2015,15:04:02,107,Cancelled
13798,18-08-2015,15:07:27,107,Delivered
13799,18-08-2015,15:09:10,102,Success
13800,18-08-2015,15:23:09,105,Cancelled
13801,18-08-2015,15:39:15,105,Success
13802,18-08-2015,15:45:25,103,Failed
13803,18-08-2015,16:45:19,103,Success
13804,18-08-2015,16:51:23,102,Failed
13805,18-08-2015,16:54:26,107,Success
13806,18-08-2015,17:01:32,103,Cancelled
13807,18-08-2015,17:16:14,104,Cancelled
13808,18-08-2015,17:17:51,103,Success
13809,18-08-2015,17:29:01,108,Cancelled
13810,18-08-2015,17:30:41,110,Delivered
13811,18-08-2015,17:43:48,108,Success
13812,18-08-2015,17:53:18,104,Cancelled
13813,18-08-2015,17:59:31,102,Cancelled
13814,18-08-2015,18:00:24,107,Delivered
13815,18-08-2015,18:01:14,110,Delivered
13816,18-08-2015,18:05:38,104,Delivered
13817,18-08-2015,18:05:54,109,Failed
13818,18-08-2015,18:12:53,106,Success
13819,18-08-2015,18:16:20,109,Failed
13820,18-08-2015,18:42:46,109,Cancelled
13821,18-08-2015,19:02:39,104,Failed
13822,18-08-2015,19:17:08,108,Failed
13823,18-08-2015,19:19:36,104,Cancelled
13824,18-08-2015,19:33:00,108,Success
13825,18-08-2015,20:16:09,101,Cancelled
13826,18-08-2015,20:26:56,106,Cancelled
13827,18-08-2015,20:51:53,108,Delivered
13828,18-08-2015,21:06:36,110,Success
13829,18-08-2015,21:40:04,106,Cancelled
13830,18-08-2015,21:42:04,103,Failed
13831,18-08-2015,22:14:48,105,Cancelled
13832,18-08-2015,22:16:14,109,Delivered
13833,19-08-2015,11:24:03,108,Delivered
13834,19-08-2015,11:26:15,106,Success
13835,19-08-2015,11:28:13,102,Success
13836,19-08-2015,11:30:02,106,Cancelled
13837,19-08-2015,11:30:41,105,Failed
13838,19-08-2015,11:44:13,110,Failed
13839,19-08-2015,11:44:18,104,Success
13840,19-08-2015,11:53:23,110,Failed
13841,19-08-2015,12:04:52,101,Delivered
13842,19-08-2015,12:09:56,109,Delivered
13843,19-08-2015,12:15:22,101,Delivered
13844,19-08-2015,12:23:08,104,Failed
13845,19-08-2015,12:31:58,107,Failed
13846,19-08-2015,12:33:18,109,Cancelled
13847,19-08-2015,12:34:46,110,Cancelled
13848,19-08-2015,13:02:00,106,Failed
13849,19-08-2015,13:04:52,104,Failed
13850,19-08-2015,13:19:18,101,Cancelled
13851,19-08-2015,13:36:02,104,Success
13852,19-08-2015,13:38:24,103,Cancelled
13853,19-08-2015,13:59:20,106,Success
13854,19-08-2015,14:01:46,103,Success
13855,19-08-2015,14:20:04,105,Delivered
13856,19-08-2015,14:38:27,103,Failed
13857,19-08-2015,14:39:29,102,Success
13858,19-08-2015,14:45:30,109,Cancelled
13859,19-08-2015,15:21:27,105,Success
13860,19-08-2015,15:23:58,106,Delivered
13861,19-08-2015,15:25:31,107,Delivered
13862,19-08-2015,15:31:34,104,Delivered
13863,19-08-2015,16:00:04,109,Delivered
13864,19-08-2015,16:06:26,101,Delivered
13865,19-08-2015,16:27:13,102,Failed
13866,19-08-2015,16:47:28,104,Cancelled
13867,19-08-2015,16:47:58,109,Failed
13868,19-08-2015,17:38:27,104,Success
13869,19-08-2015,17:47:43,108,Cancelled
13870,19-08-2015,18:03:56,102,Success
13871,19-08-2015,18:14:24,109,Delivered
13872,19-08-2015,18:29:21,104,Success
13873,19-08-2015,18:30:40,104,Cancelled
13874,19-08-2015,18:33:18,101,Delivered
13875,19-08-2015,18:33:25,103,Delivered
13876,19-08-2015,18:45:37,106,Failed
13877,19-08-2015,18:46:16,110,Cancelled
13878,19-08-2015,18:53:00,101,Delivered
13879,19-08-2015,19:36:42,108,Cancelled
13880,19-08-2015,19:46:51,107,Delivered
13881,19-08-2015,20:01:06,106,Delivered
13882,19-08-2015,20:09:57,103,Cancelled
13883,19-08-2015,20:59:49,109,Success
13884,19-08-2015,21:01:58,105,Cancelled
13885,19-08-2015,21:50:40,104,Delivered
13886,19-08-2015,22:01:32,106,Failed
13887,19-08-2015,22:22:01,109,Failed
13888,19-08-2015,22:30:27,110,Delivered
13889,20-08-2015,11:16:53,106,Failed
13890,20-08-2015,11:21:13,102,Delivered
13891,20-08-2015,11:24:03,110,Success
13892,20-08-2015,11:45:35,105,Delivered
13893,20-08-2015,11:46:35,110,Success
13894,20-08-2015,11:51:54,102,Cancelled
13895,20-08-2015,12:12:23,109,Failed
13896,20-08-2015,12:14:15,106,Cancelled
13897,20-08-2015,12:28:33,104,Success
13898,20-08-2015,12:28:47,104,Delivered
13899,20-08-2015,13:24:25,104,Failed
13900,20-08-2015,13:32:59,103,Delivered
13901,20-08-2015,13:40:09,105,Delivered
13902,20-08-2015,13:48:25,101,Delivered
13903,20-08-2015,13:49:47,107,Failed
13904,20-08-2015,13:52:49,107,Delivered
13905,20-08-2015,14:05:11,103,Success
13906,20-08-2015,14:10:54,104,Cancelled
13907,20-08-2015,14:22:18,110,Cancelled
13908,20-08-2015,14:42:09,108,Failed
13909,20-08-2015,14:43:27,107,Success
13910,20-08-2015,15:19:44,107,Success
13911,20-08-2015,15:44:40,103,Success
13912,20-08-2015,16:30:46,104,Delivered
13913,20-08-2015,16:43:19,107,Success
13914,20-08-2015,16:58:13,108,Delivered
13915,20-08-2015,17:01:18,106,Delivered
13916,20-08-2015,17:01:25,108,Cancelled
13917,20-08-2015,17:03:54,105,Failed
13918,20-08-2015,17:19:33,107,Cancelled
13919,20-08-2015,17:26:46,105,Failed
13920,20-08-2015,17:35:38,110,Success
13921,20-08-2015,17:52:01,110,Success
13922,20-08-2015,17:55:09,110,Delivered
13923,20-08-2015,18:03:57,103,Cancelled
13924,20-08-2015,18:04:21,101,Failed
13925,20-08-2015,18:09:32,101,Failed
13926,20-08-2015,18:16:20,109,Failed
13927,20-08-2015,18:17:30,109,Delivered
13928,20-08-2015,18:23:05,103,Failed
13929,20-08-2015,18:25:22,108,Failed
13930,20-08-2015,18:32:51,102,Failed
13931,20-08-2015,18:38:13,110,Success
13932,20-08-2015,19:09:24,110,Delivered
13933,20-08-2015,19:16:50,110,Success
13934,20-08-2015,19:38:57,110,Success
13935,20-08-2015,20:10:12,108,Cancelled
13936,20-08-2015,20:15:45,106,Success
13937,20-08-2015,20:20:44,110,Cancelled
13938,20-08-2015,20:24:33,107,Success
13939,20-08-2015,20:53:57,109,Delivered
13940,20-08-2015,21:02:05,108,Success
13941,20-08-2015,21:12:17,104,Success
13942,20-08-2015,21:16:39,105,Delivered
13943,20-08-2015,22:04:25,103,Cancelled
13944,21-08-2015,11:39:29,103,Cancelled
13945,21-08-2015,11:52:32,106,Failed
13946,21-08-2015,12:14:34,102,Delivered
13947,21-08-2015,12:17:25,109,Delivered
13948,21-08-2015,12:18:36,106,Success
13949,21-08-2015,12:33:11,108,Cancelled
13950,21-08-2015,12:38:37,102,Failed
13951,21-08-2015,12:45:33,101,Cancelled
13952,21-08-2015,12:46:16,103,Success
13953,21-08-2015,12:48:30,110,Cancelled
13954,21-08-2015,12:52:20,110,Failed
13955,21-08-2015,12:56:28,108,Cancelled
13956,21-08-2015,12:59:06,101,Delivered
13957,21-08-2015,12:59:35,107,Cancelled
13958,21-08-2015,13:05:17,105,Success
13959,21-08-2015,13:11:58,106,Cancelled
13960,21-08-2015,13:12:50,103,Cancelled
13961,21-08-2015,13:35:47,108,Success
13962,21-08-2015,13:46:51,107,Failed
13963,21-08-2015,14:36:41,104,Success
13964,21-08-2015,15:05:23,103,Success
13965,21-08-2015,15:44:46,110,Cancelled
13966,21-08-2015,16:10:21,101,Cancelled
13967,21-08-2015,16:40:33,101,Cancelled
13968,21-08-2015,16:46:52,104,Failed
13969,21-08-2015,16:55:04,102,Cancelled
13970,21-08-2015,16:56:14,109,Cancelled
13971,21-08-2015,17:00:16,107,Failed
13972,21-08-2015,17:12:07,109,Delivered
13973,21-08-2015,17:26:15,107,Failed
13974,21-08-2015,17:32:45,110,Failed
13975,21-08-2015,17:42:56,101,Failed
13976,21-08-2015,17:45:28,101,Cancelled
13977,21-08-2015,17:49:53,110,Delivered
13978,21-08-2015,17:56:22,101,Delivered
13979,21-08-2015,18:00:02,109,Success
13980,21-08-2015,18:05:35,102,Success
13981,21-08-2015,18:06:55,105,Failed
13982,21-08-2015,18:15:56,107,Delivered
13983,21-08-2015,18:17:23,108,Cancelled
13984,21-08-2015,18:18:00,103,Delivered
13985,21-08-2015,18:18:24,103,Cancelled
13986,21-08-2015,18:18:47,105,Cancelled
13987,21-08-2015,18:27:24,106,Delivered
13988,21-08-2015,18:44:25,102,Failed
13989,21-08-2015,19:00:54,108,Delivered
13990,21-08-2015,19:03:25,103,Success
13991,21-08-2015,19:07:27,103,Failed
13992,21-08-2015,19:20:58,104,Cancelled
13993,21-08-2015,19:22:22,105,Success
13994,21-08-2015,19:25:14,108,Cancelled
13995,21-08-2015,19:33:33,103,Cancelled
13996,21-08-2015,19:36:09,102,Success
13997,21-08-2015,19:48:16,109,Failed
13998,21-08-2015,19:58:38,105,Failed
13999,21-08-2015,20:01:59,110,Failed
14000,21-08-2015,20:16:41,106,Cancelled
14001,21-08-2015,20:20:58,108,Failed
14002,21-08-2015,20:25:29,107,Cancelled
14003,21-08-2015,20:33:58,109,Cancelled
14004,21-08-2015,20:35:51,101,Delivered
14005,21-08-2015,20:44:48,108,Failed
14006,21-08-2015,20:50:57,107,Success
14007,21-08-2015,21:01:50,108,Delivered
14008,21-08-2015,21:06:07,107,Success
14009,21-08-2015,21:13:44,103,Delivered
14010,21-08-2015,22:26:27,103,Cancelled
14011,21-08-2015,22:41:47,106,Delivered
14012,21-08-2015,23:05:16,103,Cancelled
14013,22-08-2015,11:46:44,110,Cancelled
14014,22-08-2015,11:57:26,110,Success
14015,22-08-2015,12:16:47,106,Delivered
14016,22-08-2015,12:17:30,103,Failed
14017,22-08-2015,12:37:39,103,Cancelled
14018,22-08-2015,12:47:19,102,Failed
14019,22-08-2015,12:54:38,102,Failed
14020,22-08-2015,13:28:37,107,Failed
14021,22-08-2015,13:54:47,106,Failed
14022,22-08-2015,13:58:37,103,Success
14023,22-08-2015,14:00:44,106,Failed
14024,22-08-2015,14:22:48,103,Cancelled
14025,22-08-2015,14:27:43,102,Delivered
14026,22-08-2015,14:33:38,103,Success
14027,22-08-2015,14:40:56,104,Delivered
14028,22-08-2015,14:58:17,104,Success
14029,22-08-2015,15:41:35,106,Success
14030,22-08-2015,15:45:33,105,Success
14031,22-08-2015,16:26:05,103,Delivered
14032,22-08-2015,16:38:15,102,Failed
14033,22-08-2015,16:41:56,101,Success
14034,22-08-2015,16:52:06,108,Success
14035,22-08-2015,16:56:29,109,Success
14036,22-08-2015,16:57:57,106,Success
14037,22-08-2015,17:11:56,102,Cancelled
14038,22-08-2015,17:30:25,109,Failed
14039,22-08-2015,17:37:27,110,Cancelled
14040,22-08-2015,17:45:42,107,Success
14041,22-08-2015,17:53:59,105,Success
14042,22-08-2015,18:08:31,106,Delivered
14043,22-08-2015,18:09:50,110,Delivered
14044,22-08-2015,18:16:24,102,Cancelled
14045,22-08-2015,18:20:28,102,Delivered
14046,22-08-2015,18:28:30,107,Delivered
14047,22-08-2015,18:34:45,108,Success
14048,22-08-2015,18:40:17,105,Cancelled
14049,22-08-2015,18:40:35,102,Failed
14050,22-08-2015,18:44:25,105,Cancelled
14051,22-08-2015,18:57:51,103,Success
14052,22-08-2015,19:00:45,108,Success
14053,22-08-2015,19:02:12,109,Cancelled
14054,22-08-2015,19:11:10,104,Delivered
14055,22-08-2015,19:14:13,104,Success
14056,22-08-2015,19:14:53,102,Cancelled
14057,22-08-2015,19:18:14,109,Failed
14058,22-08-2015,19:30:54,104,Success
14059,22-08-2015,19:42:33,102,Failed
14060,22-08-2015,19:42:38,105,Success
14061,22-08-2015,19:55:33,107,Failed
14062,22-08-2015,20:47:09,106,Cancelled
14063,22-08-2015,20:59:32,110,Failed
14064,22-08-2015,21:03:05,101,Delivered
14065,22-08-2015,21:10:07,104,Cancelled
14066,22-08-2015,21:11:53,109,Success
14067,22-08-2015,21:30:08,105,Success
14068,22-08-2015,21:34:53,104,Failed
14069,22-08-2015,21:47:47,105,Failed
14070,22-08-2015,22:15:58,109,Cancelled
14071,22-08-2015,22:18:40,105,Cancelled
14072,22-08-2015,22:20:04,109,Cancelled
14073,23-08-2015,11:38:00,109,Delivered
14074,23-08-2015,11:59:56,106,Cancelled
14075,23-08-2015,12:02:53,110,Delivered
14076,23-08-2015,12:19:05,103,Success
14077,23-08-2015,12:20:14,110,Cancelled
14078,23-08-2015,12:25:05,102,Delivered
14079,23-08-2015,12:27:52,106,Success
14080,23-08-2015,12:39:57,101,Delivered
14081,23-08-2015,12:52:55,105,Success
14082,23-08-2015,12:54:55,103,Cancelled
14083,23-08-2015,13:07:07,104,Delivered
14084,23-08-2015,13:08:05,104,Cancelled
14085,23-08-2015,13:43:35,107,Delivered
14086,23-08-2015,14:32:50,110,Delivered
14087,23-08-2015,14:36:01,102,Cancelled
14088,23-08-2015,14:43:52,101,Success
14089,23-08-2015,14:45:56,102,Success
14090,23-08-2015,15:10:48,105,Success
14091,23-08-2015,15:33:50,107,Failed
14092,23-08-2015,15:48:02,104,Cancelled
14093,23-08-2015,16:01:19,104,Cancelled
14094,23-08-2015,16:20:40,101,Success
14095,23-08-2015,16:26:49,110,Delivered
14096,23-08-2015,16:29:22,106,Success
14097,23-08-2015,16:34:31,107,Success
14098,23-08-2015,16:52:52,101,Cancelled
14099,23-08-2015,17:11:01,106,Delivered
14100,23-08-2015,17:30:20,110,Success
14101,23-08-2015,18:07:07,110,Delivered
14102,23-08-2015,18:22:22,105,Delivered
14103,23-08-2015,18:30:05,105,Success
14104,23-08-2015,18:50:39,105,Delivered
14105,23-08-2015,18:51:42,109,Delivered
14106,23-08-2015,19:00:46,102,Failed
14107,23-08-2015,19:01:22,103,Failed
14108,23-08-2015,19:10:56,108,Failed
14109,23-08-2015,19:19:03,106,Cancelled
14110,23-08-2015,19:25:17,108,Failed
14111,23-08-2015,19:37:27,107,Cancelled
14112,23-08-2015,19:44:48,107,Delivered
14113,23-08-2015,20:04:55,110,Success
14114,23-08-2015,20:23:56,101,Cancelled
14115,23-08-2015,20:28:56,101,Delivered
14116,23-08-2015,20:58:08,108,Delivered
14117,23-08-2015,20:58:36,105,Delivered
14118,23-08-2015,21:19:59,110,Cancelled
14119,23-08-2015,21:54:17,101,Success
14120,23-08-2015,22:16:40,106,Failed
14121,24-08-2015,11:39:11,106,Success
14122,24-08-2015,11:45:31,110,Cancelled
14123,24-08-2015,12:01:37,110,Failed
14124,24-08-2015,12:08:59,103,Success
14125,24-08-2015,12:20:13,101,Success
14126,24-08-2015,13:05:25,110,Success
14127,24-08-2015,13:06:46,109,Failed
14128,24-08-2015,13:11:41,108,Delivered
14129,24-08-2015,13:13:02,107,Success
14130,24-08-2015,13:25:45,109,Failed
14131,24-08-2015,13:28:41,109,Delivered
14132,24-08-2015,13:32:04,104,Cancelled
14133,24-08-2015,13:38:06,103,Delivered
14134,24-08-2015,13:48:24,107,Failed
14135,24-08-2015,14:22:15,102,Cancelled
14136,24-08-2015,14:48:26,108,Success
14137,24-08-2015,14:54:02,102,Delivered
14138,24-08-2015,14:54:40,104,Delivered
14139,24-08-2015,14:59:51,101,Delivered
14140,24-08-2015,15:08:35,108,Cancelled
14141,24-08-2015,15:14:57,102,Failed
14142,24-08-2015,15:16:18,109,Success
14143,24-08-2015,15:19:10,110,Failed
14144,24-08-2015,15:25:46,107,Delivered
14145,24-08-2015,15:39:46,103,Cancelled
14146,24-08-2015,15:49:55,107,Failed
14147,24-08-2015,16:20:58,105,Success
14148,24-08-2015,16:27:27,104,Cancelled
14149,24-08-2015,16:27:50,102,Success
14150,24-08-2015,16:31:54,109,Failed
14151,24-08-2015,16:43:23,108,Cancelled
14152,24-08-2015,16:44:07,101,Success
14153,24-08-2015,16:44:31,105,Success
14154,24-08-2015,16:46:47,106,Cancelled
14155,24-08-2015,16:50:36,105,Cancelled
14156,24-08-2015,17:02:24,102,Success
14157,24-08-2015,17:11:57,106,Success
14158,24-08-2015,17:14:31,105,Failed
14159,24-08-2015,17:19:02,107,Delivered
14160,24-08-2015,17:29:54,106,Cancelled
14161,24-08-2015,18:02:15,108,Cancelled
14162,24-08-2015,18:26:50,104,Delivered
14163,24-08-2015,18:54:11,110,Failed
14164,24-08-2015,18:57:31,102,Delivered
14165,24-08-2015,18:59:08,103,Failed
14166,24-08-2015,19:52:41,109,Failed
14167,24-08-2015,20:07:29,107,Delivered
14168,24-08-2015,20:17:19,106,Cancelled
14169,24-08-2015,20:28:22,104,Failed
14170,24-08-2015,20:50:48,109,Success
14171,24-08-2015,20:51:27,108,Cancelled
14172,24-08-2015,21:01:52,106,Cancelled
14173,24-08-2015,21:37:36,105,Cancelled
14174,24-08-2015,21:40:46,106,Cancelled
14175,25-08-2015,11:46:31,103,Success
14176,25-08-2015,11:47:56,103,Failed
14177,25-08-2015,12:07:20,102,Success
14178,25-08-2015,12:08:43,106,Failed
14179,25-08-2015,12:16:51,108,Failed
14180,25-08-2015,12:17:51,108,Delivered
14181,25-08-2015,12:19:59,104,Cancelled
14182,25-08-2015,12:34:50,103,Cancelled
14183,25-08-2015,12:36:20,108,Failed
14184,25-08-2015,12:53:57,106,Delivered
14185,25-08-2015,13:00:20,108,Cancelled
14186,25-08-2015,13:00:32,106,Success
14187,25-08-2015,13:04:12,101,Cancelled
14188,25-08-2015,13:32:27,109,Delivered
14189,25-08-2015,13:53:31,102,Failed
14190,25-08-2015,14:07:15,107,Success
14191,25-08-2015,14:10:21,109,Delivered
14192,25-08-2015,14:19:27,108,Failed
14193,25-08-2015,15:02:09,109,Delivered
14194,25-08-2015,15:16:48,107,Cancelled
14195,25-08-2015,16:11:37,102,Failed
14196,25-08-2015,16:43:53,103,Failed
14197,25-08-2015,16:45:19,106,Failed
14198,25-08-2015,16:55:27,101,Cancelled
14199,25-08-2015,16:56:27,107,Failed
14200,25-08-2015,16:58:46,107,Success
14201,25-08-2015,17:01:45,110,Cancelled
14202,25-08-2015,17:07:50,107,Delivered
14203,25-08-2015,17:24:32,102,Cancelled
14204,25-08-2015,17:26:55,110,Success
14205,25-08-2015,17:29:08,104,Cancelled
14206,25-08-2015,17:45:00,103,Failed
14207,25-08-2015,18:00:08,101,Failed
14208,25-08-2015,18:03:04,106,Success
14209,25-08-2015,18:27:59,109,Success
14210,25-08-2015,18:31:25,103,Success
14211,25-08-2015,18:33:13,105,Success
14212,25-08-2015,18:37:23,107,Delivered
14213,25-08-2015,18:41:33,106,Cancelled
14214,25-08-2015,18:51:04,109,Delivered
14215,25-08-2015,19:23:18,110,Delivered
14216,25-08-2015,19:26:41,109,Failed
14217,25-08-2015,19:29:31,108,Failed
14218,25-08-2015,19:30:54,106,Failed
14219,25-08-2015,19:41:06,107,Success
14220,25-08-2015,19:43:04,103,Cancelled
14221,25-08-2015,19:43:11,107,Cancelled
14222,25-08-2015,20:18:49,102,Delivered
14223,25-08-2015,20:35:19,109,Cancelled
14224,25-08-2015,20:46:58,108,Delivered
14225,25-08-2015,20:56:24,109,Cancelled
14226,25-08-2015,21:43:37,107,Cancelled
14227,25-08-2015,22:17:58,103,Failed
14228,26-08-2015,11:16:51,102,Cancelled
14229,26-08-2015,11:30:16,109,Failed
14230,26-08-2015,11:39:11,107,Cancelled
14231,26-08-2015,11:44:50,105,Success
14232,26-08-2015,12:05:51,101,Success
14233,26-08-2015,12:11:33,106,Delivered
14234,26-08-2015,12:21:29,103,Failed
14235,26-08-2015,12:33:46,107,Cancelled
14236,26-08-2015,12:33:48,107,Cancelled
14237,26-08-2015,12:46:25,102,Failed
14238,26-08-2015,12:51:01,105,Success
14239,26-08-2015,13:12:31,110,Cancelled
14240,26-08-2015,13:15:59,104,Delivered
14241,26-08-2015,13:49:24,101,Failed
14242,26-08-2015,13:59:25,106,Delivered
14243,26-08-2015,14:08:33,108,Failed
14244,26-08-2015,14:38:53,107,Cancelled
14245,26-08-2015,14:48:23,106,Failed
14246,26-08-2015,15:00:40,103,Failed
14247,26-08-2015,15:02:29,102,Cancelled
14248,26-08-2015,15:02:59,110,Success
14249,26-08-2015,15:05:02,109,Delivered
14250,26-08-2015,15:28:18,102,Cancelled
14251,26-08-2015,15:30:28,105,Delivered
14252,26-08-2015,15:31:15,106,Cancelled
14253,26-08-2015,15:48:22,107,Success
14254,26-08-2015,16:15:41,105,Cancelled
14255,26-08-2015,16:18:47,110,Success
14256,26-08-2015,16:19:48,101,Delivered
14257,26-08-2015,16:35:05,102,Delivered
14258,26-08-2015,16:36:37,101,Failed
14259,26-08-2015,16:47:09,107,Failed
14260,26-08-2015,17:03:48,105,Failed
14261,26-08-2015,17:23:07,108,Cancelled
14262,26-08-2015,17:26:22,106,Failed
14263,26-08-2015,17:28:11,105,Cancelled
14264,26-08-2015,17:31:01,102,Success
14265,26-08-2015,17:32:59,110,Delivered
14266,26-08-2015,17:38:13,101,Success
14267,26-08-2015,17:54:28,106,Failed
14268,26-08-2015,18:08:41,108,Success
14269,26-08-2015,18:13:59,109,Failed
14270,26-08-2015,18:31:38,101,Delivered
14271,26-08-2015,18:40:11,108,Cancelled
14272,26-08-2015,18:43:41,108,Cancelled
14273,26-08-2015,18:55:28,104,Failed
14274,26-08-2015,19:10:40,110,Failed
14275,26-08-2015,19:22:58,107,Success
14276,26-08-2015,19:24:40,110,Delivered
14277,26-08-2015,19:29:19,105,Success
14278,26-08-2015,19:50:16,108,Delivered
14279,26-08-2015,20:05:47,106,Delivered
14280,26-08-2015,20:53:50,102,Delivered
14281,26-08-2015,21:48:23,102,Success
14282,26-08-2015,21:49:57,101,Delivered
14283,26-08-2015,21:51:23,108,Cancelled
14284,26-08-2015,22:07:34,102,Failed
14285,26-08-2015,22:10:35,102,Success
14286,26-08-2015,22:11:08,104,Cancelled
14287,27-08-2015,11:23:35,107,Success
14288,27-08-2015,11:27:54,107,Success
14289,27-08-2015,11:36:37,101,Failed
14290,27-08-2015,11:40:40,104,Success
14291,27-08-2015,11:48:38,102,Delivered
14292,27-08-2015,11:53:08,103,Delivered
14293,27-08-2015,11:54:03,102,Cancelled
14294,27-08-2015,11:58:52,102,Cancelled
14295,27-08-2015,12:11:50,109,Delivered
14296,27-08-2015,12:17:24,109,Cancelled
14297,27-08-2015,12:18:11,109,Cancelled
14298,27-08-2015,12:31:10,102,Failed
14299,27-08-2015,12:31:44,104,Success
14300,27-08-2015,12:44:43,104,Success
14301,27-08-2015,12:48:15,105,Cancelled
14302,27-08-2015,12:50:57,110,Failed
14303,27-08-2015,12:55:38,102,Success
14304,27-08-2015,12:58:58,102,Cancelled
14305,27-08-2015,13:18:18,108,Cancelled
14306,27-08-2015,13:24:00,101,Delivered
14307,27-08-2015,13:27:06,108,Cancelled
14308,27-08-2015,13:29:13,105,Delivered
14309,27-08-2015,13:32:58,105,Success
14310,27-08-2015,14:12:36,101,Cancelled
14311,27-08-2015,14:29:58,105,Success
14312,27-08-2015,14:51:38,110,Success
14313,27-08-2015,15:18:44,103,Delivered
14314,27-08-2015,15:37:35,107,Cancelled
14315,27-08-2015,16:11:05,102,Cancelled
14316,27-08-2015,16:16:25,109,Cancelled
14317,27-08-2015,16:37:31,106,Delivered
14318,27-08-2015,16:37:59,101,Failed
14319,27-08-2015,16:39:00,102,Failed
14320,27-08-2015,16:41:13,101,Failed
14321,27-08-2015,16:58:11,108,Success
14322,27-08-2015,17:07:17,103,Delivered
14323,27-08-2015,17:13:06,109,Cancelled
14324,27-08-2015,17:22:15,107,Cancelled
14325,27-08-2015,17:25:37,102,Success
14326,27-08-2015,17:26:25,109,Failed
14327,27-08-2015,17:29:03,107,Failed
14328,27-08-2015,17:47:06,101,Success
14329,27-08-2015,17:50:39,101,Cancelled
14330,27-08-2015,18:01:22,110,Success
14331,27-08-2015,18:02:21,103,Failed
14332,27-08-2015,18:12:39,104,Cancelled
14333,27-08-2015,18:14:31,108,Delivered
14334,27-08-2015,18:27:47,110,Cancelled
14335,27-08-2015,18:34:53,103,Success
14336,27-08-2015,18:46:56,109,Success
14337,27-08-2015,19:15:12,108,Failed
14338,27-08-2015,19:19:15,107,Delivered
14339,27-08-2015,19:36:54,106,Failed
14340,27-08-2015,19:49:42,109,Cancelled
14341,27-08-2015,20:11:41,107,Delivered
14342,27-08-2015,20:22:20,108,Failed
14343,27-08-2015,20:27:35,102,Cancelled
14344,27-08-2015,21:15:21,101,Delivered
14345,27-08-2015,22:16:56,106,Delivered
14346,28-08-2015,11:19:01,109,Delivered
14347,28-08-2015,11:24:33,103,Success
14348,28-08-2015,11:26:38,106,Cancelled
14349,28-08-2015,11:26:45,107,Failed
14350,28-08-2015,11:46:01,103,Cancelled
14351,28-08-2015,11:47:41,109,Cancelled
14352,28-08-2015,11:57:43,107,Cancelled
14353,28-08-2015,12:11:20,109,Cancelled
14354,28-08-2015,12:50:31,106,Cancelled
14355,28-08-2015,13:01:19,109,Failed
14356,28-08-2015,13:03:43,101,Success
14357,28-08-2015,13:05:25,109,Cancelled
14358,28-08-2015,13:09:00,102,Failed
14359,28-08-2015,13:09:44,101,Failed
14360,28-08-2015,13:23:17,104,Delivered
14361,28-08-2015,13:25:31,101,Delivered
14362,28-08-2015,13:27:38,102,Success
14363,28-08-2015,13:38:04,105,Failed
14364,28-08-2015,13:38:06,103,Failed
14365,28-08-2015,13:43:56,106,Success
14366,28-08-2015,14:03:04,108,Cancelled
14367,28-08-2015,14:14:47,102,Delivered
14368,28-08-2015,14:31:51,104,Success
14369,28-08-2015,15:00:38,110,Success
14370,28-08-2015,15:22:39,104,Cancelled
14371,28-08-2015,15:55:49,109,Delivered
14372,28-08-2015,15:57:26,104,Cancelled
14373,28-08-2015,16:09:38,104,Failed
14374,28-08-2015,16:24:09,109,Success
14375,28-08-2015,16:36:54,104,Delivered
14376,28-08-2015,16:41:49,101,Cancelled
14377,28-08-2015,16:58:07,109,Cancelled
14378,28-08-2015,16:59:52,106,Cancelled
14379,28-08-2015,17:20:54,108,Success
14380,28-08-2015,17:31:38,104,Failed
14381,28-08-2015,17:44:47,104,Cancelled
14382,28-08-2015,18:12:07,105,Delivered
14383,28-08-2015,18:22:01,107,Cancelled
14384,28-08-2015,18:24:14,102,Cancelled
14385,28-08-2015,18:32:18,108,Success
14386,28-08-2015,18:47:21,109,Delivered
14387,28-08-2015,18:55:55,109,Success
14388,28-08-2015,19:03:03,107,Delivered
14389,28-08-2015,19:16:30,109,Delivered
14390,28-08-2015,19:28:51,102,Cancelled
14391,28-08-2015,19:29:21,109,Cancelled
14392,28-08-2015,19:44:22,107,Success
14393,28-08-2015,19:54:39,103,Delivered
14394,28-08-2015,19:59:05,110,Delivered
14395,28-08-2015,19:59:25,105,Cancelled
14396,28-08-2015,20:00:33,101,Delivered
14397,28-08-2015,20:20:39,101,Cancelled
14398,28-08-2015,20:25:07,106,Success
14399,28-08-2015,20:39:30,109,Cancelled
14400,28-08-2015,20:41:29,110,Cancelled
14401,28-08-2015,20:42:14,103,Delivered
14402,28-08-2015,20:55:49,105,Cancelled
14403,28-08-2015,20:57:55,110,Delivered
14404,28-08-2015,21:12:16,109,Success
14405,28-08-2015,21:14:16,106,Failed
14406,28-08-2015,21:14:17,110,Cancelled
14407,28-08-2015,21:23:51,106,Failed
14408,28-08-2015,21:40:42,104,Cancelled
14409,28-08-2015,21:53:36,104,Delivered
14410,28-08-2015,22:04:12,105,Cancelled
14411,28-08-2015,22:12:29,110,Failed
14412,28-08-2015,22:39:36,107,Delivered
14413,28-08-2015,23:04:54,101,Delivered
14414,29-08-2015,11:59:05,105,Cancelled
14415,29-08-2015,12:29:31,108,Cancelled
14416,29-08-2015,12:31:10,105,Success
14417,29-08-2015,12:59:52,106,Failed
14418,29-08-2015,13:02:11,110,Success
14419,29-08-2015,13:06:42,102,Success
14420,29-08-2015,13:08:37,101,Success
14421,29-08-2015,13:10:56,108,Cancelled
14422,29-08-2015,13:12:54,101,Cancelled
14423,29-08-2015,13:42:12,109,Delivered
14424,29-08-2015,13:49:39,106,Failed
14425,29-08-2015,13:53:43,102,Success
14426,29-08-2015,13:54:51,107,Success
14427,29-08-2015,13:59:11,110,Success
14428,29-08-2015,14:16:18,101,Cancelled
14429,29-08-2015,14:38:15,101,Cancelled
14430,29-08-2015,14:38:27,109,Cancelled
14431,29-08-2015,14:41:12,102,Failed
14432,29-08-2015,14:47:11,110,Failed
14433,29-08-2015,14:56:23,110,Delivered
14434,29-08-2015,15:02:11,104,Delivered
14435,29-08-2015,15:16:32,102,Failed
14436,29-08-2015,15:33:12,103,Failed
14437,29-08-2015,15:44:09,105,Failed
14438,29-08-2015,15:52:05,104,Success
14439,29-08-2015,15:53:56,110,Delivered
14440,29-08-2015,16:05:20,103,Cancelled
14441,29-08-2015,16:07:41,108,Delivered
14442,29-08-2015,16:33:57,110,Failed
14443,29-08-2015,16:41:51,102,Failed
14444,29-08-2015,16:48:12,107,Delivered
14445,29-08-2015,17:16:30,108,Failed
14446,29-08-2015,17:48:11,105,Cancelled
14447,29-08-2015,17:55:30,101,Delivered
14448,29-08-2015,18:04:46,106,Delivered
14449,29-08-2015,18:29:47,102,Delivered
14450,29-08-2015,18:57:23,106,Success
14451,29-08-2015,19:20:51,110,Cancelled
14452,29-08-2015,19:38:19,103,Delivered
14453,29-08-2015,19:49:37,103,Delivered
14454,29-08-2015,19:56:03,103,Failed
14455,29-08-2015,20:06:34,103,Delivered
14456,29-08-2015,20:07:12,104,Cancelled
14457,29-08-2015,20:08:38,110,Cancelled
14458,29-08-2015,21:10:48,105,Failed
14459,29-08-2015,21:15:25,105,Failed
14460,29-08-2015,21:18:25,110,Cancelled
14461,29-08-2015,21:20:40,103,Success
14462,29-08-2015,21:23:46,108,Failed
14463,29-08-2015,21:27:22,109,Success
14464,29-08-2015,21:31:21,107,Failed
14465,29-08-2015,21:35:13,101,Cancelled
14466,29-08-2015,21:36:31,103,Success
14467,29-08-2015,21:39:19,106,Failed
14468,29-08-2015,21:43:14,108,Delivered
14469,29-08-2015,21:46:42,110,Success
14470,29-08-2015,21:52:10,109,Cancelled
14471,29-08-2015,22:07:55,106,Delivered
14472,29-08-2015,22:14:43,105,Delivered
14473,29-08-2015,22:22:07,107,Success
14474,30-08-2015,11:46:08,101,Cancelled
14475,30-08-2015,11:49:09,102,Cancelled
14476,30-08-2015,12:08:25,108,Success
14477,30-08-2015,13:44:17,106,Delivered
14478,30-08-2015,13:52:33,102,Failed
14479,30-08-2015,14:08:20,108,Failed
14480,30-08-2015,14:29:40,102,Delivered
14481,30-08-2015,14:38:31,103,Cancelled
14482,30-08-2015,14:38:33,107,Success
14483,30-08-2015,14:48:26,102,Delivered
14484,30-08-2015,14:54:58,107,Delivered
14485,30-08-2015,15:06:48,103,Delivered
14486,30-08-2015,15:14:36,108,Delivered
14487,30-08-2015,15:21:16,110,Delivered
14488,30-08-2015,16:08:21,106,Success
14489,30-08-2015,16:10:48,104,Success
14490,30-08-2015,16:31:06,109,Cancelled
14491,30-08-2015,16:36:17,103,Success
14492,30-08-2015,16:58:31,101,Success
14493,30-08-2015,17:06:32,105,Delivered
14494,30-08-2015,17:06:42,102,Delivered
14495,30-08-2015,17:19:48,108,Failed
14496,30-08-2015,17:29:32,104,Failed
14497,30-08-2015,17:47:14,102,Success
14498,30-08-2015,18:03:56,107,Success
14499,30-08-2015,18:09:46,109,Cancelled
14500,30-08-2015,18:17:18,109,Failed
14501,30-08-2015,18:26:13,104,Delivered
14502,30-08-2015,18:26:41,104,Success
14503,30-08-2015,18:51:33,110,Success
14504,30-08-2015,18:51:57,109,Success
14505,30-08-2015,19:04:09,108,Cancelled
14506,30-08-2015,19:13:20,101,Cancelled
14507,30-08-2015,19:19:07,102,Failed
14508,30-08-2015,19:27:29,103,Delivered
14509,30-08-2015,19:36:08,110,Failed
14510,30-08-2015,19:58:47,104,Delivered
14511,30-08-2015,20:26:38,107,Failed
14512,30-08-2015,20:45:44,101,Cancelled
14513,30-08-2015,21:41:23,109,Failed
14514,30-08-2015,22:02:10,107,Delivered
14515,31-08-2015,11:15:48,105,Cancelled
14516,31-08-2015,11:33:24,102,Failed
14517,31-08-2015,11:39:16,104,Delivered
14518,31-08-2015,11:51:53,110,Success
14519,31-08-2015,12:09:47,110,Failed
14520,31-08-2015,12:11:38,108,Failed
14521,31-08-2015,12:16:18,105,Delivered
14522,31-08-2015,12:16:31,110,Failed
14523,31-08-2015,12:18:31,108,Cancelled
14524,31-08-2015,12:40:30,107,Cancelled
14525,31-08-2015,12:45:55,104,Delivered
14526,31-08-2015,12:47:52,108,Cancelled
14527,31-08-2015,12:50:19,101,Cancelled
14528,31-08-2015,12:53:47,101,Delivered
14529,31-08-2015,13:07:40,101,Cancelled
14530,31-08-2015,13:09:28,110,Delivered
14531,31-08-2015,13:11:52,101,Success
14532,31-08-2015,13:13:21,101,Cancelled
14533,31-08-2015,13:21:30,103,Failed
14534,31-08-2015,13:22:03,103,Success
14535,31-08-2015,13:22:15,107,Failed
14536,31-08-2015,13:51:26,101,Success
14537,31-08-2015,14:17:26,109,Failed
14538,31-08-2015,14:25:33,104,Cancelled
14539,31-08-2015,14:28:43,105,Success
14540,31-08-2015,14:48:21,104,Success
14541,31-08-2015,15:33:07,103,Delivered
14542,31-08-2015,16:10:55,107,Delivered
14543,31-08-2015,16:27:12,106,Failed
14544,31-08-2015,16:27:27,103,Delivered
14545,31-08-2015,16:48:02,106,Failed
14546,31-08-2015,16:54:14,109,Success
14547,31-08-2015,17:17:44,109,Cancelled
14548,31-08-2015,17:21:04,104,Failed
14549,31-08-2015,17:26:12,109,Success
14550,31-08-2015,17:32:04,107,Failed
14551,31-08-2015,17:38:25,110,Delivered
14552,31-08-2015,17:50:01,110,Cancelled
14553,31-08-2015,17:51:46,110,Failed
14554,31-08-2015,18:05:15,103,Failed
14555,31-08-2015,18:15:18,103,Cancelled
14556,31-08-2015,18:22:23,105,Cancelled
14557,31-08-2015,18:45:10,105,Delivered
14558,31-08-2015,18:54:52,105,Success
14559,31-08-2015,18:55:21,108,Success
14560,31-08-2015,19:18:14,110,Success
14561,31-08-2015,19:31:28,102,Failed
14562,31-08-2015,19:47:17,109,Cancelled
14563,31-08-2015,19:47:19,101,Delivered
14564,31-08-2015,19:57:57,109,Delivered
14565,31-08-2015,20:07:37,102,Delivered
14566,31-08-2015,20:32:09,105,Cancelled
14567,31-08-2015,20:37:33,103,Delivered
14568,31-08-2015,21:08:07,109,Cancelled
14569,31-08-2015,21:08:11,102,Cancelled
14570,31-08-2015,22:07:24,103,Failed
14571,31-08-2015,22:17:35,101,Failed
14572,01-09-2015,11:18:24,108,Failed
14573,01-09-2015,11:27:17,105,Delivered
14574,01-09-2015,11:49:21,103,Success
14575,01-09-2015,11:52:30,105,Failed
14576,01-09-2015,11:55:25,104,Failed
14577,01-09-2015,12:03:07,101,Failed
14578,01-09-2015,12:05:50,109,Cancelled
14579,01-09-2015,12:18:57,108,Success
14580,01-09-2015,12:19:19,104,Delivered
14581,01-09-2015,12:23:46,108,Failed
14582,01-09-2015,12:32:00,106,Success
14583,01-09-2015,12:45:11,105,Cancelled
14584,01-09-2015,12:46:57,107,Delivered
14585,01-09-2015,13:01:13,106,Delivered
14586,01-09-2015,13:09:49,103,Failed
14587,01-09-2015,13:13:17,110,Failed
14588,01-09-2015,13:18:07,104,Success
14589,01-09-2015,13:22:49,105,Delivered
14590,01-09-2015,13:24:56,110,Failed
14591,01-09-2015,13:37:40,106,Success
14592,01-09-2015,13:39:34,110,Success
14593,01-09-2015,13:40:19,101,Failed
14594,01-09-2015,13:44:49,110,Delivered
14595,01-09-2015,13:52:33,102,Delivered
14596,01-09-2015,13:57:01,106,Success
14597,01-09-2015,14:19:01,107,Cancelled
14598,01-09-2015,14:30:01,102,Failed
14599,01-09-2015,14:30:28,103,Cancelled
14600,01-09-2015,14:33:33,104,Success
14601,01-09-2015,14:44:47,103,Cancelled
14602,01-09-2015,15:27:25,101,Delivered
14603,01-09-2015,15:58:49,105,Delivered
14604,01-09-2015,15:59:11,106,Delivered
14605,01-09-2015,16:14:12,106,Failed
14606,01-09-2015,16:17:21,106,Cancelled
14607,01-09-2015,16:28:22,107,Success
14608,01-09-2015,16:38:10,109,Success
14609,01-09-2015,16:49:30,103,Cancelled
14610,01-09-2015,17:10:09,109,Cancelled
14611,01-09-2015,17:19:19,105,Success
14612,01-09-2015,17:27:38,108,Success
14613,01-09-2015,17:29:56,110,Failed
14614,01-09-2015,17:53:21,103,Failed
14615,01-09-2015,17:58:32,108,Success
14616,01-09-2015,18:09:22,104,Success
14617,01-09-2015,18:24:53,101,Cancelled
14618,01-09-2015,18:37:45,103,Success
14619,01-09-2015,18:45:17,102,Cancelled
14620,01-09-2015,18:56:47,103,Failed
14621,01-09-2015,19:07:18,103,Failed
14622,01-09-2015,19:24:51,108,Success
14623,01-09-2015,19:59:31,109,Cancelled
14624,01-09-2015,20:00:28,107,Failed
14625,01-09-2015,20:05:21,107,Delivered
14626,01-09-2015,20:08:25,106,Success
14627,01-09-2015,20:19:31,105,Success
14628,01-09-2015,20:40:34,103,Success
14629,01-09-2015,20:45:07,103,Cancelled
14630,01-09-2015,21:19:51,109,Cancelled
14631,01-09-2015,21:22:36,102,Cancelled
14632,01-09-2015,22:44:38,106,Delivered
14633,02-09-2015,11:26:54,103,Failed
14634,02-09-2015,11:35:22,105,Cancelled
14635,02-09-2015,11:39:57,103,Delivered
14636,02-09-2015,11:57:52,105,Cancelled
14637,02-09-2015,12:07:09,106,Delivered
14638,02-09-2015,12:12:49,102,Delivered
14639,02-09-2015,12:14:50,108,Success
14640,02-09-2015,12:19:48,106,Success
14641,02-09-2015,12:20:35,109,Cancelled
14642,02-09-2015,12:56:07,104,Success
14643,02-09-2015,12:57:30,104,Success
14644,02-09-2015,12:59:50,107,Failed
14645,02-09-2015,13:14:42,105,Delivered
14646,02-09-2015,13:16:28,105,Delivered
14647,02-09-2015,13:18:23,107,Delivered
14648,02-09-2015,13:29:28,106,Cancelled
14649,02-09-2015,13:29:38,105,Delivered
14650,02-09-2015,13:36:29,109,Success
14651,02-09-2015,13:38:58,106,Cancelled
14652,02-09-2015,14:11:01,110,Success
14653,02-09-2015,14:14:04,108,Success
14654,02-09-2015,14:23:17,105,Delivered
14655,02-09-2015,14:50:31,104,Delivered
14656,02-09-2015,16:09:01,106,Delivered
14657,02-09-2015,16:16:32,104,Delivered
14658,02-09-2015,16:16:47,105,Delivered
14659,02-09-2015,16:22:23,103,Failed
14660,02-09-2015,16:24:24,102,Cancelled
14661,02-09-2015,16:29:48,104,Cancelled
14662,02-09-2015,16:59:13,110,Success
14663,02-09-2015,17:07:37,108,Success
14664,02-09-2015,17:08:57,105,Success
14665,02-09-2015,17:43:29,104,Success
14666,02-09-2015,17:58:16,102,Delivered
14667,02-09-2015,17:58:58,106,Delivered
14668,02-09-2015,18:07:23,108,Success
14669,02-09-2015,18:07:34,101,Success
14670,02-09-2015,18:18:09,106,Delivered
14671,02-09-2015,18:56:13,106,Failed
14672,02-09-2015,19:06:16,101,Delivered
14673,02-09-2015,19:21:09,107,Success
14674,02-09-2015,19:38:51,110,Cancelled
14675,02-09-2015,20:03:29,104,Success
14676,02-09-2015,20:21:07,103,Delivered
14677,02-09-2015,20:23:45,106,Cancelled
14678,02-09-2015,20:27:03,101,Failed
14679,02-09-2015,20:47:54,109,Success
14680,02-09-2015,22:12:03,106,Success
14681,03-09-2015,11:19:06,103,Delivered
14682,03-09-2015,11:34:44,105,Cancelled
14683,03-09-2015,11:35:58,103,Failed
14684,03-09-2015,11:37:53,110,Success
14685,03-09-2015,11:52:11,104,Cancelled
14686,03-09-2015,11:57:48,107,Failed
14687,03-09-2015,12:07:59,110,Success
14688,03-09-2015,12:40:44,110,Delivered
14689,03-09-2015,12:42:35,110,Cancelled
14690,03-09-2015,12:48:21,108,Delivered
14691,03-09-2015,12:50:19,106,Cancelled
14692,03-09-2015,12:54:05,101,Delivered
14693,03-09-2015,13:03:54,110,Delivered
14694,03-09-2015,13:12:23,103,Delivered
14695,03-09-2015,13:20:55,108,Delivered
14696,03-09-2015,13:21:24,101,Delivered
14697,03-09-2015,13:23:37,103,Failed
14698,03-09-2015,13:24:19,107,Failed
14699,03-09-2015,13:30:19,105,Delivered
14700,03-09-2015,13:38:34,108,Failed
14701,03-09-2015,13:47:09,103,Delivered
14702,03-09-2015,13:55:34,104,Cancelled
14703,03-09-2015,14:19:30,108,Delivered
14704,03-09-2015,14:27:03,110,Cancelled
14705,03-09-2015,14:44:57,101,Success
14706,03-09-2015,15:48:17,110,Delivered
14707,03-09-2015,15:59:46,105,Cancelled
14708,03-09-2015,16:20:05,108,Success
14709,03-09-2015,16:25:35,110,Cancelled
14710,03-09-2015,16:31:08,103,Cancelled
14711,03-09-2015,16:33:13,102,Delivered
14712,03-09-2015,16:35:54,105,Failed
14713,03-09-2015,16:59:47,109,Success
14714,03-09-2015,17:07:59,110,Failed
14715,03-09-2015,17:15:00,108,Failed
14716,03-09-2015,17:23:07,104,Success
14717,03-09-2015,17:32:25,106,Delivered
14718,03-09-2015,17:32:42,103,Failed
14719,03-09-2015,17:33:29,110,Success
14720,03-09-2015,17:53:34,101,Failed
14721,03-09-2015,17:59:05,101,Cancelled
14722,03-09-2015,17:59:50,102,Failed
14723,03-09-2015,18:11:47,101,Success
14724,03-09-2015,18:15:52,101,Cancelled
14725,03-09-2015,18:21:50,101,Success
14726,03-09-2015,18:24:46,101,Cancelled
14727,03-09-2015,18:43:57,101,Cancelled
14728,03-09-2015,18:49:15,110,Delivered
14729,03-09-2015,18:54:05,104,Success
14730,03-09-2015,18:55:19,103,Cancelled
14731,03-09-2015,18:59:00,108,Success
14732,03-09-2015,19:00:01,103,Failed
14733,03-09-2015,19:28:11,109,Failed
14734,03-09-2015,19:40:07,103,Failed
14735,03-09-2015,20:05:40,106,Cancelled
14736,03-09-2015,20:21:36,104,Success
14737,03-09-2015,20:50:31,102,Success
14738,03-09-2015,21:25:34,103,Success
14739,03-09-2015,22:13:55,110,Success
14740,04-09-2015,11:16:43,102,Cancelled
14741,04-09-2015,11:31:47,106,Cancelled
14742,04-09-2015,11:41:32,109,Failed
14743,04-09-2015,11:41:58,108,Success
14744,04-09-2015,12:04:05,102,Cancelled
14745,04-09-2015,12:09:08,108,Success
14746,04-09-2015,12:17:39,107,Failed
14747,04-09-2015,12:24:33,102,Success
14748,04-09-2015,12:30:31,110,Cancelled
14749,04-09-2015,12:32:00,103,Cancelled
14750,04-09-2015,12:37:27,108,Cancelled
14751,04-09-2015,12:39:15,109,Failed
14752,04-09-2015,12:47:44,108,Failed
14753,04-09-2015,12:49:31,103,Failed
14754,04-09-2015,12:53:51,104,Failed
14755,04-09-2015,12:59:46,103,Cancelled
14756,04-09-2015,13:09:35,103,Cancelled
14757,04-09-2015,13:18:03,106,Delivered
14758,04-09-2015,13:30:42,110,Delivered
14759,04-09-2015,13:33:04,101,Delivered
14760,04-09-2015,13:57:59,107,Cancelled
14761,04-09-2015,14:00:08,107,Delivered
14762,04-09-2015,14:03:22,110,Delivered
14763,04-09-2015,14:05:32,105,Failed
14764,04-09-2015,14:19:19,109,Success
14765,04-09-2015,14:36:06,105,Delivered
14766,04-09-2015,15:03:38,109,Failed
14767,04-09-2015,15:07:03,101,Success
14768,04-09-2015,15:13:53,104,Failed
14769,04-09-2015,15:56:10,108,Success
14770,04-09-2015,16:31:57,106,Delivered
14771,04-09-2015,16:49:32,109,Delivered
14772,04-09-2015,16:49:58,104,Cancelled
14773,04-09-2015,16:55:39,107,Failed
14774,04-09-2015,16:58:14,103,Delivered
14775,04-09-2015,17:00:15,104,Delivered
14776,04-09-2015,17:08:55,104,Cancelled
14777,04-09-2015,17:49:09,110,Delivered
14778,04-09-2015,17:50:21,103,Delivered
14779,04-09-2015,17:57:39,110,Failed
14780,04-09-2015,18:15:48,104,Failed
14781,04-09-2015,18:20:35,103,Success
14782,04-09-2015,18:26:00,102,Cancelled
14783,04-09-2015,18:26:45,102,Cancelled
14784,04-09-2015,18:35:17,106,Success
14785,04-09-2015,18:40:45,106,Delivered
14786,04-09-2015,18:44:54,107,Failed
14787,04-09-2015,18:47:53,110,Failed
14788,04-09-2015,18:53:40,102,Failed
14789,04-09-2015,18:54:41,102,Cancelled
14790,04-09-2015,18:55:16,105,Cancelled
14791,04-09-2015,19:13:48,109,Success
14792,04-09-2015,19:17:30,110,Success
14793,04-09-2015,19:40:40,101,Failed
14794,04-09-2015,20:11:28,103,Delivered
14795,04-09-2015,20:40:27,106,Cancelled
14796,04-09-2015,21:10:58,105,Cancelled
14797,04-09-2015,21:25:32,104,Cancelled
14798,04-09-2015,21:36:28,110,Delivered
14799,04-09-2015,21:40:37,104,Delivered
14800,04-09-2015,21:52:57,106,Cancelled
14801,04-09-2015,22:01:17,108,Failed
14802,04-09-2015,22:16:29,109,Success
14803,04-09-2015,22:30:25,101,Failed
14804,04-09-2015,22:32:16,108,Failed
14805,04-09-2015,22:52:46,104,Cancelled
14806,05-09-2015,11:41:46,104,Success
14807,05-09-2015,11:45:29,101,Delivered
14808,05-09-2015,11:52:59,106,Cancelled
14809,05-09-2015,11:59:35,105,Cancelled
14810,05-09-2015,12:15:44,106,Success
14811,05-09-2015,12:33:44,108,Delivered
14812,05-09-2015,12:37:30,110,Delivered
14813,05-09-2015,12:51:28,105,Cancelled
14814,05-09-2015,13:11:32,104,Cancelled
14815,05-09-2015,13:11:51,105,Success
14816,05-09-2015,13:31:43,108,Failed
14817,05-09-2015,13:42:31,102,Success
14818,05-09-2015,14:04:26,102,Failed
14819,05-09-2015,14:08:17,110,Failed
14820,05-09-2015,14:15:30,109,Delivered
14821,05-09-2015,14:30:19,109,Failed
14822,05-09-2015,14:45:09,104,Success
14823,05-09-2015,14:48:04,103,Success
14824,05-09-2015,15:05:25,107,Delivered
14825,05-09-2015,15:08:03,108,Success
14826,05-09-2015,15:16:54,107,Success
14827,05-09-2015,15:38:54,104,Cancelled
14828,05-09-2015,15:41:36,109,Cancelled
14829,05-09-2015,15:54:25,101,Success
14830,05-09-2015,16:17:31,104,Success
14831,05-09-2015,16:22:10,102,Failed
14832,05-09-2015,16:22:21,110,Failed
14833,05-09-2015,17:14:04,106,Delivered
14834,05-09-2015,17:22:11,109,Failed
14835,05-09-2015,17:32:05,104,Delivered
14836,05-09-2015,17:32:21,106,Success
14837,05-09-2015,17:33:04,105,Delivered
14838,05-09-2015,17:34:03,101,Failed
14839,05-09-2015,17:34:27,106,Cancelled
14840,05-09-2015,18:06:42,109,Delivered
14841,05-09-2015,18:12:56,105,Cancelled
14842,05-09-2015,18:24:21,103,Failed
14843,05-09-2015,18:37:38,108,Cancelled
14844,05-09-2015,18:48:10,104,Cancelled
14845,05-09-2015,19:09:46,102,Success
14846,05-09-2015,19:14:51,106,Failed
14847,05-09-2015,19:16:28,105,Success
14848,05-09-2015,19:47:13,105,Failed
14849,05-09-2015,19:52:43,105,Failed
14850,05-09-2015,20:05:56,106,Cancelled
14851,05-09-2015,20:08:52,101,Delivered
14852,05-09-2015,20:10:44,107,Failed
14853,05-09-2015,20:11:28,106,Cancelled
14854,05-09-2015,20:38:34,104,Delivered
14855,05-09-2015,20:44:52,104,Delivered
14856,05-09-2015,20:46:16,104,Delivered
14857,05-09-2015,21:08:17,107,Cancelled
14858,05-09-2015,21:16:22,103,Failed
14859,05-09-2015,21:30:11,102,Failed
14860,05-09-2015,21:51:05,101,Cancelled
14861,05-09-2015,21:51:25,106,Cancelled
14862,05-09-2015,21:52:48,104,Success
14863,05-09-2015,22:22:24,109,Success
14864,05-09-2015,22:27:53,110,Success
14865,06-09-2015,11:51:21,105,Delivered
14866,06-09-2015,12:07:54,109,Delivered
14867,06-09-2015,12:17:57,106,Delivered
14868,06-09-2015,12:30:22,101,Delivered
14869,06-09-2015,12:37:35,104,Cancelled
14870,06-09-2015,12:53:39,102,Success
14871,06-09-2015,13:04:40,108,Delivered
14872,06-09-2015,14:03:33,104,Delivered
14873,06-09-2015,14:31:56,101,Failed
14874,06-09-2015,14:32:12,109,Success
14875,06-09-2015,14:51:40,105,Cancelled
14876,06-09-2015,14:57:04,104,Failed
14877,06-09-2015,15:18:22,103,Failed
14878,06-09-2015,15:30:00,104,Success
14879,06-09-2015,15:56:48,104,Cancelled
14880,06-09-2015,16:27:40,105,Delivered
14881,06-09-2015,16:31:04,104,Delivered
14882,06-09-2015,16:43:51,106,Cancelled
14883,06-09-2015,17:24:24,109,Success
14884,06-09-2015,17:24:28,101,Failed
14885,06-09-2015,17:24:36,108,Failed
14886,06-09-2015,17:28:59,104,Success
14887,06-09-2015,17:31:00,103,Failed
14888,06-09-2015,17:34:13,102,Delivered
14889,06-09-2015,17:47:35,105,Delivered
14890,06-09-2015,17:48:54,105,Delivered
14891,06-09-2015,17:51:42,105,Success
14892,06-09-2015,17:52:54,104,Failed
14893,06-09-2015,17:55:52,103,Success
14894,06-09-2015,18:04:45,107,Cancelled
14895,06-09-2015,18:20:12,106,Failed
14896,06-09-2015,18:22:21,110,Success
14897,06-09-2015,18:34:43,101,Delivered
14898,06-09-2015,18:42:40,110,Cancelled
14899,06-09-2015,18:43:21,106,Delivered
14900,06-09-2015,18:44:07,102,Failed
14901,06-09-2015,19:00:20,106,Failed
14902,06-09-2015,19:02:15,102,Cancelled
14903,06-09-2015,19:27:25,110,Cancelled
14904,06-09-2015,19:28:10,110,Success
14905,06-09-2015,19:35:48,108,Success
14906,06-09-2015,19:47:39,110,Cancelled
14907,06-09-2015,19:50:05,103,Delivered
14908,06-09-2015,20:45:13,106,Delivered
14909,06-09-2015,21:09:26,109,Delivered
14910,06-09-2015,21:25:41,101,Cancelled
14911,06-09-2015,21:50:56,105,Delivered
14912,07-09-2015,11:20:50,104,Cancelled
14913,07-09-2015,11:47:08,108,Delivered
14914,07-09-2015,11:56:51,105,Cancelled
14915,07-09-2015,11:57:29,103,Success
14916,07-09-2015,12:00:31,109,Cancelled
14917,07-09-2015,12:02:44,107,Success
14918,07-09-2015,12:04:16,110,Cancelled
14919,07-09-2015,12:25:20,107,Cancelled
14920,07-09-2015,12:27:44,105,Success
14921,07-09-2015,12:28:38,109,Cancelled
14922,07-09-2015,12:40:45,105,Delivered
14923,07-09-2015,12:41:12,105,Delivered
14924,07-09-2015,12:47:24,101,Success
14925,07-09-2015,12:59:03,107,Cancelled
14926,07-09-2015,13:08:31,106,Cancelled
14927,07-09-2015,13:11:44,105,Failed
14928,07-09-2015,13:15:10,101,Failed
14929,07-09-2015,13:20:17,103,Cancelled
14930,07-09-2015,13:24:51,107,Delivered
14931,07-09-2015,13:36:36,106,Success
14932,07-09-2015,13:40:40,101,Failed
14933,07-09-2015,13:41:10,108,Cancelled
14934,07-09-2015,13:58:24,108,Success
14935,07-09-2015,14:01:05,105,Success
14936,07-09-2015,14:07:33,106,Success
14937,07-09-2015,14:47:30,110,Failed
14938,07-09-2015,14:56:16,101,Success
14939,07-09-2015,15:00:05,102,Delivered
14940,07-09-2015,15:11:29,102,Success
14941,07-09-2015,16:08:30,104,Success
14942,07-09-2015,16:24:34,102,Cancelled
14943,07-09-2015,16:33:41,101,Failed
14944,07-09-2015,17:02:55,101,Failed
14945,07-09-2015,17:04:17,101,Success
14946,07-09-2015,17:06:04,104,Delivered
14947,07-09-2015,17:07:58,110,Cancelled
14948,07-09-2015,17:21:35,104,Cancelled
14949,07-09-2015,17:36:26,106,Failed
14950,07-09-2015,17:36:33,102,Cancelled
14951,07-09-2015,17:55:24,106,Success
14952,07-09-2015,17:59:46,106,Delivered
14953,07-09-2015,18:03:16,104,Failed
14954,07-09-2015,18:11:31,106,Failed
14955,07-09-2015,18:21:16,107,Success
14956,07-09-2015,18:21:42,102,Delivered
14957,07-09-2015,18:26:16,104,Success
14958,07-09-2015,18:35:05,109,Success
14959,07-09-2015,18:47:22,109,Success
14960,07-09-2015,19:04:12,106,Cancelled
14961,07-09-2015,19:06:08,107,Success
14962,07-09-2015,19:41:50,108,Success
14963,07-09-2015,19:54:34,110,Cancelled
14964,07-09-2015,19:59:49,103,Delivered
14965,07-09-2015,20:24:09,101,Failed
14966,07-09-2015,20:28:06,102,Failed
14967,07-09-2015,21:00:20,104,Failed
14968,07-09-2015,21:23:51,104,Failed
14969,07-09-2015,21:56:22,101,Delivered
14970,07-09-2015,21:59:38,105,Failed
14971,07-09-2015,23:01:45,110,Cancelled
14972,08-09-2015,11:46:28,109,Success
14973,08-09-2015,11:47:21,105,Cancelled
14974,08-09-2015,12:04:53,109,Success
14975,08-09-2015,12:12:00,102,Delivered
14976,08-09-2015,12:14:45,108,Success
14977,08-09-2015,12:20:36,101,Success
14978,08-09-2015,12:22:39,106,Success
14979,08-09-2015,12:28:27,101,Cancelled
14980,08-09-2015,12:33:25,103,Success
14981,08-09-2015,12:36:59,105,Failed
14982,08-09-2015,12:40:00,107,Success
14983,08-09-2015,12:42:07,103,Delivered
14984,08-09-2015,12:42:22,108,Failed
14985,08-09-2015,13:12:26,108,Success
14986,08-09-2015,13:23:45,108,Cancelled
14987,08-09-2015,13:34:59,106,Failed
14988,08-09-2015,13:53:35,105,Success
14989,08-09-2015,13:55:33,106,Failed
14990,08-09-2015,14:08:00,109,Failed
14991,08-09-2015,14:44:06,110,Failed
14992,08-09-2015,14:47:36,102,Delivered
14993,08-09-2015,14:49:17,107,Cancelled
14994,08-09-2015,14:54:22,107,Cancelled
14995,08-09-2015,14:55:40,110,Success
14996,08-09-2015,14:58:27,106,Success
14997,08-09-2015,15:01:35,107,Failed
14998,08-09-2015,15:19:27,104,Failed
14999,08-09-2015,15:32:33,103,Cancelled
15000,08-09-2015,15:51:22,101,Cancelled
15001,08-09-2015,15:54:17,101,Delivered
15002,08-09-2015,16:00:08,110,Failed
15003,08-09-2015,16:05:27,108,Success
15004,08-09-2015,16:05:34,101,Cancelled
15005,08-09-2015,16:48:59,110,Success
15006,08-09-2015,17:07:13,109,Delivered
15007,08-09-2015,17:11:12,103,Delivered
15008,08-09-2015,17:22:00,101,Cancelled
15009,08-09-2015,17:27:14,106,Cancelled
15010,08-09-2015,18:09:15,108,Success
15011,08-09-2015,18:10:33,101,Delivered
15012,08-09-2015,18:15:12,107,Success
15013,08-09-2015,18:31:05,110,Success
15014,08-09-2015,18:34:01,106,Delivered
15015,08-09-2015,18:40:50,102,Success
15016,08-09-2015,18:49:37,104,Success
15017,08-09-2015,18:53:49,110,Success
15018,08-09-2015,19:07:57,103,Success
15019,08-09-2015,19:08:13,110,Success
15020,08-09-2015,19:13:20,102,Cancelled
15021,08-09-2015,19:17:45,107,Failed
15022,08-09-2015,19:31:19,106,Cancelled
15023,08-09-2015,19:34:19,108,Cancelled
15024,08-09-2015,19:36:24,101,Failed
15025,08-09-2015,19:41:09,102,Failed
15026,08-09-2015,19:49:53,103,Success
15027,08-09-2015,20:01:51,106,Delivered
15028,08-09-2015,21:11:07,109,Success
15029,08-09-2015,21:22:35,107,Cancelled
15030,08-09-2015,21:32:29,109,Cancelled
15031,08-09-2015,22:03:46,107,Failed
15032,08-09-2015,22:16:29,109,Cancelled
15033,09-09-2015,11:22:21,103,Failed
15034,09-09-2015,11:30:43,104,Success
15035,09-09-2015,11:33:40,103,Delivered
15036,09-09-2015,11:39:32,105,Success
15037,09-09-2015,11:42:46,105,Failed
15038,09-09-2015,11:43:39,107,Success
15039,09-09-2015,12:27:17,102,Failed
15040,09-09-2015,12:28:29,107,Success
15041,09-09-2015,12:30:49,106,Success
15042,09-09-2015,12:36:23,105,Delivered
15043,09-09-2015,12:39:14,102,Success
15044,09-09-2015,13:04:03,110,Cancelled
15045,09-09-2015,13:11:07,108,Success
15046,09-09-2015,13:29:29,103,Delivered
15047,09-09-2015,13:50:55,105,Cancelled
15048,09-09-2015,13:53:27,105,Cancelled
15049,09-09-2015,13:54:31,108,Success
15050,09-09-2015,14:03:48,107,Failed
15051,09-09-2015,14:06:14,101,Cancelled
15052,09-09-2015,14:10:40,110,Delivered
15053,09-09-2015,14:36:09,105,Failed
15054,09-09-2015,15:13:21,109,Success
15055,09-09-2015,15:24:59,110,Delivered
15056,09-09-2015,15:34:31,105,Delivered
15057,09-09-2015,15:35:32,103,Delivered
15058,09-09-2015,16:19:57,102,Cancelled
15059,09-09-2015,16:22:59,105,Cancelled
15060,09-09-2015,16:30:24,103,Delivered
15061,09-09-2015,16:49:44,106,Delivered
15062,09-09-2015,16:53:32,110,Failed
15063,09-09-2015,16:55:37,102,Delivered
15064,09-09-2015,16:55:44,106,Cancelled
15065,09-09-2015,17:04:55,109,Delivered
15066,09-09-2015,17:10:20,106,Success
15067,09-09-2015,17:14:00,101,Delivered
15068,09-09-2015,17:17:24,102,Failed
15069,09-09-2015,17:28:00,108,Delivered
15070,09-09-2015,17:30:17,101,Delivered
15071,09-09-2015,17:35:19,109,Failed
15072,09-09-2015,17:41:59,104,Delivered
15073,09-09-2015,17:50:55,109,Cancelled
15074,09-09-2015,18:06:26,104,Delivered
15075,09-09-2015,18:12:54,106,Failed
15076,09-09-2015,18:13:34,109,Delivered
15077,09-09-2015,18:17:18,110,Cancelled
15078,09-09-2015,18:28:38,101,Failed
15079,09-09-2015,18:37:28,104,Failed
15080,09-09-2015,18:39:13,104,Cancelled
15081,09-09-2015,18:43:40,110,Delivered
15082,09-09-2015,18:45:31,102,Cancelled
15083,09-09-2015,19:55:52,108,Cancelled
15084,09-09-2015,20:00:05,106,Failed
15085,09-09-2015,20:30:05,106,Failed
15086,09-09-2015,20:46:28,107,Failed
15087,09-09-2015,21:07:17,109,Delivered
15088,09-09-2015,21:22:44,107,Cancelled
15089,09-09-2015,21:24:07,102,Delivered
15090,09-09-2015,21:30:59,105,Success
15091,09-09-2015,22:01:36,102,Delivered
15092,10-09-2015,10:25:19,101,Delivered
15093,10-09-2015,11:20:26,101,Failed
15094,10-09-2015,11:27:00,103,Cancelled
15095,10-09-2015,11:30:24,105,Cancelled
15096,10-09-2015,11:44:02,105,Delivered
15097,10-09-2015,11:50:16,109,Cancelled
15098,10-09-2015,11:57:45,101,Delivered
15099,10-09-2015,12:18:48,105,Cancelled
15100,10-09-2015,12:32:36,103,Failed
15101,10-09-2015,12:48:41,105,Delivered
15102,10-09-2015,12:51:27,101,Delivered
15103,10-09-2015,12:52:14,101,Success
15104,10-09-2015,12:53:19,101,Success
15105,10-09-2015,12:58:05,104,Success
15106,10-09-2015,12:58:11,110,Failed
15107,10-09-2015,13:02:24,106,Success
15108,10-09-2015,13:13:18,104,Cancelled
15109,10-09-2015,13:20:16,106,Success
15110,10-09-2015,13:35:54,110,Delivered
15111,10-09-2015,13:38:01,109,Failed
15112,10-09-2015,13:49:16,102,Success
15113,10-09-2015,13:52:03,102,Delivered
15114,10-09-2015,13:54:34,104,Failed
15115,10-09-2015,13:54:53,103,Cancelled
15116,10-09-2015,14:27:00,105,Cancelled
15117,10-09-2015,14:29:44,105,Delivered
15118,10-09-2015,14:39:05,102,Failed
15119,10-09-2015,14:59:48,109,Cancelled
15120,10-09-2015,15:09:40,110,Success
15121,10-09-2015,15:37:20,108,Cancelled
15122,10-09-2015,15:37:43,101,Delivered
15123,10-09-2015,16:00:31,109,Cancelled
15124,10-09-2015,16:07:14,106,Cancelled
15125,10-09-2015,16:22:38,108,Cancelled
15126,10-09-2015,16:34:32,106,Cancelled
15127,10-09-2015,16:39:46,102,Cancelled
15128,10-09-2015,16:42:30,106,Delivered
15129,10-09-2015,16:49:41,105,Cancelled
15130,10-09-2015,16:52:49,110,Success
15131,10-09-2015,16:57:25,102,Failed
15132,10-09-2015,16:57:31,105,Failed
15133,10-09-2015,17:25:12,102,Cancelled
15134,10-09-2015,17:25:41,101,Cancelled
15135,10-09-2015,17:48:22,102,Delivered
15136,10-09-2015,17:49:14,107,Success
15137,10-09-2015,17:59:35,108,Failed
15138,10-09-2015,18:11:42,108,Success
15139,10-09-2015,18:21:50,106,Delivered
15140,10-09-2015,18:23:11,105,Cancelled
15141,10-09-2015,18:34:31,109,Cancelled
15142,10-09-2015,19:24:57,102,Cancelled
15143,10-09-2015,19:27:36,107,Cancelled
15144,10-09-2015,19:45:13,109,Failed
15145,10-09-2015,19:46:17,104,Delivered
15146,10-09-2015,19:46:39,102,Failed
15147,10-09-2015,19:54:37,104,Delivered
15148,10-09-2015,19:57:57,107,Success
15149,10-09-2015,20:06:16,104,Success
15150,10-09-2015,20:56:21,110,Success
15151,10-09-2015,21:04:48,106,Failed
15152,10-09-2015,21:34:42,105,Failed
15153,10-09-2015,21:53:10,101,Delivered
15154,11-09-2015,11:31:10,108,Success
15155,11-09-2015,11:36:15,104,Delivered
15156,11-09-2015,11:55:41,108,Delivered
15157,11-09-2015,12:03:06,109,Cancelled
15158,11-09-2015,12:13:07,103,Success
15159,11-09-2015,12:21:13,103,Delivered
15160,11-09-2015,12:31:44,110,Cancelled
15161,11-09-2015,12:36:47,110,Success
15162,11-09-2015,13:01:40,110,Failed
15163,11-09-2015,13:05:03,110,Cancelled
15164,11-09-2015,13:06:54,109,Failed
15165,11-09-2015,13:09:56,101,Cancelled
15166,11-09-2015,13:15:14,108,Success
15167,11-09-2015,13:15:43,101,Delivered
15168,11-09-2015,13:45:56,101,Failed
15169,11-09-2015,13:46:11,108,Success
15170,11-09-2015,13:54:07,101,Delivered
15171,11-09-2015,14:00:05,106,Cancelled
15172,11-09-2015,14:07:48,102,Success
15173,11-09-2015,14:10:01,102,Delivered
15174,11-09-2015,14:11:00,107,Delivered
15175,11-09-2015,14:14:32,106,Success
15176,11-09-2015,14:15:30,106,Failed
15177,11-09-2015,14:21:58,110,Delivered
15178,11-09-2015,14:31:32,110,Delivered
15179,11-09-2015,14:32:31,102,Cancelled
15180,11-09-2015,15:11:12,101,Success
15181,11-09-2015,15:22:58,106,Delivered
15182,11-09-2015,15:28:03,102,Cancelled
15183,11-09-2015,15:28:16,101,Delivered
15184,11-09-2015,15:44:24,110,Failed
15185,11-09-2015,15:46:21,105,Delivered
15186,11-09-2015,16:07:28,101,Failed
15187,11-09-2015,16:24:36,109,Failed
15188,11-09-2015,16:28:53,102,Delivered
15189,11-09-2015,16:37:18,109,Failed
15190,11-09-2015,16:45:10,110,Success
15191,11-09-2015,17:06:25,107,Delivered
15192,11-09-2015,17:07:53,101,Success
15193,11-09-2015,17:16:54,106,Success
15194,11-09-2015,17:17:56,101,Cancelled
15195,11-09-2015,17:22:29,110,Delivered
15196,11-09-2015,17:23:44,101,Cancelled
15197,11-09-2015,17:39:14,101,Failed
15198,11-09-2015,17:39:36,104,Cancelled
15199,11-09-2015,17:40:48,106,Failed
15200,11-09-2015,17:48:23,110,Delivered
15201,11-09-2015,17:49:16,106,Failed
15202,11-09-2015,17:53:07,107,Cancelled
15203,11-09-2015,17:53:09,105,Delivered
15204,11-09-2015,17:53:36,107,Delivered
15205,11-09-2015,17:59:40,103,Delivered
15206,11-09-2015,18:01:33,107,Delivered
15207,11-09-2015,18:23:40,102,Delivered
15208,11-09-2015,18:42:32,105,Cancelled
15209,11-09-2015,18:50:26,102,Success
15210,11-09-2015,18:55:40,109,Cancelled
15211,11-09-2015,18:58:23,108,Success
15212,11-09-2015,18:59:11,106,Failed
15213,11-09-2015,19:06:04,103,Success
15214,11-09-2015,19:20:48,104,Failed
15215,11-09-2015,19:23:28,109,Success
15216,11-09-2015,19:25:14,102,Success
15217,11-09-2015,19:30:58,101,Cancelled
15218,11-09-2015,19:34:15,104,Delivered
15219,11-09-2015,20:03:38,102,Delivered
15220,11-09-2015,20:06:37,107,Success
15221,11-09-2015,20:13:33,103,Failed
15222,11-09-2015,20:13:38,101,Cancelled
15223,11-09-2015,21:04:49,109,Cancelled
15224,11-09-2015,21:10:36,108,Delivered
15225,11-09-2015,21:22:38,109,Failed
15226,11-09-2015,21:25:20,105,Failed
15227,11-09-2015,21:25:46,107,Delivered
15228,11-09-2015,22:02:02,109,Cancelled
15229,11-09-2015,22:41:15,108,Success
15230,11-09-2015,22:53:36,107,Failed
15231,12-09-2015,11:43:50,105,Success
15232,12-09-2015,12:16:01,103,Success
15233,12-09-2015,12:24:42,105,Delivered
15234,12-09-2015,12:49:27,107,Cancelled
15235,12-09-2015,13:04:23,106,Failed
15236,12-09-2015,13:08:47,109,Failed
15237,12-09-2015,13:14:58,107,Delivered
15238,12-09-2015,13:16:30,102,Delivered
15239,12-09-2015,13:18:01,109,Cancelled
15240,12-09-2015,13:26:23,102,Failed
15241,12-09-2015,13:28:17,102,Success
15242,12-09-2015,13:36:07,103,Cancelled
15243,12-09-2015,13:37:21,105,Failed
15244,12-09-2015,13:44:20,110,Cancelled
15245,12-09-2015,14:02:13,108,Cancelled
15246,12-09-2015,14:15:29,108,Cancelled
15247,12-09-2015,14:34:55,101,Cancelled
15248,12-09-2015,14:49:17,105,Failed
15249,12-09-2015,15:21:44,105,Delivered
15250,12-09-2015,15:41:17,101,Delivered
15251,12-09-2015,15:43:16,103,Failed
15252,12-09-2015,15:45:46,103,Cancelled
15253,12-09-2015,16:13:10,110,Failed
15254,12-09-2015,16:16:46,107,Cancelled
15255,12-09-2015,16:42:30,110,Delivered
15256,12-09-2015,16:46:38,101,Success
15257,12-09-2015,16:47:48,102,Cancelled
15258,12-09-2015,17:05:36,107,Success
15259,12-09-2015,17:09:52,101,Delivered
15260,12-09-2015,17:23:26,104,Cancelled
15261,12-09-2015,17:24:40,104,Failed
15262,12-09-2015,17:25:38,110,Delivered
15263,12-09-2015,17:37:11,103,Failed
15264,12-09-2015,17:41:37,105,Success
15265,12-09-2015,17:47:59,105,Cancelled
15266,12-09-2015,17:49:17,101,Failed
15267,12-09-2015,17:51:08,106,Success
15268,12-09-2015,17:56:07,104,Success
15269,12-09-2015,18:28:44,101,Delivered
15270,12-09-2015,18:29:09,103,Cancelled
15271,12-09-2015,18:31:53,107,Delivered
15272,12-09-2015,18:37:31,101,Delivered
15273,12-09-2015,18:42:06,110,Failed
15274,12-09-2015,18:43:39,110,Failed
15275,12-09-2015,18:43:45,105,Failed
15276,12-09-2015,18:44:03,103,Success
15277,12-09-2015,18:53:07,102,Delivered
15278,12-09-2015,19:25:56,108,Cancelled
15279,12-09-2015,19:28:00,107,Failed
15280,12-09-2015,19:29:12,105,Cancelled
15281,12-09-2015,19:35:21,103,Delivered
15282,12-09-2015,19:43:43,106,Delivered
15283,12-09-2015,19:49:50,110,Delivered
15284,12-09-2015,19:50:59,108,Success
15285,12-09-2015,19:55:19,104,Failed
15286,12-09-2015,20:11:30,104,Success
15287,12-09-2015,20:18:11,110,Failed
15288,12-09-2015,20:20:43,105,Success
15289,12-09-2015,20:32:55,108,Success
15290,12-09-2015,21:06:56,102,Delivered
15291,12-09-2015,21:08:36,103,Failed
15292,12-09-2015,21:19:36,109,Cancelled
15293,12-09-2015,21:26:43,110,Cancelled
15294,12-09-2015,21:41:25,108,Failed
15295,12-09-2015,21:57:17,106,Delivered
15296,12-09-2015,22:26:16,106,Delivered
15297,12-09-2015,22:28:22,107,Failed
15298,13-09-2015,12:11:43,103,Success
15299,13-09-2015,12:12:17,101,Cancelled
15300,13-09-2015,12:23:40,109,Delivered
15301,13-09-2015,12:29:46,102,Failed
15302,13-09-2015,12:48:45,110,Cancelled
15303,13-09-2015,12:51:38,101,Success
15304,13-09-2015,12:56:49,104,Success
15305,13-09-2015,13:09:38,102,Success
15306,13-09-2015,13:15:33,101,Failed
15307,13-09-2015,13:18:32,102,Failed
15308,13-09-2015,13:31:05,104,Cancelled
15309,13-09-2015,13:34:25,101,Delivered
15310,13-09-2015,13:39:49,101,Cancelled
15311,13-09-2015,14:19:58,101,Delivered
15312,13-09-2015,14:28:51,110,Cancelled
15313,13-09-2015,14:40:16,105,Success
15314,13-09-2015,14:45:58,109,Cancelled
15315,13-09-2015,15:09:43,103,Failed
15316,13-09-2015,15:42:33,104,Failed
15317,13-09-2015,16:05:09,110,Cancelled
15318,13-09-2015,16:18:22,105,Cancelled
15319,13-09-2015,16:37:43,110,Delivered
15320,13-09-2015,16:41:03,110,Delivered
15321,13-09-2015,16:51:12,109,Cancelled
15322,13-09-2015,17:08:46,108,Failed
15323,13-09-2015,17:19:01,104,Delivered
15324,13-09-2015,18:06:57,107,Success
15325,13-09-2015,18:22:07,109,Delivered
15326,13-09-2015,18:30:49,110,Delivered
15327,13-09-2015,18:35:59,106,Failed
15328,13-09-2015,18:37:07,105,Failed
15329,13-09-2015,18:43:01,103,Delivered
15330,13-09-2015,18:51:01,108,Delivered
15331,13-09-2015,19:04:17,101,Cancelled
15332,13-09-2015,19:04:43,103,Cancelled
15333,13-09-2015,19:09:33,110,Cancelled
15334,13-09-2015,19:10:36,106,Delivered
15335,13-09-2015,19:13:33,107,Delivered
15336,13-09-2015,19:49:25,101,Failed
15337,13-09-2015,20:08:42,107,Failed
15338,13-09-2015,20:10:35,104,Delivered
15339,13-09-2015,20:30:15,105,Failed
15340,13-09-2015,20:37:53,110,Failed
15341,13-09-2015,20:39:51,103,Cancelled
15342,13-09-2015,21:19:39,109,Cancelled
15343,13-09-2015,21:19:52,105,Cancelled
15344,13-09-2015,21:33:53,108,Cancelled
15345,13-09-2015,22:08:13,106,Failed
15346,13-09-2015,22:24:04,107,Success
15347,14-09-2015,11:50:50,103,Cancelled
15348,14-09-2015,11:58:38,109,Delivered
15349,14-09-2015,12:04:49,108,Cancelled
15350,14-09-2015,12:05:06,102,Failed
15351,14-09-2015,12:08:36,105,Delivered
15352,14-09-2015,12:24:07,106,Delivered
15353,14-09-2015,12:24:49,108,Delivered
15354,14-09-2015,12:26:09,102,Failed
15355,14-09-2015,12:30:18,106,Delivered
15356,14-09-2015,12:35:46,109,Cancelled
15357,14-09-2015,12:44:38,110,Cancelled
15358,14-09-2015,12:52:08,108,Delivered
15359,14-09-2015,12:54:05,105,Success
15360,14-09-2015,12:57:49,105,Failed
15361,14-09-2015,13:04:45,102,Failed
15362,14-09-2015,13:10:47,108,Cancelled
15363,14-09-2015,13:26:04,104,Success
15364,14-09-2015,13:38:47,110,Cancelled
15365,14-09-2015,13:41:26,105,Delivered
15366,14-09-2015,13:46:39,102,Cancelled
15367,14-09-2015,13:52:15,105,Failed
15368,14-09-2015,13:55:32,101,Cancelled
15369,14-09-2015,13:56:01,108,Cancelled
15370,14-09-2015,14:00:39,104,Cancelled
15371,14-09-2015,14:06:39,110,Failed
15372,14-09-2015,14:11:17,107,Failed
15373,14-09-2015,14:34:22,108,Delivered
15374,14-09-2015,14:35:08,106,Cancelled
15375,14-09-2015,14:55:59,108,Success
15376,14-09-2015,15:46:08,107,Failed
15377,14-09-2015,16:11:47,110,Cancelled
15378,14-09-2015,16:18:38,105,Delivered
15379,14-09-2015,16:21:14,106,Delivered
15380,14-09-2015,16:23:56,109,Cancelled
15381,14-09-2015,16:47:50,105,Cancelled
15382,14-09-2015,16:49:35,108,Failed
15383,14-09-2015,17:01:02,104,Cancelled
15384,14-09-2015,17:07:28,109,Failed
15385,14-09-2015,17:20:02,107,Failed
15386,14-09-2015,17:27:00,110,Success
15387,14-09-2015,17:33:11,101,Failed
15388,14-09-2015,17:34:49,108,Delivered
15389,14-09-2015,17:39:20,106,Failed
15390,14-09-2015,18:22:42,108,Delivered
15391,14-09-2015,18:49:48,110,Cancelled
15392,14-09-2015,19:09:25,107,Success
15393,14-09-2015,19:22:48,102,Cancelled
15394,14-09-2015,19:47:26,105,Delivered
15395,14-09-2015,20:06:20,108,Failed
15396,14-09-2015,20:08:26,102,Success
15397,14-09-2015,20:13:24,105,Cancelled
15398,14-09-2015,20:15:14,110,Success
15399,14-09-2015,20:23:48,108,Delivered
15400,14-09-2015,20:26:10,108,Failed
15401,14-09-2015,20:30:35,107,Failed
15402,14-09-2015,20:38:28,103,Delivered
15403,14-09-2015,20:52:35,106,Failed
15404,14-09-2015,21:40:39,104,Delivered
15405,14-09-2015,21:59:08,104,Cancelled
15406,14-09-2015,22:21:22,105,Success
15407,15-09-2015,11:23:42,106,Failed
15408,15-09-2015,11:37:41,109,Success
15409,15-09-2015,11:43:36,107,Failed
15410,15-09-2015,11:59:29,103,Failed
15411,15-09-2015,12:06:51,110,Failed
15412,15-09-2015,12:15:42,101,Cancelled
15413,15-09-2015,12:16:05,108,Failed
15414,15-09-2015,12:24:53,110,Cancelled
15415,15-09-2015,12:34:54,107,Delivered
15416,15-09-2015,12:52:14,110,Failed
15417,15-09-2015,12:59:14,105,Failed
15418,15-09-2015,13:23:41,104,Cancelled
15419,15-09-2015,13:27:41,108,Success
15420,15-09-2015,13:28:36,110,Failed
15421,15-09-2015,13:30:46,105,Success
15422,15-09-2015,13:42:25,108,Cancelled
15423,15-09-2015,13:43:17,102,Success
15424,15-09-2015,14:01:41,103,Failed
15425,15-09-2015,14:03:54,106,Cancelled
15426,15-09-2015,14:57:18,101,Failed
15427,15-09-2015,14:59:11,106,Cancelled
15428,15-09-2015,15:01:12,106,Success
15429,15-09-2015,15:01:26,106,Delivered
15430,15-09-2015,15:08:21,108,Failed
15431,15-09-2015,15:28:17,106,Failed
15432,15-09-2015,15:30:53,102,Failed
15433,15-09-2015,15:39:55,106,Failed
15434,15-09-2015,15:49:18,110,Success
15435,15-09-2015,16:08:22,110,Success
15436,15-09-2015,16:16:55,101,Success
15437,15-09-2015,16:20:29,103,Failed
15438,15-09-2015,16:27:08,104,Cancelled
15439,15-09-2015,16:34:42,107,Failed
15440,15-09-2015,16:48:57,103,Cancelled
15441,15-09-2015,16:52:37,110,Failed
15442,15-09-2015,16:58:35,109,Failed
15443,15-09-2015,17:23:24,103,Cancelled
15444,15-09-2015,17:26:44,110,Failed
15445,15-09-2015,17:31:25,102,Success
15446,15-09-2015,17:47:14,109,Delivered
15447,15-09-2015,17:47:59,110,Delivered
15448,15-09-2015,17:50:26,106,Cancelled
15449,15-09-2015,18:01:59,101,Success
15450,15-09-2015,18:34:17,107,Failed
15451,15-09-2015,18:47:59,107,Cancelled
15452,15-09-2015,19:11:22,110,Success
15453,15-09-2015,19:17:35,109,Cancelled
15454,15-09-2015,19:28:25,106,Success
15455,15-09-2015,19:41:42,106,Delivered
15456,15-09-2015,19:58:07,103,Delivered
15457,15-09-2015,20:07:29,103,Cancelled
15458,15-09-2015,20:22:26,106,Delivered
15459,15-09-2015,20:27:43,103,Delivered
15460,15-09-2015,20:31:00,102,Success
15461,15-09-2015,20:36:46,109,Delivered
15462,15-09-2015,21:03:21,104,Success
15463,15-09-2015,21:28:08,107,Cancelled
15464,15-09-2015,21:38:20,102,Delivered
15465,15-09-2015,21:46:15,109,Cancelled
15466,15-09-2015,21:54:58,109,Failed
15467,15-09-2015,22:10:10,103,Failed
15468,15-09-2015,22:16:37,101,Success
15469,15-09-2015,22:25:09,106,Cancelled
15470,15-09-2015,22:29:24,101,Cancelled
15471,15-09-2015,22:32:14,105,Delivered
15472,16-09-2015,11:47:53,110,Delivered
15473,16-09-2015,11:50:09,108,Success
15474,16-09-2015,12:01:29,102,Delivered
15475,16-09-2015,12:16:13,106,Cancelled
15476,16-09-2015,12:23:12,110,Failed
15477,16-09-2015,12:24:20,110,Delivered
15478,16-09-2015,12:24:32,101,Cancelled
15479,16-09-2015,12:24:54,105,Cancelled
15480,16-09-2015,12:30:03,109,Delivered
15481,16-09-2015,12:34:55,106,Delivered
15482,16-09-2015,12:43:44,110,Success
15483,16-09-2015,12:46:54,104,Delivered
15484,16-09-2015,12:48:12,109,Failed
15485,16-09-2015,12:48:20,109,Cancelled
15486,16-09-2015,12:59:14,103,Success
15487,16-09-2015,13:06:03,106,Failed
15488,16-09-2015,13:20:23,101,Success
15489,16-09-2015,13:30:50,110,Cancelled
15490,16-09-2015,13:44:15,109,Success
15491,16-09-2015,13:52:16,103,Success
15492,16-09-2015,13:56:30,104,Cancelled
15493,16-09-2015,14:11:50,103,Delivered
15494,16-09-2015,14:24:53,102,Cancelled
15495,16-09-2015,14:28:12,110,Cancelled
15496,16-09-2015,14:29:23,103,Success
15497,16-09-2015,14:36:07,107,Cancelled
15498,16-09-2015,14:45:14,101,Failed
15499,16-09-2015,15:07:30,104,Success
15500,16-09-2015,15:13:31,107,Success
15501,16-09-2015,15:26:03,109,Success
15502,16-09-2015,15:26:55,101,Delivered
15503,16-09-2015,15:31:55,110,Cancelled
15504,16-09-2015,16:13:59,107,Cancelled
15505,16-09-2015,16:28:28,105,Success
15506,16-09-2015,16:29:42,106,Success
15507,16-09-2015,17:04:02,106,Cancelled
15508,16-09-2015,17:16:43,107,Delivered
15509,16-09-2015,17:30:44,102,Success
15510,16-09-2015,17:33:24,104,Success
15511,16-09-2015,17:59:04,107,Success
15512,16-09-2015,18:13:14,102,Delivered
15513,16-09-2015,18:15:14,102,Delivered
15514,16-09-2015,18:28:15,108,Delivered
15515,16-09-2015,18:29:49,107,Delivered
15516,16-09-2015,18:38:42,108,Success
15517,16-09-2015,18:59:31,105,Cancelled
15518,16-09-2015,19:07:18,101,Success
15519,16-09-2015,19:09:05,103,Delivered
15520,16-09-2015,19:10:06,102,Failed
15521,16-09-2015,19:12:46,104,Failed
15522,16-09-2015,19:25:24,108,Cancelled
15523,16-09-2015,19:37:58,108,Delivered
15524,16-09-2015,19:38:15,109,Failed
15525,16-09-2015,19:39:00,104,Success
15526,16-09-2015,19:39:55,106,Delivered
15527,16-09-2015,21:06:29,101,Cancelled
15528,16-09-2015,21:18:31,101,Delivered
15529,16-09-2015,21:37:56,104,Failed
15530,16-09-2015,21:38:16,106,Success
15531,16-09-2015,21:40:59,103,Cancelled
15532,16-09-2015,22:12:36,106,Cancelled
15533,17-09-2015,11:30:13,102,Cancelled
15534,17-09-2015,11:53:51,103,Cancelled
15535,17-09-2015,12:13:58,104,Cancelled
15536,17-09-2015,12:29:42,108,Failed
15537,17-09-2015,12:30:38,106,Delivered
15538,17-09-2015,12:43:10,106,Failed
15539,17-09-2015,12:44:48,101,Success
15540,17-09-2015,12:52:52,103,Success
15541,17-09-2015,13:02:04,101,Delivered
15542,17-09-2015,13:05:27,103,Success
15543,17-09-2015,13:06:14,106,Cancelled
15544,17-09-2015,13:15:51,109,Failed
15545,17-09-2015,13:26:41,107,Success
15546,17-09-2015,13:27:23,105,Cancelled
15547,17-09-2015,13:30:03,102,Success
15548,17-09-2015,14:23:14,106,Success
15549,17-09-2015,14:49:07,101,Success
15550,17-09-2015,14:53:23,110,Delivered
15551,17-09-2015,15:08:19,108,Success
15552,17-09-2015,15:11:14,101,Delivered
15553,17-09-2015,15:27:27,101,Success
15554,17-09-2015,15:56:00,108,Cancelled
15555,17-09-2015,15:59:51,105,Success
15556,17-09-2015,16:00:51,105,Delivered
15557,17-09-2015,16:06:54,107,Success
15558,17-09-2015,16:10:26,109,Success
15559,17-09-2015,16:13:28,110,Delivered
15560,17-09-2015,16:15:25,102,Cancelled
15561,17-09-2015,16:19:30,102,Success
15562,17-09-2015,16:22:25,108,Delivered
15563,17-09-2015,16:23:41,101,Cancelled
15564,17-09-2015,16:36:33,103,Cancelled
15565,17-09-2015,16:40:10,109,Failed
15566,17-09-2015,16:41:50,103,Cancelled
15567,17-09-2015,17:15:11,104,Delivered
15568,17-09-2015,17:26:06,110,Success
15569,17-09-2015,17:27:07,107,Success
15570,17-09-2015,17:29:32,102,Cancelled
15571,17-09-2015,17:34:06,107,Failed
15572,17-09-2015,17:36:16,109,Cancelled
15573,17-09-2015,17:45:39,107,Delivered
15574,17-09-2015,17:47:51,105,Delivered
15575,17-09-2015,18:04:34,110,Failed
15576,17-09-2015,18:12:48,108,Success
15577,17-09-2015,18:14:07,106,Success
15578,17-09-2015,18:19:17,102,Failed
15579,17-09-2015,18:31:22,110,Cancelled
15580,17-09-2015,18:37:23,107,Success
15581,17-09-2015,18:50:25,102,Delivered
15582,17-09-2015,18:54:05,103,Cancelled
15583,17-09-2015,19:20:45,105,Cancelled
15584,17-09-2015,19:28:20,104,Failed
15585,17-09-2015,19:30:43,110,Failed
15586,17-09-2015,20:01:15,102,Cancelled
15587,17-09-2015,20:03:16,106,Success
15588,17-09-2015,20:15:20,105,Success
15589,17-09-2015,20:55:52,104,Delivered
15590,17-09-2015,21:16:53,103,Cancelled
15591,18-09-2015,11:42:22,105,Cancelled
15592,18-09-2015,11:46:12,104,Delivered
15593,18-09-2015,11:48:24,107,Success
15594,18-09-2015,11:49:31,110,Success
15595,18-09-2015,11:58:27,106,Cancelled
15596,18-09-2015,12:03:53,110,Success
15597,18-09-2015,12:16:54,107,Delivered
15598,18-09-2015,12:23:28,104,Success
15599,18-09-2015,12:32:25,105,Success
15600,18-09-2015,12:33:41,104,Delivered
15601,18-09-2015,12:34:57,107,Success
15602,18-09-2015,12:39:17,102,Delivered
15603,18-09-2015,12:46:27,106,Delivered
15604,18-09-2015,12:47:42,101,Delivered
15605,18-09-2015,13:07:45,107,Delivered
15606,18-09-2015,13:11:58,110,Cancelled
15607,18-09-2015,13:12:30,102,Success
15608,18-09-2015,13:12:54,102,Failed
15609,18-09-2015,13:16:13,103,Failed
15610,18-09-2015,13:18:37,104,Success
15611,18-09-2015,13:37:54,101,Success
15612,18-09-2015,13:44:50,108,Success
15613,18-09-2015,13:45:37,103,Failed
15614,18-09-2015,13:45:49,104,Success
15615,18-09-2015,13:50:36,106,Failed
15616,18-09-2015,14:29:58,102,Success
15617,18-09-2015,15:59:35,109,Delivered
15618,18-09-2015,16:04:34,101,Failed
15619,18-09-2015,16:31:49,109,Cancelled
15620,18-09-2015,16:45:06,101,Delivered
15621,18-09-2015,17:07:36,103,Delivered
15622,18-09-2015,17:16:37,106,Success
15623,18-09-2015,17:23:12,104,Failed
15624,18-09-2015,17:25:09,102,Cancelled
15625,18-09-2015,17:29:44,104,Delivered
15626,18-09-2015,17:32:09,110,Success
15627,18-09-2015,17:46:38,109,Failed
15628,18-09-2015,17:48:07,107,Delivered
15629,18-09-2015,17:54:57,107,Cancelled
15630,18-09-2015,18:03:24,103,Cancelled
15631,18-09-2015,18:05:21,103,Success
15632,18-09-2015,18:17:19,106,Success
15633,18-09-2015,18:20:30,103,Failed
15634,18-09-2015,18:26:09,110,Failed
15635,18-09-2015,18:31:46,106,Success
15636,18-09-2015,18:34:40,101,Delivered
15637,18-09-2015,18:36:53,105,Failed
15638,18-09-2015,18:51:18,110,Success
15639,18-09-2015,18:57:17,107,Cancelled
15640,18-09-2015,18:57:58,101,Failed
15641,18-09-2015,19:06:36,103,Success
15642,18-09-2015,19:21:43,104,Delivered
15643,18-09-2015,19:48:24,110,Failed
15644,18-09-2015,19:53:52,101,Cancelled
15645,18-09-2015,20:01:02,102,Cancelled
15646,18-09-2015,20:06:28,109,Success
15647,18-09-2015,20:17:37,107,Success
15648,18-09-2015,20:21:52,103,Delivered
15649,18-09-2015,20:22:20,102,Delivered
15650,18-09-2015,20:48:30,104,Success
15651,18-09-2015,20:50:51,110,Failed
15652,18-09-2015,21:02:28,110,Cancelled
15653,18-09-2015,21:03:10,107,Success
15654,18-09-2015,21:08:38,107,Cancelled
15655,18-09-2015,21:11:24,108,Failed
15656,18-09-2015,21:21:32,101,Delivered
15657,18-09-2015,21:37:47,105,Failed
15658,18-09-2015,21:40:38,109,Cancelled
15659,18-09-2015,21:44:18,105,Failed
15660,18-09-2015,21:50:19,104,Success
15661,18-09-2015,21:56:04,109,Failed
15662,18-09-2015,22:55:28,101,Failed
15663,19-09-2015,11:32:48,103,Delivered
15664,19-09-2015,11:36:18,102,Success
15665,19-09-2015,11:50:27,110,Cancelled
15666,19-09-2015,11:51:45,107,Cancelled
15667,19-09-2015,12:10:26,110,Cancelled
15668,19-09-2015,12:21:39,107,Success
15669,19-09-2015,12:32:20,105,Delivered
15670,19-09-2015,12:55:11,102,Failed
15671,19-09-2015,12:56:56,110,Cancelled
15672,19-09-2015,13:09:49,108,Success
15673,19-09-2015,13:29:29,103,Success
15674,19-09-2015,14:16:35,101,Failed
15675,19-09-2015,14:29:13,101,Success
15676,19-09-2015,14:41:41,105,Cancelled
15677,19-09-2015,15:07:49,107,Cancelled
15678,19-09-2015,15:21:29,109,Delivered
15679,19-09-2015,15:29:48,102,Failed
15680,19-09-2015,15:37:28,103,Success
15681,19-09-2015,15:58:33,108,Delivered
15682,19-09-2015,16:12:16,106,Cancelled
15683,19-09-2015,16:34:35,105,Cancelled
15684,19-09-2015,16:39:52,105,Failed
15685,19-09-2015,16:50:46,107,Failed
15686,19-09-2015,17:07:37,101,Failed
15687,19-09-2015,17:25:45,106,Delivered
15688,19-09-2015,17:28:54,108,Cancelled
15689,19-09-2015,17:33:10,101,Cancelled
15690,19-09-2015,17:46:35,102,Failed
15691,19-09-2015,17:48:05,106,Failed
15692,19-09-2015,17:54:41,102,Cancelled
15693,19-09-2015,17:59:45,107,Delivered
15694,19-09-2015,17:59:47,106,Delivered
15695,19-09-2015,18:06:12,110,Cancelled
15696,19-09-2015,18:08:09,106,Success
15697,19-09-2015,18:20:15,107,Delivered
15698,19-09-2015,18:31:59,109,Success
15699,19-09-2015,18:36:20,101,Delivered
15700,19-09-2015,18:36:58,108,Delivered
15701,19-09-2015,18:38:32,108,Success
15702,19-09-2015,18:49:32,108,Failed
15703,19-09-2015,19:02:13,106,Success
15704,19-09-2015,19:08:02,105,Failed
15705,19-09-2015,19:20:15,108,Success
15706,19-09-2015,19:25:16,103,Failed
15707,19-09-2015,19:26:39,107,Failed
15708,19-09-2015,19:44:47,104,Delivered
15709,19-09-2015,19:44:59,108,Failed
15710,19-09-2015,19:50:41,109,Cancelled
15711,19-09-2015,19:55:45,107,Delivered
15712,19-09-2015,20:05:41,106,Success
15713,19-09-2015,20:09:43,104,Success
15714,19-09-2015,20:30:38,101,Failed
15715,19-09-2015,20:39:19,107,Success
15716,19-09-2015,21:01:33,105,Delivered
15717,19-09-2015,21:02:54,106,Failed
15718,19-09-2015,21:23:31,109,Success
15719,19-09-2015,21:26:46,107,Success
15720,19-09-2015,21:51:55,106,Delivered
15721,19-09-2015,22:27:51,103,Delivered
15722,20-09-2015,11:31:27,102,Success
15723,20-09-2015,11:42:39,105,Delivered
15724,20-09-2015,11:49:37,108,Delivered
15725,20-09-2015,11:51:11,101,Failed
15726,20-09-2015,12:13:41,102,Cancelled
15727,20-09-2015,12:16:44,104,Failed
15728,20-09-2015,12:30:44,104,Cancelled
15729,20-09-2015,12:42:58,106,Delivered
15730,20-09-2015,13:46:52,109,Success
15731,20-09-2015,13:55:20,110,Delivered
15732,20-09-2015,14:07:46,108,Failed
15733,20-09-2015,14:24:04,106,Success
15734,20-09-2015,14:30:43,105,Success
15735,20-09-2015,15:02:39,103,Success
15736,20-09-2015,15:24:26,107,Delivered
15737,20-09-2015,15:41:18,109,Cancelled
15738,20-09-2015,16:07:07,108,Cancelled
15739,20-09-2015,16:09:37,102,Delivered
15740,20-09-2015,16:12:49,106,Failed
15741,20-09-2015,16:20:02,105,Failed
15742,20-09-2015,16:27:44,103,Failed
15743,20-09-2015,16:37:12,107,Cancelled
15744,20-09-2015,17:01:18,109,Failed
15745,20-09-2015,17:20:37,109,Cancelled
15746,20-09-2015,17:28:12,101,Success
15747,20-09-2015,17:29:06,103,Failed
15748,20-09-2015,17:41:29,101,Delivered
15749,20-09-2015,17:42:21,104,Success
15750,20-09-2015,17:52:51,110,Failed
15751,20-09-2015,18:07:35,102,Failed
15752,20-09-2015,18:29:44,109,Cancelled
15753,20-09-2015,18:32:23,102,Failed
15754,20-09-2015,18:35:45,110,Success
15755,20-09-2015,18:45:04,107,Failed
15756,20-09-2015,18:51:34,109,Delivered
15757,20-09-2015,18:53:12,106,Cancelled
15758,20-09-2015,18:59:57,107,Failed
15759,20-09-2015,19:33:38,105,Success
15760,20-09-2015,19:41:29,108,Delivered
15761,20-09-2015,19:46:15,104,Success
15762,20-09-2015,19:51:23,105,Cancelled
15763,20-09-2015,20:00:24,109,Failed
15764,20-09-2015,20:14:01,106,Failed
15765,20-09-2015,20:56:48,101,Success
15766,20-09-2015,21:27:32,104,Cancelled
15767,20-09-2015,21:37:50,106,Delivered
15768,20-09-2015,21:53:20,108,Failed
15769,20-09-2015,22:09:57,110,Delivered
15770,21-09-2015,11:25:00,106,Delivered
15771,21-09-2015,11:38:44,101,Cancelled
15772,21-09-2015,11:43:14,105,Success
15773,21-09-2015,11:52:21,103,Success
15774,21-09-2015,11:53:39,103,Cancelled
15775,21-09-2015,11:57:01,108,Success
15776,21-09-2015,11:57:50,103,Failed
15777,21-09-2015,12:23:27,102,Failed
15778,21-09-2015,12:27:49,106,Cancelled
15779,21-09-2015,12:31:23,108,Cancelled
15780,21-09-2015,12:34:43,109,Cancelled
15781,21-09-2015,12:34:53,109,Success
15782,21-09-2015,12:40:39,104,Failed
15783,21-09-2015,12:51:11,104,Delivered
15784,21-09-2015,12:51:25,105,Failed
15785,21-09-2015,12:54:00,102,Success
15786,21-09-2015,13:19:30,110,Cancelled
15787,21-09-2015,13:28:14,108,Success
15788,21-09-2015,13:33:41,102,Cancelled
15789,21-09-2015,13:34:24,106,Success
15790,21-09-2015,13:35:40,106,Cancelled
15791,21-09-2015,14:18:00,103,Cancelled
15792,21-09-2015,15:26:46,106,Cancelled
15793,21-09-2015,15:34:48,104,Success
15794,21-09-2015,16:30:45,107,Delivered
15795,21-09-2015,16:33:10,104,Success
15796,21-09-2015,16:39:51,110,Delivered
15797,21-09-2015,16:40:29,109,Failed
15798,21-09-2015,16:40:42,105,Failed
15799,21-09-2015,16:57:34,109,Success
15800,21-09-2015,17:02:34,108,Cancelled
15801,21-09-2015,17:14:29,106,Success
15802,21-09-2015,17:31:57,107,Cancelled
15803,21-09-2015,17:44:40,107,Success
15804,21-09-2015,17:48:38,108,Delivered
15805,21-09-2015,17:48:57,103,Success
15806,21-09-2015,17:54:12,108,Delivered
15807,21-09-2015,18:00:45,107,Delivered
15808,21-09-2015,18:01:42,105,Failed
15809,21-09-2015,18:03:11,110,Delivered
15810,21-09-2015,18:08:56,110,Failed
15811,21-09-2015,18:39:47,103,Success
15812,21-09-2015,19:03:02,102,Delivered
15813,21-09-2015,19:07:35,107,Failed
15814,21-09-2015,19:15:25,106,Cancelled
15815,21-09-2015,19:51:04,107,Failed
15816,21-09-2015,20:19:45,105,Success
15817,21-09-2015,20:23:42,110,Cancelled
15818,21-09-2015,20:26:18,104,Delivered
15819,21-09-2015,20:27:57,105,Failed
15820,21-09-2015,20:36:53,105,Delivered
15821,21-09-2015,20:39:18,110,Success
15822,21-09-2015,21:21:07,109,Failed
15823,21-09-2015,21:26:37,106,Delivered
15824,21-09-2015,21:37:55,108,Cancelled
15825,21-09-2015,22:13:36,107,Success
15826,21-09-2015,22:23:06,108,Delivered
15827,22-09-2015,11:32:43,107,Delivered
15828,22-09-2015,11:36:46,108,Success
15829,22-09-2015,12:11:12,106,Delivered
15830,22-09-2015,12:15:10,101,Failed
15831,22-09-2015,12:35:02,101,Delivered
15832,22-09-2015,12:35:17,107,Failed
15833,22-09-2015,12:49:21,106,Cancelled
15834,22-09-2015,12:57:23,110,Failed
15835,22-09-2015,13:00:31,103,Cancelled
15836,22-09-2015,13:04:05,104,Success
15837,22-09-2015,13:15:39,109,Cancelled
15838,22-09-2015,13:18:06,104,Cancelled
15839,22-09-2015,13:39:12,105,Success
15840,22-09-2015,13:58:37,101,Cancelled
15841,22-09-2015,14:04:46,106,Cancelled
15842,22-09-2015,14:13:46,101,Delivered
15843,22-09-2015,14:16:27,109,Delivered
15844,22-09-2015,14:23:01,106,Delivered
15845,22-09-2015,14:50:31,104,Failed
15846,22-09-2015,14:59:09,104,Success
15847,22-09-2015,15:25:43,106,Success
15848,22-09-2015,15:32:13,106,Failed
15849,22-09-2015,16:08:31,101,Failed
15850,22-09-2015,16:10:03,109,Failed
15851,22-09-2015,16:12:53,101,Failed
15852,22-09-2015,16:17:56,108,Delivered
15853,22-09-2015,16:21:17,101,Failed
15854,22-09-2015,16:22:45,102,Success
15855,22-09-2015,16:33:05,109,Success
15856,22-09-2015,16:46:02,108,Success
15857,22-09-2015,16:46:39,106,Success
15858,22-09-2015,16:47:25,104,Failed
15859,22-09-2015,16:51:57,103,Success
15860,22-09-2015,16:59:35,102,Cancelled
15861,22-09-2015,18:01:51,110,Failed
15862,22-09-2015,18:12:53,109,Cancelled
15863,22-09-2015,18:13:51,110,Delivered
15864,22-09-2015,18:44:00,107,Delivered
15865,22-09-2015,18:46:11,108,Success
15866,22-09-2015,19:01:29,102,Failed
15867,22-09-2015,19:06:57,101,Failed
15868,22-09-2015,19:24:31,107,Success
15869,22-09-2015,19:28:15,103,Delivered
15870,22-09-2015,19:28:21,103,Delivered
15871,22-09-2015,19:51:47,108,Success
15872,22-09-2015,20:05:40,101,Delivered
15873,22-09-2015,20:19:17,101,Delivered
15874,22-09-2015,20:26:26,101,Success
15875,22-09-2015,20:32:57,108,Failed
15876,22-09-2015,20:47:18,102,Cancelled
15877,22-09-2015,20:59:28,104,Delivered
15878,22-09-2015,21:03:29,105,Success
15879,22-09-2015,21:06:10,110,Delivered
15880,22-09-2015,21:15:55,102,Cancelled
15881,23-09-2015,11:18:30,103,Delivered
15882,23-09-2015,11:24:03,108,Delivered
15883,23-09-2015,11:40:33,104,Success
15884,23-09-2015,11:42:00,109,Success
15885,23-09-2015,11:45:28,103,Delivered
15886,23-09-2015,11:55:35,106,Delivered
15887,23-09-2015,12:09:53,109,Cancelled
15888,23-09-2015,12:11:09,106,Failed
15889,23-09-2015,12:18:29,110,Delivered
15890,23-09-2015,12:24:42,104,Failed
15891,23-09-2015,12:30:12,103,Delivered
15892,23-09-2015,12:40:54,103,Success
15893,23-09-2015,12:42:00,107,Failed
15894,23-09-2015,12:56:52,110,Delivered
15895,23-09-2015,13:03:35,104,Cancelled
15896,23-09-2015,13:12:48,102,Success
15897,23-09-2015,13:18:47,109,Failed
15898,23-09-2015,13:31:40,104,Success
15899,23-09-2015,13:55:15,103,Success
15900,23-09-2015,13:58:42,104,Failed
15901,23-09-2015,13:58:48,105,Delivered
15902,23-09-2015,15:14:11,108,Cancelled
15903,23-09-2015,15:16:46,104,Delivered
15904,23-09-2015,15:17:18,103,Delivered
15905,23-09-2015,15:20:27,109,Delivered
15906,23-09-2015,16:01:04,107,Delivered
15907,23-09-2015,16:03:21,104,Delivered
15908,23-09-2015,16:12:22,109,Success
15909,23-09-2015,16:33:37,102,Cancelled
15910,23-09-2015,16:33:57,108,Success
15911,23-09-2015,16:34:56,110,Failed
15912,23-09-2015,16:40:17,102,Delivered
15913,23-09-2015,16:56:05,105,Failed
15914,23-09-2015,16:56:22,110,Success
15915,23-09-2015,17:17:23,102,Success
15916,23-09-2015,17:21:19,102,Delivered
15917,23-09-2015,17:24:43,104,Cancelled
15918,23-09-2015,17:33:08,105,Delivered
15919,23-09-2015,17:37:59,110,Success
15920,23-09-2015,17:59:49,110,Success
15921,23-09-2015,18:01:10,103,Success
15922,23-09-2015,18:21:04,101,Delivered
15923,23-09-2015,18:21:21,106,Cancelled
15924,23-09-2015,18:41:14,108,Success
15925,23-09-2015,18:53:38,108,Failed
15926,23-09-2015,18:56:22,110,Failed
15927,23-09-2015,19:18:00,109,Delivered
15928,23-09-2015,19:32:11,107,Success
15929,23-09-2015,19:34:08,102,Success
15930,23-09-2015,19:47:07,104,Failed
15931,23-09-2015,19:54:23,108,Success
15932,23-09-2015,20:05:30,101,Delivered
15933,23-09-2015,20:09:17,104,Cancelled
15934,23-09-2015,20:16:02,110,Delivered
15935,23-09-2015,20:44:39,106,Failed
15936,23-09-2015,20:45:29,109,Success
15937,23-09-2015,21:17:07,110,Delivered
15938,23-09-2015,21:18:15,102,Cancelled
15939,23-09-2015,21:54:13,109,Success
15940,23-09-2015,22:03:18,102,Delivered
15941,26-09-2015,11:48:15,108,Success
15942,26-09-2015,11:50:47,109,Cancelled
15943,26-09-2015,12:36:56,110,Failed
15944,26-09-2015,12:40:39,102,Delivered
15945,26-09-2015,12:46:10,108,Cancelled
15946,26-09-2015,12:47:25,104,Cancelled
15947,26-09-2015,12:57:13,104,Failed
15948,26-09-2015,13:33:59,110,Success
15949,26-09-2015,13:35:05,103,Cancelled
15950,26-09-2015,14:02:54,102,Success
15951,26-09-2015,14:03:50,101,Delivered
15952,26-09-2015,14:05:29,107,Success
15953,26-09-2015,14:27:37,105,Cancelled
15954,26-09-2015,14:55:47,104,Cancelled
15955,26-09-2015,14:59:41,101,Success
15956,26-09-2015,15:21:52,105,Cancelled
15957,26-09-2015,15:26:58,110,Success
15958,26-09-2015,15:30:41,106,Delivered
15959,26-09-2015,15:47:18,107,Delivered
15960,26-09-2015,16:05:07,105,Failed
15961,26-09-2015,16:27:55,104,Failed
15962,26-09-2015,16:44:22,103,Delivered
15963,26-09-2015,16:57:47,109,Failed
15964,26-09-2015,17:40:48,107,Success
15965,26-09-2015,17:57:55,107,Delivered
15966,26-09-2015,18:04:46,102,Cancelled
15967,26-09-2015,18:09:45,106,Delivered
15968,26-09-2015,18:11:02,108,Success
15969,26-09-2015,18:17:16,105,Cancelled
15970,26-09-2015,18:18:57,102,Cancelled
15971,26-09-2015,18:25:36,103,Delivered
15972,26-09-2015,18:39:54,109,Cancelled
15973,26-09-2015,19:16:45,108,Delivered
15974,26-09-2015,19:29:10,103,Cancelled
15975,26-09-2015,19:37:15,109,Failed
15976,26-09-2015,19:40:10,105,Delivered
15977,26-09-2015,19:42:11,110,Success
15978,26-09-2015,19:42:46,109,Delivered
15979,26-09-2015,19:53:10,101,Failed
15980,26-09-2015,20:02:35,110,Delivered
15981,26-09-2015,20:04:06,103,Cancelled
15982,26-09-2015,20:08:08,103,Delivered
15983,26-09-2015,20:12:34,107,Failed
15984,26-09-2015,20:20:39,109,Success
15985,26-09-2015,20:25:42,106,Delivered
15986,26-09-2015,20:28:41,108,Success
15987,26-09-2015,20:42:18,106,Delivered
15988,26-09-2015,20:48:17,106,Cancelled
15989,26-09-2015,21:24:12,108,Success
15990,26-09-2015,21:42:23,110,Delivered
15991,26-09-2015,21:45:34,104,Success
15992,26-09-2015,21:48:40,108,Delivered
15993,26-09-2015,21:52:33,108,Success
15994,26-09-2015,21:57:13,109,Cancelled
15995,26-09-2015,22:10:47,104,Success
15996,26-09-2015,22:25:38,103,Success
15997,27-09-2015,11:53:21,101,Success
15998,27-09-2015,11:58:40,106,Failed
15999,27-09-2015,12:16:19,109,Delivered
16000,27-09-2015,12:19:01,109,Success
16001,27-09-2015,12:56:37,105,Success
16002,27-09-2015,13:01:46,102,Failed
16003,27-09-2015,13:04:27,105,Delivered
16004,27-09-2015,13:07:33,109,Cancelled
16005,27-09-2015,13:09:49,104,Failed
16006,27-09-2015,13:17:26,107,Cancelled
16007,27-09-2015,13:20:27,107,Delivered
16008,27-09-2015,13:26:55,108,Failed
16009,27-09-2015,13:36:40,107,Success
16010,27-09-2015,13:40:41,110,Success
16011,27-09-2015,13:48:24,109,Delivered
16012,27-09-2015,13:52:19,108,Failed
16013,27-09-2015,13:59:05,104,Success
16014,27-09-2015,15:04:47,101,Failed
16015,27-09-2015,15:12:38,101,Delivered
16016,27-09-2015,15:24:15,109,Failed
16017,27-09-2015,15:43:08,105,Cancelled
16018,27-09-2015,15:54:25,107,Failed
16019,27-09-2015,15:58:56,105,Success
16020,27-09-2015,15:59:50,109,Delivered
16021,27-09-2015,16:12:10,109,Failed
16022,27-09-2015,16:23:44,106,Delivered
16023,27-09-2015,16:27:27,103,Delivered
16024,27-09-2015,17:08:33,108,Delivered
16025,27-09-2015,17:13:39,110,Failed
16026,27-09-2015,17:14:43,109,Failed
16027,27-09-2015,17:17:47,107,Failed
16028,27-09-2015,17:21:51,102,Cancelled
16029,27-09-2015,17:31:03,101,Failed
16030,27-09-2015,17:35:13,102,Cancelled
16031,27-09-2015,17:37:48,106,Failed
16032,27-09-2015,17:56:34,103,Delivered
16033,27-09-2015,17:57:29,102,Success
16034,27-09-2015,18:25:50,108,Success
16035,27-09-2015,18:46:40,107,Delivered
16036,27-09-2015,19:06:30,105,Delivered
16037,27-09-2015,19:17:27,104,Delivered
16038,27-09-2015,19:21:41,106,Failed
16039,27-09-2015,19:22:09,109,Failed
16040,27-09-2015,19:28:05,108,Cancelled
16041,27-09-2015,19:32:09,106,Failed
16042,27-09-2015,19:42:06,103,Success
16043,27-09-2015,19:58:52,105,Failed
16044,27-09-2015,20:05:01,109,Delivered
16045,27-09-2015,20:12:32,103,Delivered
16046,27-09-2015,20:14:14,110,Success
16047,27-09-2015,20:40:20,105,Cancelled
16048,27-09-2015,20:47:50,102,Success
16049,27-09-2015,20:47:53,101,Delivered
16050,27-09-2015,20:56:33,106,Delivered
16051,27-09-2015,20:58:37,102,Cancelled
16052,27-09-2015,21:01:07,109,Failed
16053,27-09-2015,21:15:19,104,Delivered
16054,27-09-2015,21:25:08,103,Success
16055,27-09-2015,21:29:35,106,Delivered
16056,27-09-2015,21:49:33,110,Cancelled
16057,27-09-2015,22:09:46,107,Cancelled
16058,28-09-2015,11:15:07,106,Cancelled
16059,28-09-2015,11:17:19,102,Failed
16060,28-09-2015,11:39:44,106,Failed
16061,28-09-2015,11:40:53,105,Failed
16062,28-09-2015,11:42:38,101,Failed
16063,28-09-2015,12:03:40,108,Delivered
16064,28-09-2015,12:13:55,105,Delivered
16065,28-09-2015,12:23:17,105,Success
16066,28-09-2015,12:29:45,102,Cancelled
16067,28-09-2015,12:43:31,104,Failed
16068,28-09-2015,12:48:21,104,Failed
16069,28-09-2015,13:11:19,108,Cancelled
16070,28-09-2015,13:15:06,104,Failed
16071,28-09-2015,13:18:13,109,Failed
16072,28-09-2015,13:36:24,107,Failed
16073,28-09-2015,13:44:34,106,Delivered
16074,28-09-2015,13:50:11,102,Failed
16075,28-09-2015,14:06:18,109,Delivered
16076,28-09-2015,14:43:00,109,Cancelled
16077,28-09-2015,15:04:54,110,Delivered
16078,28-09-2015,15:15:12,103,Cancelled
16079,28-09-2015,15:33:21,106,Cancelled
16080,28-09-2015,15:35:09,101,Failed
16081,28-09-2015,15:40:49,107,Cancelled
16082,28-09-2015,15:52:55,102,Delivered
16083,28-09-2015,15:58:18,105,Delivered
16084,28-09-2015,15:59:06,107,Delivered
16085,28-09-2015,16:09:56,101,Delivered
16086,28-09-2015,16:16:34,103,Delivered
16087,28-09-2015,16:18:38,110,Success
16088,28-09-2015,16:21:19,104,Failed
16089,28-09-2015,17:07:10,102,Delivered
16090,28-09-2015,17:11:16,101,Success
16091,28-09-2015,17:38:38,106,Failed
16092,28-09-2015,17:42:19,105,Delivered
16093,28-09-2015,17:43:45,109,Success
16094,28-09-2015,17:49:39,101,Cancelled
16095,28-09-2015,18:10:43,101,Delivered
16096,28-09-2015,18:16:20,108,Delivered
16097,28-09-2015,18:17:50,110,Cancelled
16098,28-09-2015,18:35:23,104,Success
16099,28-09-2015,18:35:48,107,Success
16100,28-09-2015,18:39:55,107,Delivered
16101,28-09-2015,18:40:34,108,Delivered
16102,28-09-2015,19:14:35,108,Cancelled
16103,28-09-2015,19:17:00,106,Success
16104,28-09-2015,19:22:27,101,Cancelled
16105,28-09-2015,19:26:49,105,Success
16106,28-09-2015,19:33:30,107,Failed
16107,28-09-2015,19:42:32,107,Success
16108,28-09-2015,19:47:32,101,Success
16109,28-09-2015,21:07:56,105,Cancelled
16110,28-09-2015,21:59:21,109,Success
16111,29-09-2015,11:24:00,101,Cancelled
16112,29-09-2015,11:34:06,106,Cancelled
16113,29-09-2015,11:41:43,106,Delivered
16114,29-09-2015,11:44:46,102,Success
16115,29-09-2015,11:52:59,102,Failed
16116,29-09-2015,11:59:47,105,Delivered
16117,29-09-2015,12:04:42,109,Failed
16118,29-09-2015,12:05:34,102,Failed
16119,29-09-2015,12:25:02,105,Cancelled
16120,29-09-2015,12:28:01,106,Success
16121,29-09-2015,12:38:49,109,Success
16122,29-09-2015,12:41:22,106,Delivered
16123,29-09-2015,12:46:27,101,Cancelled
16124,29-09-2015,13:03:48,110,Cancelled
16125,29-09-2015,13:15:28,103,Failed
16126,29-09-2015,13:16:52,108,Success
16127,29-09-2015,13:19:39,106,Delivered
16128,29-09-2015,13:38:03,106,Failed
16129,29-09-2015,13:47:06,101,Failed
16130,29-09-2015,13:58:42,108,Failed
16131,29-09-2015,14:31:05,105,Cancelled
16132,29-09-2015,14:32:36,101,Failed
16133,29-09-2015,14:54:46,107,Cancelled
16134,29-09-2015,14:59:48,110,Success
16135,29-09-2015,15:19:12,102,Cancelled
16136,29-09-2015,15:34:57,104,Delivered
16137,29-09-2015,15:36:34,103,Cancelled
16138,29-09-2015,15:45:30,108,Failed
16139,29-09-2015,15:46:08,101,Success
16140,29-09-2015,16:18:30,110,Success
16141,29-09-2015,16:18:45,110,Failed
16142,29-09-2015,16:26:49,106,Success
16143,29-09-2015,16:33:32,110,Delivered
16144,29-09-2015,16:51:34,108,Delivered
16145,29-09-2015,16:54:17,101,Delivered
16146,29-09-2015,16:55:00,109,Cancelled
16147,29-09-2015,17:23:14,105,Delivered
16148,29-09-2015,17:32:30,108,Success
16149,29-09-2015,17:40:02,103,Failed
16150,29-09-2015,17:44:37,108,Delivered
16151,29-09-2015,18:09:15,101,Success
16152,29-09-2015,18:18:17,102,Success
16153,29-09-2015,18:22:47,110,Failed
16154,29-09-2015,18:23:48,104,Delivered
16155,29-09-2015,18:24:04,109,Failed
16156,29-09-2015,18:26:31,110,Cancelled
16157,29-09-2015,18:33:43,108,Failed
16158,29-09-2015,18:50:13,103,Cancelled
16159,29-09-2015,19:00:35,104,Delivered
16160,29-09-2015,20:10:52,109,Delivered
16161,29-09-2015,20:11:54,101,Success
16162,29-09-2015,20:37:28,101,Success
16163,29-09-2015,20:37:31,110,Delivered
16164,29-09-2015,20:43:59,102,Failed
16165,29-09-2015,21:05:44,104,Success
16166,29-09-2015,21:44:11,102,Cancelled
16167,29-09-2015,21:45:37,110,Delivered
16168,29-09-2015,21:57:37,106,Success
16169,29-09-2015,22:01:29,101,Cancelled
16170,29-09-2015,22:20:44,107,Cancelled
16171,30-09-2015,11:32:15,103,Success
16172,30-09-2015,11:40:20,103,Success
16173,30-09-2015,11:47:37,110,Success
16174,30-09-2015,11:51:37,110,Cancelled
16175,30-09-2015,11:52:43,107,Success
16176,30-09-2015,11:57:29,110,Failed
16177,30-09-2015,12:04:03,106,Cancelled
16178,30-09-2015,12:30:03,109,Success
16179,30-09-2015,12:34:20,103,Delivered
16180,30-09-2015,12:49:26,107,Success
16181,30-09-2015,12:51:18,105,Success
16182,30-09-2015,13:04:09,104,Failed
16183,30-09-2015,13:05:11,108,Success
16184,30-09-2015,13:13:20,110,Cancelled
16185,30-09-2015,13:16:39,102,Delivered
16186,30-09-2015,13:30:56,107,Failed
16187,30-09-2015,13:42:13,107,Delivered
16188,30-09-2015,13:42:47,109,Success
16189,30-09-2015,13:45:27,110,Cancelled
16190,30-09-2015,13:51:42,104,Delivered
16191,30-09-2015,14:35:42,110,Failed
16192,30-09-2015,15:08:42,106,Failed
16193,30-09-2015,15:16:18,102,Success
16194,30-09-2015,15:27:39,105,Delivered
16195,30-09-2015,15:44:51,110,Cancelled
16196,30-09-2015,15:45:49,109,Success
16197,30-09-2015,16:02:31,104,Delivered
16198,30-09-2015,16:08:19,103,Success
16199,30-09-2015,16:11:25,103,Cancelled
16200,30-09-2015,16:14:09,109,Delivered
16201,30-09-2015,16:23:55,104,Cancelled
16202,30-09-2015,16:25:53,109,Failed
16203,30-09-2015,16:35:23,103,Cancelled
16204,30-09-2015,17:01:53,108,Cancelled
16205,30-09-2015,17:12:17,101,Success
16206,30-09-2015,17:13:45,110,Cancelled
16207,30-09-2015,17:21:56,110,Failed
16208,30-09-2015,17:24:38,103,Success
16209,30-09-2015,17:24:57,107,Success
16210,30-09-2015,17:25:30,103,Success
16211,30-09-2015,17:47:14,104,Success
16212,30-09-2015,17:53:09,104,Success
16213,30-09-2015,17:53:30,103,Failed
16214,30-09-2015,18:24:13,101,Success
16215,30-09-2015,18:52:47,108,Success
16216,30-09-2015,18:58:43,104,Failed
16217,30-09-2015,18:59:23,107,Failed
16218,30-09-2015,19:10:02,107,Failed
16219,30-09-2015,19:27:35,103,Delivered
16220,30-09-2015,19:28:11,109,Failed
16221,30-09-2015,19:46:21,105,Delivered
16222,30-09-2015,19:46:27,103,Success
16223,30-09-2015,19:52:20,109,Failed
16224,30-09-2015,20:03:51,104,Delivered
16225,30-09-2015,20:11:25,102,Failed
16226,30-09-2015,20:24:54,107,Failed
16227,30-09-2015,20:37:31,105,Cancelled
16228,30-09-2015,20:49:53,108,Cancelled
16229,30-09-2015,21:04:02,106,Cancelled
16230,30-09-2015,21:09:53,106,Cancelled
16231,30-09-2015,21:33:25,101,Success
16232,30-09-2015,22:01:18,109,Delivered
16233,01-10-2015,11:40:34,101,Cancelled
16234,01-10-2015,11:45:01,110,Failed
16235,01-10-2015,11:51:07,105,Delivered
16236,01-10-2015,12:05:37,102,Failed
16237,01-10-2015,12:15:17,109,Delivered
16238,01-10-2015,12:19:59,103,Delivered
16239,01-10-2015,12:20:27,107,Success
16240,01-10-2015,12:20:43,107,Success
16241,01-10-2015,12:26:52,102,Success
16242,01-10-2015,12:27:17,106,Success
16243,01-10-2015,12:36:00,109,Delivered
16244,01-10-2015,12:48:18,107,Failed
16245,01-10-2015,12:52:08,106,Failed
16246,01-10-2015,12:53:04,110,Delivered
16247,01-10-2015,13:02:56,109,Delivered
16248,01-10-2015,13:03:40,107,Success
16249,01-10-2015,13:04:00,107,Failed
16250,01-10-2015,13:06:05,110,Success
16251,01-10-2015,13:12:21,104,Delivered
16252,01-10-2015,13:17:18,103,Failed
16253,01-10-2015,13:18:26,104,Failed
16254,01-10-2015,13:23:06,109,Delivered
16255,01-10-2015,13:25:24,108,Delivered
16256,01-10-2015,13:26:02,107,Delivered
16257,01-10-2015,13:39:50,106,Failed
16258,01-10-2015,13:41:40,101,Delivered
16259,01-10-2015,13:55:14,103,Success
16260,01-10-2015,14:01:53,103,Delivered
16261,01-10-2015,14:37:52,108,Failed
16262,01-10-2015,14:40:35,106,Success
16263,01-10-2015,14:45:50,109,Success
16264,01-10-2015,14:46:34,106,Cancelled
16265,01-10-2015,14:47:35,106,Cancelled
16266,01-10-2015,14:51:57,109,Cancelled
16267,01-10-2015,14:52:18,105,Delivered
16268,01-10-2015,14:58:34,103,Delivered
16269,01-10-2015,15:08:24,101,Delivered
16270,01-10-2015,15:18:33,109,Delivered
16271,01-10-2015,15:27:24,103,Delivered
16272,01-10-2015,15:35:45,106,Delivered
16273,01-10-2015,15:36:11,104,Cancelled
16274,01-10-2015,15:54:56,103,Cancelled
16275,01-10-2015,16:32:16,103,Delivered
16276,01-10-2015,16:49:34,103,Failed
16277,01-10-2015,16:55:21,109,Delivered
16278,01-10-2015,16:57:39,105,Delivered
16279,01-10-2015,17:02:57,108,Delivered
16280,01-10-2015,17:07:51,106,Success
16281,01-10-2015,17:15:45,107,Success
16282,01-10-2015,17:23:23,107,Failed
16283,01-10-2015,17:30:14,107,Cancelled
16284,01-10-2015,17:38:09,104,Success
16285,01-10-2015,17:45:54,103,Cancelled
16286,01-10-2015,17:46:13,101,Failed
16287,01-10-2015,17:52:12,105,Cancelled
16288,01-10-2015,17:54:55,107,Failed
16289,01-10-2015,18:06:18,104,Failed
16290,01-10-2015,18:07:53,110,Delivered
16291,01-10-2015,18:17:53,108,Failed
16292,01-10-2015,18:21:20,102,Cancelled
16293,01-10-2015,18:22:28,104,Cancelled
16294,01-10-2015,18:24:56,105,Success
16295,01-10-2015,18:27:44,105,Cancelled
16296,01-10-2015,18:31:18,109,Success
16297,01-10-2015,18:31:55,103,Success
16298,01-10-2015,18:34:52,107,Cancelled
16299,01-10-2015,18:38:15,110,Success
16300,01-10-2015,18:40:41,104,Cancelled
16301,01-10-2015,18:48:13,105,Failed
16302,01-10-2015,19:30:12,107,Success
16303,01-10-2015,19:44:33,104,Delivered
16304,01-10-2015,19:45:05,109,Failed
16305,01-10-2015,19:49:15,106,Delivered
16306,01-10-2015,19:54:04,106,Success
16307,01-10-2015,19:59:37,108,Success
16308,01-10-2015,20:08:56,106,Success
16309,01-10-2015,20:15:53,110,Cancelled
16310,01-10-2015,20:19:04,108,Cancelled
16311,01-10-2015,20:24:06,105,Success
16312,01-10-2015,20:48:51,105,Delivered
16313,01-10-2015,21:00:14,103,Success
16314,01-10-2015,21:23:10,105,Cancelled
16315,01-10-2015,21:52:23,104,Delivered
16316,01-10-2015,22:28:49,102,Success
16317,02-10-2015,11:41:50,108,Success
16318,02-10-2015,11:49:48,101,Success
16319,02-10-2015,11:52:55,101,Failed
16320,02-10-2015,12:02:04,107,Delivered
16321,02-10-2015,12:04:35,105,Success
16322,02-10-2015,12:08:23,104,Cancelled
16323,02-10-2015,12:08:48,110,Cancelled
16324,02-10-2015,12:10:40,102,Success
16325,02-10-2015,12:20:52,104,Cancelled
16326,02-10-2015,12:54:47,105,Success
16327,02-10-2015,13:04:53,110,Delivered
16328,02-10-2015,13:13:47,102,Delivered
16329,02-10-2015,13:18:02,105,Cancelled
16330,02-10-2015,13:25:59,108,Failed
16331,02-10-2015,13:35:29,101,Failed
16332,02-10-2015,13:36:37,103,Cancelled
16333,02-10-2015,13:41:22,105,Success
16334,02-10-2015,13:44:29,107,Cancelled
16335,02-10-2015,13:49:56,108,Cancelled
16336,02-10-2015,13:50:23,104,Cancelled
16337,02-10-2015,13:53:17,104,Failed
16338,02-10-2015,14:09:46,105,Success
16339,02-10-2015,14:13:09,106,Success
16340,02-10-2015,14:38:20,106,Delivered
16341,02-10-2015,15:43:36,109,Success
16342,02-10-2015,15:48:29,102,Success
16343,02-10-2015,15:54:06,106,Delivered
16344,02-10-2015,16:10:44,107,Cancelled
16345,02-10-2015,16:24:34,105,Delivered
16346,02-10-2015,16:28:12,107,Cancelled
16347,02-10-2015,17:04:30,108,Failed
16348,02-10-2015,17:04:59,109,Success
16349,02-10-2015,17:21:02,106,Failed
16350,02-10-2015,17:38:55,105,Delivered
16351,02-10-2015,17:58:57,110,Failed
16352,02-10-2015,18:06:52,102,Cancelled
16353,02-10-2015,18:07:51,102,Success
16354,02-10-2015,18:10:02,108,Delivered
16355,02-10-2015,18:10:32,109,Failed
16356,02-10-2015,18:21:44,108,Cancelled
16357,02-10-2015,18:34:49,107,Delivered
16358,02-10-2015,18:36:38,104,Success
16359,02-10-2015,18:40:57,102,Success
16360,02-10-2015,19:03:59,108,Delivered
16361,02-10-2015,19:20:47,109,Delivered
16362,02-10-2015,19:25:25,103,Success
16363,02-10-2015,19:39:43,109,Success
16364,02-10-2015,20:16:45,110,Delivered
16365,02-10-2015,20:24:04,107,Delivered
16366,02-10-2015,20:27:46,108,Delivered
16367,02-10-2015,20:35:06,109,Success
16368,02-10-2015,20:58:14,104,Success
16369,02-10-2015,21:06:50,105,Failed
16370,02-10-2015,21:34:56,107,Failed
16371,02-10-2015,21:54:03,109,Failed
16372,02-10-2015,22:34:28,105,Failed
16373,02-10-2015,22:34:47,105,Success
16374,02-10-2015,22:36:47,106,Failed
16375,02-10-2015,22:40:10,105,Delivered
16376,02-10-2015,22:45:02,101,Failed
16377,02-10-2015,22:47:43,101,Cancelled
16378,03-10-2015,11:53:41,104,Success
16379,03-10-2015,12:00:47,102,Failed
16380,03-10-2015,12:02:51,109,Delivered
16381,03-10-2015,12:04:45,107,Failed
16382,03-10-2015,12:09:45,106,Failed
16383,03-10-2015,12:22:07,109,Success
16384,03-10-2015,12:29:09,110,Delivered
16385,03-10-2015,13:26:30,105,Cancelled
16386,03-10-2015,13:26:32,104,Success
16387,03-10-2015,13:27:37,104,Success
16388,03-10-2015,13:55:39,102,Success
16389,03-10-2015,14:11:16,108,Success
16390,03-10-2015,14:16:28,102,Failed
16391,03-10-2015,14:22:29,105,Failed
16392,03-10-2015,14:38:50,107,Success
16393,03-10-2015,14:46:41,110,Delivered
16394,03-10-2015,14:52:47,102,Delivered
16395,03-10-2015,15:08:07,108,Cancelled
16396,03-10-2015,15:15:46,108,Failed
16397,03-10-2015,15:31:08,104,Failed
16398,03-10-2015,15:50:46,110,Cancelled
16399,03-10-2015,15:57:26,108,Failed
16400,03-10-2015,15:57:31,107,Success
16401,03-10-2015,15:58:03,104,Cancelled
16402,03-10-2015,16:07:22,103,Delivered
16403,03-10-2015,16:30:30,110,Cancelled
16404,03-10-2015,16:33:26,105,Delivered
16405,03-10-2015,16:37:26,106,Failed
16406,03-10-2015,16:40:15,104,Success
16407,03-10-2015,16:58:32,104,Success
16408,03-10-2015,17:16:12,106,Cancelled
16409,03-10-2015,17:22:26,110,Failed
16410,03-10-2015,17:35:45,107,Success
16411,03-10-2015,17:39:10,109,Success
16412,03-10-2015,17:54:27,109,Delivered
16413,03-10-2015,17:57:57,106,Failed
16414,03-10-2015,18:18:47,108,Delivered
16415,03-10-2015,18:21:38,101,Delivered
16416,03-10-2015,18:35:19,102,Failed
16417,03-10-2015,18:37:46,108,Success
16418,03-10-2015,19:04:35,110,Success
16419,03-10-2015,19:17:07,109,Cancelled
16420,03-10-2015,19:18:09,102,Success
16421,03-10-2015,19:26:25,110,Success
16422,03-10-2015,19:43:27,102,Delivered
16423,03-10-2015,19:54:05,101,Cancelled
16424,03-10-2015,19:56:37,108,Cancelled
16425,03-10-2015,19:57:12,105,Success
16426,03-10-2015,20:02:30,110,Success
16427,03-10-2015,20:12:15,101,Cancelled
16428,03-10-2015,20:24:30,102,Delivered
16429,03-10-2015,21:12:23,104,Delivered
16430,03-10-2015,21:13:09,106,Cancelled
16431,03-10-2015,21:13:13,104,Failed
16432,03-10-2015,21:15:31,109,Cancelled
16433,03-10-2015,21:22:12,104,Delivered
16434,03-10-2015,21:31:01,104,Delivered
16435,03-10-2015,22:21:51,102,Success
16436,03-10-2015,22:30:00,106,Cancelled
16437,03-10-2015,22:53:26,103,Delivered
16438,03-10-2015,23:05:08,102,Delivered
16439,04-10-2015,10:54:55,107,Success
16440,04-10-2015,11:44:39,104,Failed
16441,04-10-2015,11:51:50,108,Success
16442,04-10-2015,11:55:49,104,Success
16443,04-10-2015,12:33:27,108,Cancelled
16444,04-10-2015,12:45:30,101,Success
16445,04-10-2015,13:04:13,102,Delivered
16446,04-10-2015,13:09:25,104,Cancelled
16447,04-10-2015,13:21:11,106,Delivered
16448,04-10-2015,13:40:48,108,Cancelled
16449,04-10-2015,13:44:59,107,Success
16450,04-10-2015,13:53:32,101,Delivered
16451,04-10-2015,14:03:41,103,Cancelled
16452,04-10-2015,14:10:07,107,Success
16453,04-10-2015,14:16:12,101,Success
16454,04-10-2015,14:42:57,103,Success
16455,04-10-2015,14:47:24,104,Success
16456,04-10-2015,15:20:22,101,Delivered
16457,04-10-2015,15:40:46,101,Delivered
16458,04-10-2015,16:36:07,101,Failed
16459,04-10-2015,16:42:40,107,Cancelled
16460,04-10-2015,16:42:50,105,Failed
16461,04-10-2015,16:56:05,104,Failed
16462,04-10-2015,17:01:22,107,Delivered
16463,04-10-2015,17:11:42,104,Delivered
16464,04-10-2015,17:31:19,109,Success
16465,04-10-2015,17:52:59,104,Success
16466,04-10-2015,18:18:18,101,Success
16467,04-10-2015,18:24:43,110,Delivered
16468,04-10-2015,18:39:34,104,Success
16469,04-10-2015,19:00:13,109,Cancelled
16470,04-10-2015,19:18:03,104,Delivered
16471,04-10-2015,19:26:22,109,Success
16472,04-10-2015,19:49:23,106,Failed
16473,04-10-2015,19:52:56,104,Cancelled
16474,04-10-2015,19:54:10,102,Failed
16475,04-10-2015,19:59:14,103,Cancelled
16476,04-10-2015,20:02:14,110,Success
16477,04-10-2015,20:13:30,106,Cancelled
16478,04-10-2015,20:24:50,102,Delivered
16479,04-10-2015,20:27:17,110,Cancelled
16480,04-10-2015,20:39:17,105,Cancelled
16481,04-10-2015,20:48:35,103,Failed
16482,04-10-2015,20:53:46,107,Delivered
16483,04-10-2015,21:08:48,105,Delivered
16484,04-10-2015,21:24:50,105,Delivered
16485,04-10-2015,21:27:41,106,Delivered
16486,04-10-2015,21:29:07,101,Delivered
16487,04-10-2015,21:35:53,101,Delivered
16488,04-10-2015,21:40:19,102,Cancelled
16489,04-10-2015,22:15:08,110,Success
16490,04-10-2015,22:27:02,102,Success
16491,06-10-2015,11:27:01,102,Success
16492,06-10-2015,11:42:54,104,Cancelled
16493,06-10-2015,11:57:25,104,Cancelled
16494,06-10-2015,12:14:06,109,Failed
16495,06-10-2015,12:22:10,106,Cancelled
16496,06-10-2015,12:22:23,104,Cancelled
16497,06-10-2015,12:36:55,102,Failed
16498,06-10-2015,12:47:27,105,Success
16499,06-10-2015,12:53:29,105,Failed
16500,06-10-2015,12:56:45,107,Success
16501,06-10-2015,13:04:44,102,Cancelled
16502,06-10-2015,13:07:03,105,Failed
16503,06-10-2015,13:09:03,101,Success
16504,06-10-2015,13:16:59,105,Delivered
16505,06-10-2015,13:24:17,102,Success
16506,06-10-2015,13:25:10,105,Failed
16507,06-10-2015,13:38:07,101,Cancelled
16508,06-10-2015,13:55:36,101,Failed
16509,06-10-2015,13:56:17,108,Failed
16510,06-10-2015,13:57:04,102,Failed
16511,06-10-2015,14:02:21,110,Success
16512,06-10-2015,14:12:32,101,Success
16513,06-10-2015,14:12:59,101,Cancelled
16514,06-10-2015,14:34:35,105,Success
16515,06-10-2015,14:46:02,103,Delivered
16516,06-10-2015,15:10:43,104,Success
16517,06-10-2015,15:21:57,108,Failed
16518,06-10-2015,15:24:20,106,Cancelled
16519,06-10-2015,15:26:39,107,Success
16520,06-10-2015,15:35:38,102,Success
16521,06-10-2015,15:59:06,107,Success
16522,06-10-2015,16:06:12,109,Delivered
16523,06-10-2015,16:16:36,108,Success
16524,06-10-2015,16:18:56,109,Success
16525,06-10-2015,16:25:59,109,Failed
16526,06-10-2015,16:36:31,101,Success
16527,06-10-2015,16:56:04,101,Success
16528,06-10-2015,16:57:51,109,Success
16529,06-10-2015,17:07:32,107,Delivered
16530,06-10-2015,17:11:13,105,Delivered
16531,06-10-2015,18:05:03,107,Cancelled
16532,06-10-2015,18:08:01,103,Delivered
16533,06-10-2015,18:25:39,107,Failed
16534,06-10-2015,18:39:44,106,Failed
16535,06-10-2015,18:49:34,107,Cancelled
16536,06-10-2015,19:03:35,103,Cancelled
16537,06-10-2015,19:03:47,109,Success
16538,06-10-2015,19:05:28,106,Success
16539,06-10-2015,19:16:25,110,Delivered
16540,06-10-2015,19:23:49,110,Delivered
16541,06-10-2015,19:28:27,104,Delivered
16542,06-10-2015,19:51:21,105,Success
16543,06-10-2015,19:55:20,101,Failed
16544,06-10-2015,20:09:23,108,Failed
16545,06-10-2015,20:34:48,108,Cancelled
16546,06-10-2015,20:45:58,104,Delivered
16547,06-10-2015,20:57:50,103,Cancelled
16548,06-10-2015,21:02:34,105,Cancelled
16549,06-10-2015,21:11:43,108,Cancelled
16550,06-10-2015,21:58:36,110,Delivered
16551,06-10-2015,22:04:03,108,Delivered
16552,07-10-2015,11:23:22,106,Cancelled
16553,07-10-2015,11:23:53,104,Delivered
16554,07-10-2015,11:39:41,102,Cancelled
16555,07-10-2015,11:40:47,109,Success
16556,07-10-2015,11:55:51,101,Cancelled
16557,07-10-2015,12:18:49,110,Delivered
16558,07-10-2015,12:28:10,102,Failed
16559,07-10-2015,12:32:22,105,Cancelled
16560,07-10-2015,12:38:51,107,Failed
16561,07-10-2015,12:44:22,103,Delivered
16562,07-10-2015,12:50:15,102,Cancelled
16563,07-10-2015,12:52:20,106,Delivered
16564,07-10-2015,12:52:33,109,Failed
16565,07-10-2015,13:00:25,110,Cancelled
16566,07-10-2015,13:00:35,107,Delivered
16567,07-10-2015,13:21:29,103,Failed
16568,07-10-2015,13:24:14,105,Failed
16569,07-10-2015,13:26:14,101,Failed
16570,07-10-2015,13:27:38,105,Success
16571,07-10-2015,13:43:47,101,Delivered
16572,07-10-2015,13:46:04,107,Cancelled
16573,07-10-2015,13:52:21,108,Success
16574,07-10-2015,13:53:58,110,Delivered
16575,07-10-2015,14:09:56,108,Delivered
16576,07-10-2015,14:18:34,106,Success
16577,07-10-2015,15:03:13,105,Failed
16578,07-10-2015,16:05:42,110,Delivered
16579,07-10-2015,16:07:39,102,Success
16580,07-10-2015,16:09:26,109,Failed
16581,07-10-2015,16:30:26,107,Failed
16582,07-10-2015,16:35:26,106,Delivered
16583,07-10-2015,16:45:29,102,Success
16584,07-10-2015,16:46:17,106,Cancelled
16585,07-10-2015,16:47:03,110,Delivered
16586,07-10-2015,16:58:34,102,Failed
16587,07-10-2015,16:59:21,101,Failed
16588,07-10-2015,17:24:31,101,Delivered
16589,07-10-2015,17:31:15,105,Cancelled
16590,07-10-2015,17:38:30,106,Delivered
16591,07-10-2015,17:39:05,107,Delivered
16592,07-10-2015,18:03:07,107,Delivered
16593,07-10-2015,18:03:45,105,Delivered
16594,07-10-2015,18:07:20,107,Cancelled
16595,07-10-2015,18:14:14,109,Delivered
16596,07-10-2015,18:18:56,108,Failed
16597,07-10-2015,18:34:49,105,Success
16598,07-10-2015,18:41:00,103,Success
16599,07-10-2015,18:42:50,102,Cancelled
16600,07-10-2015,18:55:40,110,Cancelled
16601,07-10-2015,18:59:43,104,Cancelled
16602,07-10-2015,19:08:22,106,Cancelled
16603,07-10-2015,19:28:25,104,Success
16604,07-10-2015,19:32:49,103,Failed
16605,07-10-2015,19:42:02,104,Delivered
16606,07-10-2015,19:46:29,101,Failed
16607,07-10-2015,20:26:10,103,Success
16608,07-10-2015,20:37:04,103,Cancelled
16609,07-10-2015,20:48:12,107,Delivered
16610,07-10-2015,21:14:51,105,Cancelled
16611,07-10-2015,21:18:39,105,Failed
16612,07-10-2015,22:25:34,110,Delivered
16613,08-10-2015,11:23:39,101,Cancelled
16614,08-10-2015,11:28:23,102,Cancelled
16615,08-10-2015,11:47:47,108,Delivered
16616,08-10-2015,12:02:44,103,Success
16617,08-10-2015,12:14:48,105,Delivered
16618,08-10-2015,12:19:27,105,Delivered
16619,08-10-2015,12:19:53,102,Success
16620,08-10-2015,12:23:25,106,Failed
16621,08-10-2015,12:30:51,109,Failed
16622,08-10-2015,12:31:56,103,Failed
16623,08-10-2015,12:35:51,103,Cancelled
16624,08-10-2015,12:47:11,106,Delivered
16625,08-10-2015,13:25:04,106,Success
16626,08-10-2015,13:29:14,108,Success
16627,08-10-2015,13:32:22,102,Cancelled
16628,08-10-2015,13:42:12,102,Delivered
16629,08-10-2015,14:00:42,107,Delivered
16630,08-10-2015,14:04:34,110,Failed
16631,08-10-2015,14:07:39,108,Failed
16632,08-10-2015,14:46:41,110,Cancelled
16633,08-10-2015,14:47:30,102,Failed
16634,08-10-2015,15:24:24,108,Failed
16635,08-10-2015,15:43:04,109,Delivered
16636,08-10-2015,15:51:02,103,Success
16637,08-10-2015,16:09:04,108,Cancelled
16638,08-10-2015,16:11:04,105,Cancelled
16639,08-10-2015,16:11:55,105,Cancelled
16640,08-10-2015,16:43:12,102,Success
16641,08-10-2015,17:05:28,108,Delivered
16642,08-10-2015,17:44:36,104,Failed
16643,08-10-2015,17:47:08,102,Delivered
16644,08-10-2015,18:01:01,103,Cancelled
16645,08-10-2015,18:04:35,109,Delivered
16646,08-10-2015,18:10:40,106,Cancelled
16647,08-10-2015,18:25:02,103,Failed
16648,08-10-2015,18:44:02,102,Cancelled
16649,08-10-2015,18:47:06,108,Failed
16650,08-10-2015,18:59:52,106,Delivered
16651,08-10-2015,19:11:48,101,Failed
16652,08-10-2015,19:22:26,108,Cancelled
16653,08-10-2015,19:29:44,102,Delivered
16654,08-10-2015,20:13:25,106,Success
16655,08-10-2015,20:15:36,107,Failed
16656,08-10-2015,20:16:31,101,Success
16657,08-10-2015,20:36:44,106,Success
16658,08-10-2015,20:56:27,108,Failed
16659,08-10-2015,21:18:01,107,Failed
16660,08-10-2015,21:22:01,110,Delivered
16661,08-10-2015,21:55:10,101,Failed
16662,09-10-2015,11:35:26,104,Cancelled
16663,09-10-2015,12:03:21,110,Failed
16664,09-10-2015,12:04:03,102,Cancelled
16665,09-10-2015,12:05:45,107,Delivered
16666,09-10-2015,12:09:28,101,Success
16667,09-10-2015,12:15:09,108,Success
16668,09-10-2015,12:31:42,102,Success
16669,09-10-2015,12:34:12,103,Success
16670,09-10-2015,12:38:56,101,Delivered
16671,09-10-2015,12:43:20,101,Failed
16672,09-10-2015,13:01:33,105,Success
16673,09-10-2015,13:14:22,106,Delivered
16674,09-10-2015,13:42:22,108,Delivered
16675,09-10-2015,13:43:17,105,Success
16676,09-10-2015,13:45:24,105,Cancelled
16677,09-10-2015,13:47:06,107,Failed
16678,09-10-2015,13:48:13,104,Cancelled
16679,09-10-2015,13:48:28,105,Delivered
16680,09-10-2015,14:29:35,104,Delivered
16681,09-10-2015,14:43:45,103,Failed
16682,09-10-2015,14:57:58,102,Cancelled
16683,09-10-2015,14:59:14,110,Cancelled
16684,09-10-2015,15:34:09,101,Success
16685,09-10-2015,15:42:56,104,Cancelled
16686,09-10-2015,16:47:24,108,Delivered
16687,09-10-2015,17:25:40,104,Failed
16688,09-10-2015,17:35:26,108,Cancelled
16689,09-10-2015,17:37:41,110,Success
16690,09-10-2015,17:56:10,109,Delivered
16691,09-10-2015,18:04:48,103,Failed
16692,09-10-2015,18:05:18,106,Success
16693,09-10-2015,18:05:47,107,Cancelled
16694,09-10-2015,18:13:06,109,Delivered
16695,09-10-2015,18:16:10,110,Failed
16696,09-10-2015,18:17:36,109,Success
16697,09-10-2015,18:42:28,106,Cancelled
16698,09-10-2015,18:43:38,101,Failed
16699,09-10-2015,19:11:22,106,Success
16700,09-10-2015,19:17:42,101,Delivered
16701,09-10-2015,19:18:12,108,Success
16702,09-10-2015,19:32:39,102,Cancelled
16703,09-10-2015,19:39:45,107,Success
16704,09-10-2015,20:02:30,110,Success
16705,09-10-2015,20:20:57,105,Delivered
16706,09-10-2015,20:23:36,101,Cancelled
16707,09-10-2015,20:28:30,107,Delivered
16708,09-10-2015,20:38:54,103,Success
16709,09-10-2015,20:40:33,102,Success
16710,09-10-2015,20:40:35,109,Delivered
16711,09-10-2015,20:43:09,103,Cancelled
16712,09-10-2015,20:53:36,109,Cancelled
16713,09-10-2015,21:17:28,104,Delivered
16714,09-10-2015,21:21:17,107,Success
16715,09-10-2015,21:21:50,103,Delivered
16716,09-10-2015,21:33:13,108,Cancelled
16717,09-10-2015,21:37:46,102,Cancelled
16718,09-10-2015,21:55:32,103,Delivered
16719,09-10-2015,22:16:16,107,Delivered
16720,09-10-2015,22:48:12,103,Cancelled
16721,09-10-2015,22:54:32,110,Success
16722,10-10-2015,11:37:09,101,Success
16723,10-10-2015,11:48:27,102,Delivered
16724,10-10-2015,12:02:47,110,Failed
16725,10-10-2015,12:26:56,108,Success
16726,10-10-2015,12:41:30,106,Cancelled
16727,10-10-2015,12:50:44,110,Delivered
16728,10-10-2015,13:01:01,102,Cancelled
16729,10-10-2015,13:21:28,105,Delivered
16730,10-10-2015,13:46:02,108,Cancelled
16731,10-10-2015,13:57:59,105,Delivered
16732,10-10-2015,14:05:27,103,Cancelled
16733,10-10-2015,14:12:11,109,Failed
16734,10-10-2015,14:14:27,106,Cancelled
16735,10-10-2015,14:26:34,110,Success
16736,10-10-2015,14:29:27,106,Failed
16737,10-10-2015,14:30:48,101,Failed
16738,10-10-2015,14:49:42,106,Cancelled
16739,10-10-2015,14:54:01,106,Cancelled
16740,10-10-2015,15:09:16,104,Delivered
16741,10-10-2015,15:20:52,110,Failed
16742,10-10-2015,15:50:19,110,Success
16743,10-10-2015,16:02:05,109,Success
16744,10-10-2015,16:10:30,105,Success
16745,10-10-2015,16:31:10,102,Failed
16746,10-10-2015,16:43:44,104,Delivered
16747,10-10-2015,16:48:34,110,Failed
16748,10-10-2015,17:11:18,104,Delivered
16749,10-10-2015,17:12:11,106,Success
16750,10-10-2015,17:12:41,109,Success
16751,10-10-2015,17:15:43,108,Success
16752,10-10-2015,17:35:40,107,Delivered
16753,10-10-2015,17:54:55,104,Success
16754,10-10-2015,18:02:38,103,Delivered
16755,10-10-2015,18:12:52,107,Success
16756,10-10-2015,18:26:02,105,Delivered
16757,10-10-2015,18:26:45,108,Delivered
16758,10-10-2015,18:30:41,104,Delivered
16759,10-10-2015,19:04:36,103,Failed
16760,10-10-2015,19:11:17,108,Success
16761,10-10-2015,19:33:34,101,Delivered
16762,10-10-2015,19:58:12,106,Delivered
16763,10-10-2015,20:00:02,105,Cancelled
16764,10-10-2015,20:00:31,101,Failed
16765,10-10-2015,20:09:54,102,Delivered
16766,10-10-2015,20:12:30,102,Delivered
16767,10-10-2015,20:19:21,101,Failed
16768,10-10-2015,20:21:34,106,Success
16769,10-10-2015,20:30:23,102,Delivered
16770,10-10-2015,20:41:46,107,Delivered
16771,10-10-2015,20:48:26,108,Cancelled
16772,10-10-2015,20:48:52,107,Delivered
16773,10-10-2015,21:03:54,110,Delivered
16774,10-10-2015,21:05:43,107,Delivered
16775,10-10-2015,21:47:40,103,Failed
16776,10-10-2015,21:50:33,109,Cancelled
16777,10-10-2015,22:01:14,109,Cancelled
16778,10-10-2015,22:13:33,107,Cancelled
16779,10-10-2015,22:15:17,110,Delivered
16780,10-10-2015,22:23:12,108,Cancelled
16781,10-10-2015,22:58:33,109,Delivered
16782,10-10-2015,22:59:13,106,Failed
16783,11-10-2015,11:51:39,110,Failed
16784,11-10-2015,12:11:50,105,Cancelled
16785,11-10-2015,12:20:13,103,Cancelled
16786,11-10-2015,12:30:56,101,Failed
16787,11-10-2015,13:12:52,103,Cancelled
16788,11-10-2015,13:22:24,110,Success
16789,11-10-2015,13:55:27,101,Cancelled
16790,11-10-2015,13:58:14,105,Delivered
16791,11-10-2015,14:04:44,102,Cancelled
16792,11-10-2015,14:33:02,107,Delivered
16793,11-10-2015,14:44:32,105,Failed
16794,11-10-2015,15:26:40,105,Delivered
16795,11-10-2015,15:28:30,102,Failed
16796,11-10-2015,15:35:26,110,Delivered
16797,11-10-2015,15:58:32,104,Failed
16798,11-10-2015,16:05:22,107,Success
16799,11-10-2015,16:36:26,109,Failed
16800,11-10-2015,16:47:56,109,Delivered
16801,11-10-2015,16:58:44,102,Cancelled
16802,11-10-2015,17:01:11,108,Delivered
16803,11-10-2015,17:19:27,109,Failed
16804,11-10-2015,17:29:27,109,Failed
16805,11-10-2015,17:39:52,104,Cancelled
16806,11-10-2015,17:42:45,108,Delivered
16807,11-10-2015,17:42:51,104,Failed
16808,11-10-2015,17:46:04,106,Cancelled
16809,11-10-2015,17:48:16,101,Delivered
16810,11-10-2015,17:48:25,108,Success
16811,11-10-2015,18:08:42,108,Failed
16812,11-10-2015,18:10:05,106,Failed
16813,11-10-2015,18:10:35,109,Failed
16814,11-10-2015,18:28:24,102,Success
16815,11-10-2015,18:59:08,102,Delivered
16816,11-10-2015,19:03:27,102,Delivered
16817,11-10-2015,19:11:36,103,Cancelled
16818,11-10-2015,19:27:25,103,Success
16819,11-10-2015,19:45:53,110,Success
16820,11-10-2015,20:06:33,105,Cancelled
16821,11-10-2015,20:40:11,103,Success
16822,11-10-2015,20:41:47,105,Failed
16823,11-10-2015,21:20:59,104,Failed
16824,11-10-2015,21:48:42,106,Failed
16825,13-10-2015,11:26:16,107,Cancelled
16826,13-10-2015,11:39:41,108,Cancelled
16827,13-10-2015,11:46:35,109,Failed
16828,13-10-2015,11:58:19,108,Failed
16829,13-10-2015,12:04:23,101,Failed
16830,13-10-2015,12:21:46,103,Failed
16831,13-10-2015,12:21:50,105,Delivered
16832,13-10-2015,12:32:39,101,Success
16833,13-10-2015,12:41:15,102,Cancelled
16834,13-10-2015,12:46:34,106,Cancelled
16835,13-10-2015,12:55:18,109,Cancelled
16836,13-10-2015,12:56:39,107,Cancelled
16837,13-10-2015,13:21:15,105,Success
16838,13-10-2015,13:23:42,101,Delivered
16839,13-10-2015,13:36:39,106,Delivered
16840,13-10-2015,13:50:58,106,Success
16841,13-10-2015,14:08:41,105,Failed
16842,13-10-2015,14:19:48,106,Cancelled
16843,13-10-2015,14:27:32,103,Delivered
16844,13-10-2015,14:36:27,106,Cancelled
16845,13-10-2015,14:45:59,109,Cancelled
16846,13-10-2015,15:02:21,105,Delivered
16847,13-10-2015,15:14:38,106,Cancelled
16848,13-10-2015,15:23:51,103,Success
16849,13-10-2015,15:42:52,110,Failed
16850,13-10-2015,15:44:21,105,Cancelled
16851,13-10-2015,15:45:38,109,Cancelled
16852,13-10-2015,16:13:21,108,Cancelled
16853,13-10-2015,16:13:52,110,Delivered
16854,13-10-2015,16:23:13,108,Success
16855,13-10-2015,16:50:12,102,Failed
16856,13-10-2015,17:09:02,101,Delivered
16857,13-10-2015,17:19:52,109,Cancelled
16858,13-10-2015,17:31:58,104,Success
16859,13-10-2015,17:38:30,103,Failed
16860,13-10-2015,17:43:30,106,Delivered
16861,13-10-2015,17:48:24,105,Success
16862,13-10-2015,18:02:40,110,Success
16863,13-10-2015,18:04:40,102,Cancelled
16864,13-10-2015,18:43:14,105,Success
16865,13-10-2015,18:45:55,110,Delivered
16866,13-10-2015,18:54:34,105,Cancelled
16867,13-10-2015,19:02:32,108,Failed
16868,13-10-2015,19:04:36,102,Failed
16869,13-10-2015,19:12:38,108,Success
16870,13-10-2015,19:23:38,101,Success
16871,13-10-2015,19:27:07,103,Failed
16872,13-10-2015,19:28:06,110,Cancelled
16873,13-10-2015,19:37:18,109,Failed
16874,13-10-2015,19:51:36,107,Success
16875,13-10-2015,20:02:18,109,Delivered
16876,13-10-2015,20:13:13,102,Success
16877,13-10-2015,20:23:21,106,Success
16878,13-10-2015,20:45:41,105,Success
16879,13-10-2015,20:51:19,102,Cancelled
16880,13-10-2015,21:17:48,109,Failed
16881,13-10-2015,22:15:05,108,Success
16882,13-10-2015,22:26:00,102,Delivered
16883,14-10-2015,11:42:59,107,Success
16884,14-10-2015,12:07:21,104,Delivered
16885,14-10-2015,12:17:37,105,Delivered
16886,14-10-2015,12:18:05,109,Delivered
16887,14-10-2015,12:20:21,105,Failed
16888,14-10-2015,12:27:39,101,Success
16889,14-10-2015,12:29:08,108,Failed
16890,14-10-2015,12:29:20,109,Cancelled
16891,14-10-2015,12:31:02,110,Cancelled
16892,14-10-2015,12:32:40,101,Success
16893,14-10-2015,12:32:50,106,Failed
16894,14-10-2015,12:43:05,103,Cancelled
16895,14-10-2015,12:51:40,109,Failed
16896,14-10-2015,12:52:09,101,Success
16897,14-10-2015,12:52:15,103,Delivered
16898,14-10-2015,13:02:26,106,Delivered
16899,14-10-2015,13:05:05,106,Failed
16900,14-10-2015,13:06:37,110,Cancelled
16901,14-10-2015,13:06:46,104,Cancelled
16902,14-10-2015,13:18:45,108,Success
16903,14-10-2015,13:26:22,105,Success
16904,14-10-2015,13:35:58,102,Success
16905,14-10-2015,14:04:51,101,Success
16906,14-10-2015,14:40:58,108,Cancelled
16907,14-10-2015,14:49:50,103,Success
16908,14-10-2015,14:50:26,110,Failed
16909,14-10-2015,15:26:39,105,Failed
16910,14-10-2015,15:40:25,110,Success
16911,14-10-2015,16:04:40,108,Failed
16912,14-10-2015,16:27:10,107,Cancelled
16913,14-10-2015,16:36:17,101,Success
16914,14-10-2015,16:36:44,110,Delivered
16915,14-10-2015,16:52:24,108,Success
16916,14-10-2015,17:02:50,110,Cancelled
16917,14-10-2015,17:15:53,104,Delivered
16918,14-10-2015,17:16:39,107,Failed
16919,14-10-2015,17:27:11,104,Cancelled
16920,14-10-2015,17:28:58,103,Cancelled
16921,14-10-2015,18:09:07,109,Delivered
16922,14-10-2015,18:27:01,107,Cancelled
16923,14-10-2015,18:31:35,106,Failed
16924,14-10-2015,18:41:35,110,Cancelled
16925,14-10-2015,18:55:38,102,Failed
16926,14-10-2015,18:56:42,104,Delivered
16927,14-10-2015,19:07:49,107,Delivered
16928,14-10-2015,19:26:57,106,Failed
16929,14-10-2015,19:43:53,109,Failed
16930,14-10-2015,20:01:04,105,Success
16931,14-10-2015,20:04:44,109,Cancelled
16932,14-10-2015,20:13:52,105,Cancelled
16933,14-10-2015,20:16:59,109,Delivered
16934,14-10-2015,20:27:42,104,Delivered
16935,14-10-2015,20:31:48,105,Cancelled
16936,14-10-2015,20:44:59,110,Cancelled
16937,14-10-2015,20:46:40,108,Cancelled
16938,14-10-2015,20:54:28,104,Cancelled
16939,14-10-2015,21:18:29,102,Failed
16940,15-10-2015,11:21:43,102,Cancelled
16941,15-10-2015,11:31:19,102,Cancelled
16942,15-10-2015,11:33:48,101,Delivered
16943,15-10-2015,11:36:39,109,Failed
16944,15-10-2015,11:36:44,107,Failed
16945,15-10-2015,11:48:39,101,Delivered
16946,15-10-2015,11:55:45,106,Delivered
16947,15-10-2015,12:12:57,110,Cancelled
16948,15-10-2015,12:13:48,102,Delivered
16949,15-10-2015,12:16:48,108,Failed
16950,15-10-2015,12:19:00,102,Cancelled
16951,15-10-2015,12:26:09,106,Delivered
16952,15-10-2015,12:30:21,109,Cancelled
16953,15-10-2015,12:32:21,101,Delivered
16954,15-10-2015,12:35:29,103,Success
16955,15-10-2015,12:41:03,108,Success
16956,15-10-2015,12:49:47,101,Delivered
16957,15-10-2015,12:55:24,102,Failed
16958,15-10-2015,12:56:58,109,Success
16959,15-10-2015,13:00:35,107,Failed
16960,15-10-2015,13:03:31,109,Failed
16961,15-10-2015,13:03:37,107,Failed
16962,15-10-2015,13:04:46,105,Cancelled
16963,15-10-2015,13:07:05,107,Cancelled
16964,15-10-2015,13:13:33,107,Success
16965,15-10-2015,13:15:02,108,Success
16966,15-10-2015,13:21:02,101,Success
16967,15-10-2015,13:23:29,102,Delivered
16968,15-10-2015,13:28:45,102,Success
16969,15-10-2015,13:29:07,110,Failed
16970,15-10-2015,13:32:29,104,Failed
16971,15-10-2015,13:33:35,106,Delivered
16972,15-10-2015,13:38:15,101,Cancelled
16973,15-10-2015,13:39:34,108,Cancelled
16974,15-10-2015,13:39:49,108,Failed
16975,15-10-2015,13:49:26,110,Failed
16976,15-10-2015,13:56:41,101,Cancelled
16977,15-10-2015,13:59:51,104,Failed
16978,15-10-2015,14:00:20,106,Failed
16979,15-10-2015,14:16:50,110,Failed
16980,15-10-2015,14:26:35,102,Failed
16981,15-10-2015,14:51:27,108,Delivered
16982,15-10-2015,15:01:09,102,Cancelled
16983,15-10-2015,15:11:03,102,Failed
16984,15-10-2015,15:17:08,104,Delivered
16985,15-10-2015,15:17:31,106,Cancelled
16986,15-10-2015,15:48:48,105,Cancelled
16987,15-10-2015,16:01:19,105,Cancelled
16988,15-10-2015,16:17:52,105,Failed
16989,15-10-2015,16:35:04,105,Cancelled
16990,15-10-2015,16:36:12,108,Delivered
16991,15-10-2015,16:45:33,104,Cancelled
16992,15-10-2015,16:59:25,110,Delivered
16993,15-10-2015,16:59:42,107,Cancelled
16994,15-10-2015,17:14:24,110,Cancelled
16995,15-10-2015,17:16:06,110,Delivered
16996,15-10-2015,17:16:12,103,Failed
16997,15-10-2015,17:21:06,107,Delivered
16998,15-10-2015,17:21:45,103,Failed
16999,15-10-2015,17:21:51,107,Cancelled
17000,15-10-2015,17:21:52,108,Cancelled
17001,15-10-2015,17:24:50,109,Failed
17002,15-10-2015,17:31:52,102,Success
17003,15-10-2015,17:41:30,101,Failed
17004,15-10-2015,17:41:54,109,Failed
17005,15-10-2015,17:45:43,108,Failed
17006,15-10-2015,17:48:43,103,Cancelled
17007,15-10-2015,17:50:12,102,Cancelled
17008,15-10-2015,17:52:33,102,Delivered
17009,15-10-2015,17:53:46,107,Delivered
17010,15-10-2015,17:56:32,105,Success
17011,15-10-2015,17:59:15,108,Delivered
17012,15-10-2015,18:10:08,106,Cancelled
17013,15-10-2015,18:11:25,103,Cancelled
17014,15-10-2015,18:17:51,103,Cancelled
17015,15-10-2015,18:21:02,102,Delivered
17016,15-10-2015,18:21:52,105,Delivered
17017,15-10-2015,18:23:01,101,Success
17018,15-10-2015,18:23:50,107,Delivered
17019,15-10-2015,18:44:04,110,Cancelled
17020,15-10-2015,18:47:59,106,Cancelled
17021,15-10-2015,19:01:32,104,Failed
17022,15-10-2015,19:05:02,107,Failed
17023,15-10-2015,19:13:04,101,Delivered
17024,15-10-2015,19:13:08,110,Cancelled
17025,15-10-2015,19:18:24,105,Cancelled
17026,15-10-2015,19:40:30,107,Delivered
17027,15-10-2015,19:46:33,109,Failed
17028,15-10-2015,19:49:48,108,Success
17029,15-10-2015,20:12:04,103,Success
17030,15-10-2015,20:12:11,105,Delivered
17031,15-10-2015,20:15:31,105,Failed
17032,15-10-2015,20:17:07,105,Success
17033,15-10-2015,20:20:18,110,Cancelled
17034,15-10-2015,20:27:29,106,Failed
17035,15-10-2015,20:32:31,101,Delivered
17036,15-10-2015,20:38:38,109,Delivered
17037,15-10-2015,20:40:17,110,Failed
17038,15-10-2015,21:16:15,106,Cancelled
17039,15-10-2015,21:18:57,106,Cancelled
17040,15-10-2015,21:30:14,109,Delivered
17041,15-10-2015,21:34:11,110,Delivered
17042,15-10-2015,21:59:31,108,Failed
17043,15-10-2015,22:00:22,104,Delivered
17044,15-10-2015,22:15:11,104,Success
17045,15-10-2015,22:29:41,102,Success
17046,15-10-2015,22:30:54,105,Delivered
17047,16-10-2015,11:45:08,105,Failed
17048,16-10-2015,11:47:04,109,Success
17049,16-10-2015,11:49:41,107,Failed
17050,16-10-2015,11:54:50,110,Cancelled
17051,16-10-2015,12:05:50,104,Delivered
17052,16-10-2015,12:07:20,104,Cancelled
17053,16-10-2015,12:08:36,103,Cancelled
17054,16-10-2015,12:23:13,105,Cancelled
17055,16-10-2015,12:31:27,106,Delivered
17056,16-10-2015,12:33:35,104,Failed
17057,16-10-2015,12:55:44,102,Failed
17058,16-10-2015,13:02:11,103,Success
17059,16-10-2015,13:10:36,107,Failed
17060,16-10-2015,13:18:38,101,Failed
17061,16-10-2015,13:19:55,104,Delivered
17062,16-10-2015,13:32:02,107,Failed
17063,16-10-2015,13:32:39,103,Delivered
17064,16-10-2015,13:37:28,105,Success
17065,16-10-2015,14:06:57,108,Success
17066,16-10-2015,14:18:32,107,Cancelled
17067,16-10-2015,14:34:46,102,Delivered
17068,16-10-2015,14:40:23,108,Success
17069,16-10-2015,14:54:31,107,Cancelled
17070,16-10-2015,15:08:54,109,Cancelled
17071,16-10-2015,15:50:14,102,Failed
17072,16-10-2015,16:01:58,110,Failed
17073,16-10-2015,16:16:37,102,Cancelled
17074,16-10-2015,16:21:04,109,Cancelled
17075,16-10-2015,16:28:18,109,Cancelled
17076,16-10-2015,16:39:56,103,Delivered
17077,16-10-2015,16:41:07,107,Delivered
17078,16-10-2015,17:15:07,108,Cancelled
17079,16-10-2015,17:19:18,110,Failed
17080,16-10-2015,17:26:31,102,Delivered
17081,16-10-2015,17:31:32,109,Delivered
17082,16-10-2015,17:39:12,104,Failed
17083,16-10-2015,17:40:46,110,Failed
17084,16-10-2015,17:49:26,109,Failed
17085,16-10-2015,18:00:23,103,Failed
17086,16-10-2015,18:03:05,109,Delivered
17087,16-10-2015,18:05:58,104,Cancelled
17088,16-10-2015,18:27:26,102,Delivered
17089,16-10-2015,18:30:07,109,Cancelled
17090,16-10-2015,18:39:23,104,Cancelled
17091,16-10-2015,18:40:13,106,Failed
17092,16-10-2015,18:49:01,101,Cancelled
17093,16-10-2015,18:51:37,104,Cancelled
17094,16-10-2015,18:55:14,105,Cancelled
17095,16-10-2015,19:04:50,110,Failed
17096,16-10-2015,19:10:16,104,Success
17097,16-10-2015,19:30:45,101,Failed
17098,16-10-2015,19:39:04,107,Success
17099,16-10-2015,19:49:44,104,Cancelled
17100,16-10-2015,20:19:22,103,Success
17101,16-10-2015,20:43:02,104,Delivered
17102,16-10-2015,20:43:17,102,Failed
17103,16-10-2015,20:51:58,106,Success
17104,16-10-2015,21:03:23,104,Delivered
17105,16-10-2015,21:15:58,106,Delivered
17106,16-10-2015,21:18:32,103,Delivered
17107,16-10-2015,21:19:55,108,Success
17108,16-10-2015,21:29:05,101,Delivered
17109,16-10-2015,21:37:35,104,Cancelled
17110,16-10-2015,22:39:16,104,Cancelled
17111,17-10-2015,12:09:20,103,Success
17112,17-10-2015,12:56:31,108,Cancelled
17113,17-10-2015,12:58:18,107,Success
17114,17-10-2015,13:03:25,101,Delivered
17115,17-10-2015,13:07:44,101,Cancelled
17116,17-10-2015,13:09:11,101,Delivered
17117,17-10-2015,13:14:43,106,Delivered
17118,17-10-2015,13:40:26,105,Failed
17119,17-10-2015,13:55:20,101,Cancelled
17120,17-10-2015,15:09:31,110,Cancelled
17121,17-10-2015,15:17:57,107,Failed
17122,17-10-2015,15:23:00,101,Delivered
17123,17-10-2015,15:49:15,104,Cancelled
17124,17-10-2015,15:54:47,106,Failed
17125,17-10-2015,16:04:27,109,Success
17126,17-10-2015,16:07:35,104,Cancelled
17127,17-10-2015,16:10:38,108,Delivered
17128,17-10-2015,16:19:17,104,Success
17129,17-10-2015,16:25:32,110,Failed
17130,17-10-2015,17:03:09,108,Cancelled
17131,17-10-2015,17:03:37,106,Delivered
17132,17-10-2015,17:03:47,107,Cancelled
17133,17-10-2015,17:11:59,101,Failed
17134,17-10-2015,17:14:51,105,Delivered
17135,17-10-2015,17:52:35,101,Cancelled
17136,17-10-2015,18:17:07,105,Delivered
17137,17-10-2015,18:23:31,101,Success
17138,17-10-2015,18:25:13,103,Delivered
17139,17-10-2015,18:28:45,107,Failed
17140,17-10-2015,18:31:33,102,Delivered
17141,17-10-2015,18:34:16,107,Success
17142,17-10-2015,18:43:53,104,Failed
17143,17-10-2015,19:09:54,109,Failed
17144,17-10-2015,19:22:39,106,Success
17145,17-10-2015,19:41:58,102,Delivered
17146,17-10-2015,19:44:20,105,Failed
17147,17-10-2015,19:46:28,104,Cancelled
17148,17-10-2015,19:47:40,107,Success
17149,17-10-2015,19:50:09,104,Cancelled
17150,17-10-2015,19:52:57,103,Delivered
17151,17-10-2015,20:09:31,105,Failed
17152,17-10-2015,20:12:15,104,Success
17153,17-10-2015,20:19:45,109,Success
17154,17-10-2015,20:20:35,105,Success
17155,17-10-2015,20:57:48,102,Delivered
17156,17-10-2015,21:27:29,108,Cancelled
17157,17-10-2015,21:54:57,106,Delivered
17158,17-10-2015,22:01:37,102,Delivered
17159,17-10-2015,22:06:26,110,Cancelled
17160,17-10-2015,22:09:19,110,Failed
17161,17-10-2015,22:10:45,102,Cancelled
17162,17-10-2015,22:12:44,104,Cancelled
17163,17-10-2015,22:14:01,106,Cancelled
17164,17-10-2015,22:36:11,104,Failed
17165,17-10-2015,22:50:09,106,Delivered
17166,18-10-2015,11:59:17,107,Failed
17167,18-10-2015,12:04:13,104,Delivered
17168,18-10-2015,12:08:31,107,Success
17169,18-10-2015,12:54:26,105,Delivered
17170,18-10-2015,12:59:32,103,Delivered
17171,18-10-2015,13:05:09,102,Success
17172,18-10-2015,13:23:24,104,Cancelled
17173,18-10-2015,13:34:46,107,Delivered
17174,18-10-2015,13:39:34,106,Success
17175,18-10-2015,13:48:41,105,Cancelled
17176,18-10-2015,14:00:56,102,Cancelled
17177,18-10-2015,14:11:30,101,Failed
17178,18-10-2015,14:17:51,108,Delivered
17179,18-10-2015,15:11:21,109,Cancelled
17180,18-10-2015,15:20:51,103,Delivered
17181,18-10-2015,15:42:34,110,Success
17182,18-10-2015,15:55:19,108,Success
17183,18-10-2015,15:57:38,110,Cancelled
17184,18-10-2015,16:21:59,102,Failed
17185,18-10-2015,16:54:21,107,Delivered
17186,18-10-2015,17:05:39,103,Success
17187,18-10-2015,17:09:20,110,Delivered
17188,18-10-2015,17:37:55,109,Cancelled
17189,18-10-2015,17:52:01,108,Delivered
17190,18-10-2015,18:03:07,110,Success
17191,18-10-2015,18:06:13,103,Delivered
17192,18-10-2015,18:13:25,106,Cancelled
17193,18-10-2015,18:19:54,110,Failed
17194,18-10-2015,18:20:08,101,Success
17195,18-10-2015,18:23:36,110,Success
17196,18-10-2015,18:27:45,109,Cancelled
17197,18-10-2015,18:32:51,105,Success
17198,18-10-2015,18:34:52,107,Success
17199,18-10-2015,18:38:34,108,Failed
17200,18-10-2015,19:16:58,108,Delivered
17201,18-10-2015,19:31:12,103,Success
17202,18-10-2015,19:47:42,104,Delivered
17203,18-10-2015,19:49:10,104,Delivered
17204,18-10-2015,19:52:08,104,Failed
17205,18-10-2015,19:59:15,104,Delivered
17206,18-10-2015,20:00:47,109,Delivered
17207,18-10-2015,20:05:12,109,Failed
17208,18-10-2015,20:14:20,104,Failed
17209,18-10-2015,20:36:28,107,Delivered
17210,18-10-2015,20:47:19,110,Failed
17211,20-10-2015,11:24:16,110,Success
17212,20-10-2015,11:41:17,110,Success
17213,20-10-2015,11:55:42,106,Success
17214,20-10-2015,11:56:50,105,Failed
17215,20-10-2015,11:58:29,107,Success
17216,20-10-2015,11:59:52,109,Failed
17217,20-10-2015,12:16:11,109,Failed
17218,20-10-2015,12:20:44,103,Delivered
17219,20-10-2015,12:22:31,102,Failed
17220,20-10-2015,12:24:15,101,Delivered
17221,20-10-2015,12:35:28,106,Delivered
17222,20-10-2015,12:36:21,106,Success
17223,20-10-2015,12:36:39,106,Cancelled
17224,20-10-2015,12:37:34,101,Success
17225,20-10-2015,12:49:03,108,Cancelled
17226,20-10-2015,12:53:18,105,Failed
17227,20-10-2015,12:57:07,105,Delivered
17228,20-10-2015,13:03:30,107,Cancelled
17229,20-10-2015,13:04:21,108,Failed
17230,20-10-2015,13:10:29,102,Cancelled
17231,20-10-2015,13:15:14,105,Delivered
17232,20-10-2015,13:15:40,103,Success
17233,20-10-2015,13:32:04,103,Failed
17234,20-10-2015,13:41:31,103,Delivered
17235,20-10-2015,13:44:21,102,Delivered
17236,20-10-2015,13:49:06,102,Delivered
17237,20-10-2015,13:54:49,106,Success
17238,20-10-2015,15:03:55,110,Success
17239,20-10-2015,15:10:55,101,Delivered
17240,20-10-2015,15:27:52,108,Success
17241,20-10-2015,15:37:01,109,Delivered
17242,20-10-2015,16:02:25,104,Cancelled
17243,20-10-2015,16:08:04,110,Failed
17244,20-10-2015,16:49:57,109,Cancelled
17245,20-10-2015,17:08:42,103,Delivered
17246,20-10-2015,17:09:42,103,Delivered
17247,20-10-2015,17:30:01,104,Delivered
17248,20-10-2015,17:34:41,110,Delivered
17249,20-10-2015,17:36:50,104,Cancelled
17250,20-10-2015,17:39:11,105,Cancelled
17251,20-10-2015,17:42:03,101,Delivered
17252,20-10-2015,17:58:59,104,Success
17253,20-10-2015,18:14:37,107,Delivered
17254,20-10-2015,18:26:47,106,Failed
17255,20-10-2015,18:28:58,102,Success
17256,20-10-2015,18:40:58,101,Cancelled
17257,20-10-2015,18:46:51,107,Cancelled
17258,20-10-2015,18:53:44,107,Failed
17259,20-10-2015,19:04:48,103,Failed
17260,20-10-2015,19:20:23,105,Cancelled
17261,20-10-2015,19:23:26,105,Success
17262,20-10-2015,19:41:36,108,Failed
17263,20-10-2015,19:48:30,103,Cancelled
17264,20-10-2015,20:11:11,107,Cancelled
17265,20-10-2015,20:24:37,101,Cancelled
17266,20-10-2015,20:42:49,107,Cancelled
17267,20-10-2015,20:48:39,102,Delivered
17268,20-10-2015,20:59:52,101,Delivered
17269,20-10-2015,21:03:35,110,Cancelled
17270,20-10-2015,21:25:48,105,Cancelled
17271,20-10-2015,21:38:55,103,Delivered
17272,20-10-2015,22:25:01,109,Failed
17273,20-10-2015,22:32:49,104,Delivered
17274,21-10-2015,11:16:30,104,Success
17275,21-10-2015,11:21:11,107,Cancelled
17276,21-10-2015,11:21:48,101,Success
17277,21-10-2015,11:25:58,102,Cancelled
17278,21-10-2015,11:37:19,104,Delivered
17279,21-10-2015,11:38:41,104,Cancelled
17280,21-10-2015,11:38:59,105,Delivered
17281,21-10-2015,12:16:09,103,Delivered
17282,21-10-2015,12:22:39,108,Success
17283,21-10-2015,12:26:36,107,Cancelled
17284,21-10-2015,12:31:38,107,Failed
17285,21-10-2015,12:41:50,110,Delivered
17286,21-10-2015,12:44:37,102,Success
17287,21-10-2015,12:57:22,108,Delivered
17288,21-10-2015,13:01:56,105,Failed
17289,21-10-2015,13:14:57,101,Success
17290,21-10-2015,13:32:00,108,Delivered
17291,21-10-2015,13:32:54,105,Delivered
17292,21-10-2015,13:33:13,109,Success
17293,21-10-2015,13:38:56,106,Cancelled
17294,21-10-2015,13:48:08,108,Failed
17295,21-10-2015,13:49:59,107,Success
17296,21-10-2015,13:58:34,109,Cancelled
17297,21-10-2015,13:58:41,107,Failed
17298,21-10-2015,14:06:53,105,Success
17299,21-10-2015,15:02:54,105,Cancelled
17300,21-10-2015,15:36:35,104,Cancelled
17301,21-10-2015,16:08:04,107,Delivered
17302,21-10-2015,16:55:46,102,Delivered
17303,21-10-2015,16:55:59,101,Cancelled
17304,21-10-2015,16:56:38,109,Delivered
17305,21-10-2015,16:58:23,106,Failed
17306,21-10-2015,17:10:46,105,Cancelled
17307,21-10-2015,17:13:23,108,Delivered
17308,21-10-2015,17:14:19,103,Failed
17309,21-10-2015,17:55:57,110,Delivered
17310,21-10-2015,17:59:40,109,Success
17311,21-10-2015,18:19:17,104,Delivered
17312,21-10-2015,18:31:16,103,Cancelled
17313,21-10-2015,18:42:05,108,Delivered
17314,21-10-2015,18:51:17,107,Delivered
17315,21-10-2015,18:56:11,106,Delivered
17316,21-10-2015,19:00:13,103,Failed
17317,21-10-2015,19:28:24,106,Delivered
17318,21-10-2015,19:29:49,107,Cancelled
17319,21-10-2015,19:31:51,110,Delivered
17320,21-10-2015,19:57:15,108,Cancelled
17321,21-10-2015,20:03:33,106,Cancelled
17322,21-10-2015,20:27:34,106,Success
17323,21-10-2015,20:55:12,109,Delivered
17324,21-10-2015,21:20:21,105,Delivered
17325,21-10-2015,21:59:29,104,Delivered
17326,21-10-2015,22:06:44,103,Success
17327,21-10-2015,22:08:59,101,Cancelled
17328,21-10-2015,22:14:24,106,Success
17329,21-10-2015,22:21:23,109,Success
17330,22-10-2015,11:32:06,102,Success
17331,22-10-2015,11:39:58,110,Delivered
17332,22-10-2015,11:51:48,101,Failed
17333,22-10-2015,11:53:12,102,Success
17334,22-10-2015,11:58:38,108,Failed
17335,22-10-2015,12:14:31,102,Delivered
17336,22-10-2015,12:24:21,102,Delivered
17337,22-10-2015,12:28:57,103,Success
17338,22-10-2015,12:29:40,110,Success
17339,22-10-2015,12:55:33,104,Cancelled
17340,22-10-2015,13:04:32,110,Success
17341,22-10-2015,13:11:26,108,Delivered
17342,22-10-2015,13:13:58,108,Cancelled
17343,22-10-2015,13:14:44,110,Delivered
17344,22-10-2015,13:20:05,108,Cancelled
17345,22-10-2015,13:21:08,110,Delivered
17346,22-10-2015,13:21:29,108,Success
17347,22-10-2015,13:37:28,108,Failed
17348,22-10-2015,14:06:17,105,Cancelled
17349,22-10-2015,14:22:41,103,Delivered
17350,22-10-2015,14:39:15,103,Success
17351,22-10-2015,14:40:52,107,Delivered
17352,22-10-2015,15:03:06,103,Failed
17353,22-10-2015,15:03:59,101,Failed
17354,22-10-2015,15:34:57,106,Delivered
17355,22-10-2015,15:43:23,106,Cancelled
17356,22-10-2015,16:04:53,105,Cancelled
17357,22-10-2015,16:05:17,101,Cancelled
17358,22-10-2015,16:10:03,109,Delivered
17359,22-10-2015,16:13:22,102,Delivered
17360,22-10-2015,16:40:00,107,Cancelled
17361,22-10-2015,16:52:28,102,Cancelled
17362,22-10-2015,17:20:02,102,Success
17363,22-10-2015,17:20:13,104,Delivered
17364,22-10-2015,17:25:57,103,Success
17365,22-10-2015,17:29:42,102,Success
17366,22-10-2015,17:49:42,107,Success
17367,22-10-2015,18:01:48,104,Failed
17368,22-10-2015,18:20:49,110,Failed
17369,22-10-2015,18:27:43,107,Success
17370,22-10-2015,18:31:11,102,Cancelled
17371,22-10-2015,18:50:01,106,Delivered
17372,22-10-2015,18:57:19,107,Success
17373,22-10-2015,19:03:45,108,Failed
17374,22-10-2015,19:10:58,109,Delivered
17375,22-10-2015,19:31:27,107,Success
17376,22-10-2015,19:50:24,110,Delivered
17377,22-10-2015,20:10:21,102,Delivered
17378,22-10-2015,20:13:04,101,Cancelled
17379,22-10-2015,20:20:49,107,Delivered
17380,22-10-2015,20:54:11,105,Success
17381,22-10-2015,20:55:04,102,Success
17382,22-10-2015,21:00:45,103,Delivered
17383,22-10-2015,21:33:51,102,Cancelled
17384,22-10-2015,21:36:21,108,Failed
17385,22-10-2015,22:00:44,108,Success
17386,22-10-2015,22:06:14,106,Delivered
17387,23-10-2015,11:56:20,104,Cancelled
17388,23-10-2015,12:16:55,102,Delivered
17389,23-10-2015,12:33:28,109,Success
17390,23-10-2015,12:34:44,110,Cancelled
17391,23-10-2015,12:37:28,105,Failed
17392,23-10-2015,12:37:35,108,Cancelled
17393,23-10-2015,12:52:36,104,Failed
17394,23-10-2015,12:53:54,103,Failed
17395,23-10-2015,12:56:05,108,Delivered
17396,23-10-2015,13:03:06,108,Cancelled
17397,23-10-2015,13:03:38,102,Success
17398,23-10-2015,13:04:06,103,Success
17399,23-10-2015,13:06:53,101,Cancelled
17400,23-10-2015,13:12:08,109,Delivered
17401,23-10-2015,13:13:52,104,Failed
17402,23-10-2015,13:19:41,107,Cancelled
17403,23-10-2015,13:24:52,108,Failed
17404,23-10-2015,13:34:07,109,Failed
17405,23-10-2015,13:47:46,102,Success
17406,23-10-2015,13:52:32,110,Success
17407,23-10-2015,13:52:36,107,Cancelled
17408,23-10-2015,14:07:26,103,Cancelled
17409,23-10-2015,14:18:03,102,Delivered
17410,23-10-2015,14:19:40,105,Cancelled
17411,23-10-2015,15:00:58,102,Delivered
17412,23-10-2015,15:04:07,107,Success
17413,23-10-2015,15:26:12,101,Failed
17414,23-10-2015,15:53:06,110,Cancelled
17415,23-10-2015,15:58:39,110,Delivered
17416,23-10-2015,16:05:02,102,Cancelled
17417,23-10-2015,16:12:53,106,Cancelled
17418,23-10-2015,16:18:00,106,Cancelled
17419,23-10-2015,16:32:57,105,Success
17420,23-10-2015,16:39:18,102,Cancelled
17421,23-10-2015,16:48:44,102,Delivered
17422,23-10-2015,16:59:18,104,Delivered
17423,23-10-2015,17:03:37,106,Success
17424,23-10-2015,17:05:25,110,Success
17425,23-10-2015,17:31:26,107,Cancelled
17426,23-10-2015,17:46:26,103,Failed
17427,23-10-2015,17:57:27,106,Delivered
17428,23-10-2015,18:23:57,110,Cancelled
17429,23-10-2015,18:25:38,102,Failed
17430,23-10-2015,18:36:42,106,Failed
17431,23-10-2015,18:39:27,106,Delivered
17432,23-10-2015,18:47:54,104,Cancelled
17433,23-10-2015,18:53:32,103,Cancelled
17434,23-10-2015,18:53:33,108,Cancelled
17435,23-10-2015,18:56:20,105,Delivered
17436,23-10-2015,18:56:33,110,Success
17437,23-10-2015,18:57:47,102,Cancelled
17438,23-10-2015,19:11:59,110,Failed
17439,23-10-2015,19:12:55,108,Failed
17440,23-10-2015,19:13:37,101,Delivered
17441,23-10-2015,19:32:06,106,Delivered
17442,23-10-2015,19:35:00,105,Delivered
17443,23-10-2015,19:35:52,106,Success
17444,23-10-2015,19:49:36,110,Failed
17445,23-10-2015,19:49:54,105,Failed
17446,23-10-2015,19:58:22,103,Failed
17447,23-10-2015,20:10:54,103,Delivered
17448,23-10-2015,20:24:34,101,Success
17449,23-10-2015,20:49:48,102,Cancelled
17450,23-10-2015,21:17:27,102,Delivered
17451,23-10-2015,21:24:01,110,Cancelled
17452,23-10-2015,21:25:42,104,Cancelled
17453,23-10-2015,21:30:41,106,Success
17454,23-10-2015,21:30:55,108,Failed
17455,23-10-2015,21:54:05,103,Cancelled
17456,23-10-2015,22:17:10,106,Success
17457,23-10-2015,22:25:00,103,Success
17458,23-10-2015,23:04:04,110,Cancelled
17459,24-10-2015,12:13:18,104,Failed
17460,24-10-2015,12:18:28,106,Failed
17461,24-10-2015,12:30:52,101,Success
17462,24-10-2015,12:43:16,102,Failed
17463,24-10-2015,12:47:27,103,Success
17464,24-10-2015,13:00:20,104,Cancelled
17465,24-10-2015,13:19:45,107,Cancelled
17466,24-10-2015,13:35:35,110,Failed
17467,24-10-2015,13:38:55,106,Cancelled
17468,24-10-2015,13:47:50,102,Delivered
17469,24-10-2015,13:53:48,101,Success
17470,24-10-2015,13:56:45,107,Cancelled
17471,24-10-2015,14:20:47,103,Cancelled
17472,24-10-2015,14:42:07,106,Delivered
17473,24-10-2015,14:42:17,102,Success
17474,24-10-2015,14:51:21,109,Failed
17475,24-10-2015,15:00:18,106,Cancelled
17476,24-10-2015,15:01:21,106,Success
17477,24-10-2015,16:00:57,105,Delivered
17478,24-10-2015,16:26:20,109,Delivered
17479,24-10-2015,16:56:20,102,Failed
17480,24-10-2015,17:19:27,102,Failed
17481,24-10-2015,17:29:14,102,Delivered
17482,24-10-2015,17:42:10,109,Cancelled
17483,24-10-2015,17:53:26,102,Cancelled
17484,24-10-2015,17:57:01,106,Cancelled
17485,24-10-2015,18:11:55,108,Failed
17486,24-10-2015,18:24:28,105,Delivered
17487,24-10-2015,18:26:10,109,Cancelled
17488,24-10-2015,18:26:16,109,Success
17489,24-10-2015,18:26:23,109,Cancelled
17490,24-10-2015,18:32:48,109,Failed
17491,24-10-2015,18:43:27,102,Success
17492,24-10-2015,18:58:20,104,Failed
17493,24-10-2015,19:05:08,107,Delivered
17494,24-10-2015,19:05:33,109,Failed
17495,24-10-2015,19:13:02,103,Success
17496,24-10-2015,19:15:36,109,Success
17497,24-10-2015,19:25:09,102,Failed
17498,24-10-2015,19:40:37,109,Cancelled
17499,24-10-2015,19:44:52,106,Cancelled
17500,24-10-2015,19:45:34,107,Delivered
17501,24-10-2015,19:57:12,102,Delivered
17502,24-10-2015,20:03:55,105,Cancelled
17503,24-10-2015,20:19:10,109,Success
17504,24-10-2015,20:31:57,104,Cancelled
17505,24-10-2015,20:48:31,102,Cancelled
17506,24-10-2015,20:56:18,104,Failed
17507,24-10-2015,21:03:56,107,Success
17508,24-10-2015,21:05:11,101,Failed
17509,24-10-2015,21:10:34,110,Delivered
17510,24-10-2015,21:13:44,104,Success
17511,24-10-2015,21:25:50,101,Failed
17512,24-10-2015,21:25:53,107,Failed
17513,24-10-2015,21:36:47,105,Delivered
17514,24-10-2015,21:53:54,105,Failed
17515,24-10-2015,21:56:03,102,Success
17516,24-10-2015,22:10:33,106,Cancelled
17517,24-10-2015,23:00:36,103,Cancelled
17518,25-10-2015,11:53:03,107,Failed
17519,25-10-2015,12:03:29,103,Failed
17520,25-10-2015,12:09:26,108,Delivered
17521,25-10-2015,12:13:43,102,Success
17522,25-10-2015,12:30:21,110,Success
17523,25-10-2015,12:39:32,103,Cancelled
17524,25-10-2015,12:53:54,107,Delivered
17525,25-10-2015,12:56:43,103,Cancelled
17526,25-10-2015,13:05:49,106,Success
17527,25-10-2015,13:30:01,109,Failed
17528,25-10-2015,13:30:32,110,Success
17529,25-10-2015,13:47:19,102,Success
17530,25-10-2015,13:52:39,102,Cancelled
17531,25-10-2015,13:55:31,101,Cancelled
17532,25-10-2015,13:57:28,103,Cancelled
17533,25-10-2015,14:06:21,105,Cancelled
17534,25-10-2015,14:09:09,110,Cancelled
17535,25-10-2015,14:13:46,106,Delivered
17536,25-10-2015,14:38:41,105,Delivered
17537,25-10-2015,14:42:32,109,Failed
17538,25-10-2015,14:45:45,101,Success
17539,25-10-2015,15:15:21,107,Delivered
17540,25-10-2015,15:59:33,104,Cancelled
17541,25-10-2015,16:10:46,105,Success
17542,25-10-2015,16:39:48,103,Failed
17543,25-10-2015,16:41:57,102,Failed
17544,25-10-2015,16:52:04,101,Success
17545,25-10-2015,17:05:32,109,Success
17546,25-10-2015,17:43:50,104,Delivered
17547,25-10-2015,17:58:40,106,Delivered
17548,25-10-2015,18:12:12,109,Delivered
17549,25-10-2015,18:20:20,106,Success
17550,25-10-2015,18:46:48,106,Failed
17551,25-10-2015,18:50:54,110,Failed
17552,25-10-2015,18:51:22,110,Delivered
17553,25-10-2015,19:24:32,103,Cancelled
17554,25-10-2015,19:28:50,104,Delivered
17555,25-10-2015,19:35:43,108,Delivered
17556,25-10-2015,19:36:33,106,Cancelled
17557,25-10-2015,19:43:08,106,Failed
17558,25-10-2015,19:51:59,108,Failed
17559,25-10-2015,20:21:17,103,Cancelled
17560,25-10-2015,21:00:45,107,Cancelled
17561,25-10-2015,21:12:51,110,Cancelled
17562,25-10-2015,22:29:34,107,Success
17563,27-10-2015,11:34:31,102,Delivered
17564,27-10-2015,11:46:10,110,Success
17565,27-10-2015,11:57:04,103,Success
17566,27-10-2015,12:06:53,108,Success
17567,27-10-2015,12:08:49,107,Cancelled
17568,27-10-2015,12:19:27,109,Success
17569,27-10-2015,12:21:42,109,Failed
17570,27-10-2015,12:35:08,107,Failed
17571,27-10-2015,12:55:42,107,Failed
17572,27-10-2015,12:58:36,105,Success
17573,27-10-2015,12:59:36,106,Success
17574,27-10-2015,13:13:09,108,Success
17575,27-10-2015,13:13:36,110,Cancelled
17576,27-10-2015,13:15:14,102,Delivered
17577,27-10-2015,13:16:19,104,Failed
17578,27-10-2015,14:02:27,109,Success
17579,27-10-2015,14:09:50,109,Failed
17580,27-10-2015,14:23:47,109,Failed
17581,27-10-2015,14:27:40,101,Delivered
17582,27-10-2015,14:29:59,107,Success
17583,27-10-2015,15:16:32,107,Success
17584,27-10-2015,15:28:16,101,Delivered
17585,27-10-2015,15:46:29,109,Delivered
17586,27-10-2015,15:46:54,101,Cancelled
17587,27-10-2015,16:17:19,103,Delivered
17588,27-10-2015,16:17:46,106,Cancelled
17589,27-10-2015,16:24:14,104,Failed
17590,27-10-2015,16:29:42,102,Failed
17591,27-10-2015,16:41:26,104,Success
17592,27-10-2015,16:55:50,103,Cancelled
17593,27-10-2015,17:15:58,107,Success
17594,27-10-2015,17:18:23,103,Delivered
17595,27-10-2015,17:19:47,108,Delivered
17596,27-10-2015,17:28:16,102,Success
17597,27-10-2015,17:34:27,102,Delivered
17598,27-10-2015,17:39:12,110,Success
17599,27-10-2015,17:44:03,105,Cancelled
17600,27-10-2015,17:49:50,108,Delivered
17601,27-10-2015,17:53:06,105,Failed
17602,27-10-2015,18:05:59,103,Failed
17603,27-10-2015,18:11:24,109,Cancelled
17604,27-10-2015,18:15:55,106,Cancelled
17605,27-10-2015,18:19:46,102,Delivered
17606,27-10-2015,18:27:33,102,Failed
17607,27-10-2015,18:38:25,105,Delivered
17608,27-10-2015,19:04:48,102,Success
17609,27-10-2015,19:06:06,108,Cancelled
17610,27-10-2015,19:17:14,103,Failed
17611,27-10-2015,19:32:49,104,Failed
17612,27-10-2015,19:45:38,102,Success
17613,27-10-2015,19:49:12,107,Delivered
17614,27-10-2015,20:01:04,101,Delivered
17615,27-10-2015,20:08:00,102,Failed
17616,27-10-2015,20:19:31,110,Delivered
17617,27-10-2015,20:28:11,110,Success
17618,27-10-2015,21:31:18,107,Delivered
17619,27-10-2015,21:39:13,106,Success
17620,27-10-2015,21:43:27,109,Cancelled
17621,27-10-2015,21:47:29,101,Cancelled
17622,27-10-2015,22:15:49,108,Failed
17623,27-10-2015,22:20:47,106,Failed
17624,27-10-2015,22:35:54,104,Delivered
17625,28-10-2015,11:20:42,106,Cancelled
17626,28-10-2015,11:23:52,102,Delivered
17627,28-10-2015,11:45:05,108,Failed
17628,28-10-2015,11:57:16,107,Delivered
17629,28-10-2015,12:02:15,101,Delivered
17630,28-10-2015,12:03:19,103,Delivered
17631,28-10-2015,12:10:53,105,Delivered
17632,28-10-2015,12:23:42,106,Cancelled
17633,28-10-2015,12:37:09,108,Delivered
17634,28-10-2015,12:40:18,101,Failed
17635,28-10-2015,12:52:55,105,Cancelled
17636,28-10-2015,12:54:14,101,Success
17637,28-10-2015,13:01:51,102,Success
17638,28-10-2015,13:02:30,102,Failed
17639,28-10-2015,13:12:15,102,Delivered
17640,28-10-2015,13:14:24,102,Success
17641,28-10-2015,13:16:14,104,Failed
17642,28-10-2015,13:18:17,110,Success
17643,28-10-2015,13:19:26,106,Success
17644,28-10-2015,13:42:26,103,Failed
17645,28-10-2015,13:56:09,104,Cancelled
17646,28-10-2015,13:57:38,110,Delivered
17647,28-10-2015,14:08:20,106,Cancelled
17648,28-10-2015,14:32:24,105,Success
17649,28-10-2015,14:34:08,102,Cancelled
17650,28-10-2015,14:38:42,109,Cancelled
17651,28-10-2015,15:24:15,106,Cancelled
17652,28-10-2015,15:26:15,107,Failed
17653,28-10-2015,15:44:58,109,Failed
17654,28-10-2015,15:46:25,104,Failed
17655,28-10-2015,15:55:15,108,Success
17656,28-10-2015,15:58:07,103,Cancelled
17657,28-10-2015,15:59:52,106,Success
17658,28-10-2015,16:05:32,110,Delivered
17659,28-10-2015,16:12:47,103,Delivered
17660,28-10-2015,16:44:33,102,Cancelled
17661,28-10-2015,17:00:18,107,Success
17662,28-10-2015,17:00:46,103,Success
17663,28-10-2015,17:09:01,104,Success
17664,28-10-2015,17:09:28,107,Cancelled
17665,28-10-2015,17:15:04,103,Delivered
17666,28-10-2015,17:28:06,102,Failed
17667,28-10-2015,17:33:16,101,Delivered
17668,28-10-2015,17:40:09,104,Success
17669,28-10-2015,17:47:49,105,Delivered
17670,28-10-2015,17:56:38,104,Success
17671,28-10-2015,18:21:46,110,Delivered
17672,28-10-2015,18:21:58,107,Cancelled
17673,28-10-2015,18:22:24,109,Success
17674,28-10-2015,18:24:47,106,Cancelled
17675,28-10-2015,18:41:33,110,Success
17676,28-10-2015,19:04:49,110,Cancelled
17677,28-10-2015,19:33:57,108,Cancelled
17678,28-10-2015,20:17:56,108,Delivered
17679,28-10-2015,20:20:05,107,Cancelled
17680,28-10-2015,20:43:03,106,Delivered
17681,28-10-2015,21:16:53,109,Cancelled
17682,28-10-2015,21:18:34,106,Failed
17683,28-10-2015,21:18:39,106,Delivered
17684,28-10-2015,21:20:04,110,Delivered
17685,28-10-2015,21:35:30,103,Failed
17686,28-10-2015,21:50:27,109,Failed
17687,28-10-2015,22:27:37,110,Delivered
17688,29-10-2015,11:32:56,110,Cancelled
17689,29-10-2015,12:07:21,109,Success
17690,29-10-2015,12:09:54,107,Success
17691,29-10-2015,12:12:44,105,Cancelled
17692,29-10-2015,12:18:34,107,Failed
17693,29-10-2015,12:26:29,104,Success
17694,29-10-2015,12:49:54,106,Success
17695,29-10-2015,12:52:41,108,Failed
17696,29-10-2015,12:55:26,104,Success
17697,29-10-2015,12:56:32,101,Cancelled
17698,29-10-2015,13:06:50,104,Delivered
17699,29-10-2015,13:18:46,109,Cancelled
17700,29-10-2015,13:18:58,107,Delivered
17701,29-10-2015,13:20:23,110,Success
17702,29-10-2015,13:28:06,102,Delivered
17703,29-10-2015,13:36:01,102,Success
17704,29-10-2015,13:38:44,104,Failed
17705,29-10-2015,13:39:45,106,Delivered
17706,29-10-2015,13:49:14,107,Success
17707,29-10-2015,13:55:19,109,Success
17708,29-10-2015,13:57:50,105,Success
17709,29-10-2015,14:02:17,109,Delivered
17710,29-10-2015,14:19:18,104,Delivered
17711,29-10-2015,14:48:11,101,Failed
17712,29-10-2015,14:49:33,109,Failed
17713,29-10-2015,15:34:45,110,Cancelled
17714,29-10-2015,15:37:45,104,Cancelled
17715,29-10-2015,16:09:06,110,Delivered
17716,29-10-2015,16:10:17,103,Failed
17717,29-10-2015,16:17:48,102,Success
17718,29-10-2015,16:20:49,106,Cancelled
17719,29-10-2015,16:31:19,105,Success
17720,29-10-2015,16:49:27,108,Failed
17721,29-10-2015,17:00:24,104,Cancelled
17722,29-10-2015,17:08:33,103,Success
17723,29-10-2015,17:18:27,103,Failed
17724,29-10-2015,17:19:18,106,Failed
17725,29-10-2015,17:19:56,106,Cancelled
17726,29-10-2015,17:26:08,107,Failed
17727,29-10-2015,17:30:21,109,Delivered
17728,29-10-2015,17:45:05,108,Cancelled
17729,29-10-2015,17:47:28,110,Delivered
17730,29-10-2015,17:48:12,103,Cancelled
17731,29-10-2015,18:11:03,101,Cancelled
17732,29-10-2015,18:19:45,105,Failed
17733,29-10-2015,18:36:45,105,Delivered
17734,29-10-2015,18:41:38,108,Success
17735,29-10-2015,18:45:38,106,Delivered
17736,29-10-2015,18:46:16,109,Cancelled
17737,29-10-2015,19:11:44,101,Delivered
17738,29-10-2015,19:40:15,109,Failed
17739,29-10-2015,19:40:21,108,Failed
17740,29-10-2015,20:19:54,105,Delivered
17741,29-10-2015,20:26:24,101,Cancelled
17742,29-10-2015,20:45:04,101,Cancelled
17743,29-10-2015,20:54:42,103,Success
17744,29-10-2015,21:43:54,110,Delivered
17745,29-10-2015,21:58:11,101,Cancelled
17746,29-10-2015,22:45:29,101,Failed
17747,30-10-2015,11:23:00,104,Delivered
17748,30-10-2015,11:30:01,102,Failed
17749,30-10-2015,11:42:04,105,Delivered
17750,30-10-2015,11:45:40,103,Delivered
17751,30-10-2015,11:54:25,106,Failed
17752,30-10-2015,12:04:23,101,Cancelled
17753,30-10-2015,12:14:53,106,Success
17754,30-10-2015,12:19:17,107,Failed
17755,30-10-2015,12:20:21,110,Success
17756,30-10-2015,12:29:34,109,Failed
17757,30-10-2015,12:35:18,101,Cancelled
17758,30-10-2015,12:49:24,103,Delivered
17759,30-10-2015,12:52:06,110,Delivered
17760,30-10-2015,12:52:51,110,Delivered
17761,30-10-2015,12:55:37,105,Delivered
17762,30-10-2015,13:07:36,102,Success
17763,30-10-2015,13:14:17,102,Delivered
17764,30-10-2015,13:21:44,102,Failed
17765,30-10-2015,13:27:34,109,Cancelled
17766,30-10-2015,13:32:31,102,Failed
17767,30-10-2015,13:33:50,110,Success
17768,30-10-2015,13:40:09,109,Cancelled
17769,30-10-2015,13:42:12,108,Failed
17770,30-10-2015,13:48:00,105,Failed
17771,30-10-2015,13:51:22,102,Cancelled
17772,30-10-2015,14:05:25,107,Delivered
17773,30-10-2015,14:18:45,102,Delivered
17774,30-10-2015,15:01:40,108,Success
17775,30-10-2015,15:36:31,103,Success
17776,30-10-2015,15:47:01,110,Success
17777,30-10-2015,15:50:10,110,Cancelled
17778,30-10-2015,15:56:08,108,Cancelled
17779,30-10-2015,16:13:39,108,Cancelled
17780,30-10-2015,16:55:08,107,Delivered
17781,30-10-2015,17:18:57,109,Delivered
17782,30-10-2015,17:33:13,107,Delivered
17783,30-10-2015,17:47:31,102,Cancelled
17784,30-10-2015,17:56:20,107,Cancelled
17785,30-10-2015,18:16:59,101,Failed
17786,30-10-2015,18:20:42,105,Cancelled
17787,30-10-2015,18:26:46,101,Success
17788,30-10-2015,18:31:22,101,Success
17789,30-10-2015,18:41:15,104,Success
17790,30-10-2015,19:04:33,109,Delivered
17791,30-10-2015,19:11:23,110,Failed
17792,30-10-2015,19:54:07,104,Cancelled
17793,30-10-2015,20:06:31,109,Failed
17794,30-10-2015,20:13:40,106,Delivered
17795,30-10-2015,20:33:39,104,Cancelled
17796,30-10-2015,20:36:15,102,Cancelled
17797,30-10-2015,20:45:48,106,Delivered
17798,30-10-2015,20:58:51,109,Cancelled
17799,30-10-2015,21:06:50,105,Success
17800,30-10-2015,21:08:09,105,Failed
17801,30-10-2015,21:11:15,102,Success
17802,30-10-2015,21:32:54,102,Failed
17803,30-10-2015,21:33:01,108,Failed
17804,30-10-2015,21:42:16,108,Cancelled
17805,30-10-2015,22:00:29,109,Success
17806,30-10-2015,22:16:38,104,Failed
17807,30-10-2015,22:22:29,105,Delivered
17808,30-10-2015,22:29:03,101,Success
17809,30-10-2015,22:47:04,108,Failed
17810,31-10-2015,12:13:20,102,Delivered
17811,31-10-2015,12:18:34,107,Success
17812,31-10-2015,12:28:40,104,Delivered
17813,31-10-2015,12:33:23,109,Delivered
17814,31-10-2015,13:08:25,106,Failed
17815,31-10-2015,13:10:35,108,Success
17816,31-10-2015,13:38:15,103,Success
17817,31-10-2015,14:02:38,108,Cancelled
17818,31-10-2015,14:03:33,105,Success
17819,31-10-2015,14:26:45,104,Success
17820,31-10-2015,14:45:40,101,Success
17821,31-10-2015,14:54:23,102,Cancelled
17822,31-10-2015,15:04:49,102,Delivered
17823,31-10-2015,15:08:24,106,Success
17824,31-10-2015,15:19:35,107,Delivered
17825,31-10-2015,15:26:05,106,Success
17826,31-10-2015,15:32:37,106,Success
17827,31-10-2015,15:37:19,102,Success
17828,31-10-2015,15:47:50,107,Delivered
17829,31-10-2015,15:56:50,103,Delivered
17830,31-10-2015,16:24:03,104,Success
17831,31-10-2015,16:29:57,105,Failed
17832,31-10-2015,16:45:11,109,Failed
17833,31-10-2015,16:46:38,104,Success
17834,31-10-2015,16:52:16,109,Cancelled
17835,31-10-2015,17:03:45,104,Failed
17836,31-10-2015,17:10:28,101,Cancelled
17837,31-10-2015,17:11:19,107,Delivered
17838,31-10-2015,17:37:07,107,Success
17839,31-10-2015,17:42:10,106,Delivered
17840,31-10-2015,17:51:49,106,Delivered
17841,31-10-2015,18:00:34,108,Cancelled
17842,31-10-2015,18:22:14,106,Delivered
17843,31-10-2015,18:29:05,102,Cancelled
17844,31-10-2015,18:29:33,109,Cancelled
17845,31-10-2015,18:47:27,102,Failed
17846,31-10-2015,18:58:48,106,Success
17847,31-10-2015,19:00:09,107,Delivered
17848,31-10-2015,19:05:09,110,Failed
17849,31-10-2015,19:09:42,106,Delivered
17850,31-10-2015,19:20:14,110,Failed
17851,31-10-2015,19:21:35,103,Success
17852,31-10-2015,19:29:22,108,Cancelled
17853,31-10-2015,19:31:38,106,Success
17854,31-10-2015,19:40:00,103,Failed
17855,31-10-2015,19:44:47,104,Failed
17856,31-10-2015,19:45:19,104,Failed
17857,31-10-2015,19:48:00,105,Delivered
17858,31-10-2015,19:48:43,103,Delivered
17859,31-10-2015,19:54:49,109,Delivered
17860,31-10-2015,20:01:15,110,Cancelled
17861,31-10-2015,20:13:29,105,Failed
17862,31-10-2015,20:19:12,101,Failed
17863,31-10-2015,20:43:23,106,Cancelled
17864,31-10-2015,20:45:44,109,Success
17865,31-10-2015,20:46:47,110,Failed
17866,31-10-2015,20:52:15,105,Delivered
17867,31-10-2015,21:10:16,105,Success
17868,31-10-2015,21:12:28,104,Delivered
17869,31-10-2015,21:15:19,105,Cancelled
17870,31-10-2015,21:26:08,107,Delivered
17871,31-10-2015,21:26:55,101,Delivered
17872,31-10-2015,21:45:19,102,Delivered
17873,31-10-2015,21:57:11,103,Success
17874,31-10-2015,21:59:24,102,Failed
17875,31-10-2015,22:09:55,105,Cancelled
17876,31-10-2015,22:12:58,103,Cancelled
17877,31-10-2015,22:17:10,107,Cancelled
17878,31-10-2015,22:22:40,103,Failed
17879,01-11-2015,11:40:19,109,Cancelled
17880,01-11-2015,12:12:20,108,Failed
17881,01-11-2015,12:23:50,103,Delivered
17882,01-11-2015,12:31:08,109,Failed
17883,01-11-2015,12:38:50,101,Success
17884,01-11-2015,12:42:46,110,Delivered
17885,01-11-2015,12:48:29,105,Success
17886,01-11-2015,13:02:02,101,Delivered
17887,01-11-2015,13:09:02,107,Failed
17888,01-11-2015,13:27:37,106,Failed
17889,01-11-2015,13:38:56,104,Failed
17890,01-11-2015,13:58:19,108,Delivered
17891,01-11-2015,14:47:07,108,Failed
17892,01-11-2015,14:47:58,105,Success
17893,01-11-2015,15:08:02,105,Failed
17894,01-11-2015,15:08:37,110,Success
17895,01-11-2015,15:08:42,110,Delivered
17896,01-11-2015,15:13:41,105,Success
17897,01-11-2015,15:23:34,101,Failed
17898,01-11-2015,15:25:55,101,Success
17899,01-11-2015,16:00:55,108,Failed
17900,01-11-2015,16:23:44,106,Success
17901,01-11-2015,16:41:29,105,Cancelled
17902,01-11-2015,16:45:11,110,Cancelled
17903,01-11-2015,17:05:12,108,Cancelled
17904,01-11-2015,17:19:54,104,Delivered
17905,01-11-2015,17:24:59,109,Cancelled
17906,01-11-2015,17:35:13,102,Success
17907,01-11-2015,17:36:34,102,Success
17908,01-11-2015,17:44:44,107,Cancelled
17909,01-11-2015,18:00:11,102,Success
17910,01-11-2015,18:06:47,104,Cancelled
17911,01-11-2015,18:11:47,108,Delivered
17912,01-11-2015,18:12:24,103,Failed
17913,01-11-2015,18:14:08,106,Cancelled
17914,01-11-2015,18:25:18,110,Failed
17915,01-11-2015,18:35:41,108,Cancelled
17916,01-11-2015,18:35:58,103,Cancelled
17917,01-11-2015,18:36:20,107,Success
17918,01-11-2015,18:40:22,104,Cancelled
17919,01-11-2015,18:42:24,108,Cancelled
17920,01-11-2015,19:00:23,105,Cancelled
17921,01-11-2015,19:02:56,104,Success
17922,01-11-2015,19:23:23,110,Success
17923,01-11-2015,19:30:41,108,Delivered
17924,01-11-2015,19:37:52,106,Cancelled
17925,01-11-2015,19:41:12,101,Success
17926,01-11-2015,20:34:12,102,Success
17927,01-11-2015,20:53:55,108,Failed
17928,01-11-2015,21:24:11,109,Success
17929,01-11-2015,21:38:16,104,Success
17930,01-11-2015,21:46:33,110,Success
17931,01-11-2015,22:00:07,109,Cancelled
17932,01-11-2015,22:26:33,102,Cancelled
17933,01-11-2015,22:42:12,104,Success
17934,02-11-2015,11:37:08,110,Delivered
17935,02-11-2015,11:42:23,108,Delivered
17936,02-11-2015,11:53:33,101,Success
17937,02-11-2015,11:53:58,106,Cancelled
17938,02-11-2015,12:02:48,109,Failed
17939,02-11-2015,12:04:30,106,Cancelled
17940,02-11-2015,12:06:05,110,Cancelled
17941,02-11-2015,12:13:21,110,Cancelled
17942,02-11-2015,12:16:41,102,Failed
17943,02-11-2015,12:21:13,108,Failed
17944,02-11-2015,12:22:42,110,Failed
17945,02-11-2015,12:31:31,105,Success
17946,02-11-2015,12:33:05,110,Cancelled
17947,02-11-2015,12:44:18,104,Cancelled
17948,02-11-2015,12:56:12,104,Failed
17949,02-11-2015,13:02:49,107,Delivered
17950,02-11-2015,13:18:00,101,Success
17951,02-11-2015,13:20:05,103,Failed
17952,02-11-2015,13:28:54,104,Failed
17953,02-11-2015,13:41:45,105,Success
17954,02-11-2015,13:58:13,101,Success
17955,02-11-2015,13:58:50,103,Cancelled
17956,02-11-2015,13:59:37,109,Cancelled
17957,02-11-2015,14:38:16,101,Failed
17958,02-11-2015,14:59:08,105,Success
17959,02-11-2015,15:12:14,106,Cancelled
17960,02-11-2015,15:18:09,107,Delivered
17961,02-11-2015,15:21:57,110,Failed
17962,02-11-2015,15:37:12,104,Failed
17963,02-11-2015,15:48:53,109,Cancelled
17964,02-11-2015,16:02:38,109,Success
17965,02-11-2015,16:14:23,105,Success
17966,02-11-2015,16:16:12,107,Failed
17967,02-11-2015,16:25:53,104,Cancelled
17968,02-11-2015,16:32:44,105,Cancelled
17969,02-11-2015,16:51:39,105,Cancelled
17970,02-11-2015,17:11:26,108,Failed
17971,02-11-2015,17:21:02,101,Cancelled
17972,02-11-2015,17:25:36,105,Cancelled
17973,02-11-2015,17:39:31,108,Cancelled
17974,02-11-2015,17:56:42,110,Failed
17975,02-11-2015,18:05:44,104,Failed
17976,02-11-2015,18:05:47,110,Delivered
17977,02-11-2015,18:11:22,109,Cancelled
17978,02-11-2015,18:14:20,107,Success
17979,02-11-2015,18:22:50,108,Delivered
17980,02-11-2015,18:31:40,110,Success
17981,02-11-2015,18:41:50,109,Cancelled
17982,02-11-2015,19:26:57,110,Success
17983,02-11-2015,19:37:41,109,Failed
17984,02-11-2015,20:12:20,106,Failed
17985,02-11-2015,21:37:59,110,Success
17986,02-11-2015,21:46:19,106,Failed
17987,02-11-2015,21:48:00,110,Failed
17988,02-11-2015,22:02:10,109,Delivered
17989,02-11-2015,22:12:01,101,Cancelled
17990,03-11-2015,11:57:52,105,Delivered
17991,03-11-2015,11:58:14,109,Success
17992,03-11-2015,11:58:24,102,Delivered
17993,03-11-2015,12:01:51,103,Cancelled
17994,03-11-2015,12:10:54,106,Cancelled
17995,03-11-2015,12:17:57,107,Cancelled
17996,03-11-2015,12:26:09,108,Failed
17997,03-11-2015,12:29:23,101,Success
17998,03-11-2015,12:34:44,107,Failed
17999,03-11-2015,12:38:28,109,Failed
18000,03-11-2015,12:42:10,101,Cancelled
18001,03-11-2015,12:55:54,107,Delivered
18002,03-11-2015,13:20:55,101,Delivered
18003,03-11-2015,13:42:53,108,Delivered
18004,03-11-2015,13:48:06,103,Success
18005,03-11-2015,13:57:42,108,Delivered
18006,03-11-2015,14:02:39,104,Failed
18007,03-11-2015,14:49:28,102,Cancelled
18008,03-11-2015,14:57:30,106,Cancelled
18009,03-11-2015,16:00:16,103,Delivered
18010,03-11-2015,16:04:16,108,Success
18011,03-11-2015,16:09:33,107,Delivered
18012,03-11-2015,16:09:37,107,Cancelled
18013,03-11-2015,16:14:30,110,Delivered
18014,03-11-2015,16:24:04,103,Delivered
18015,03-11-2015,16:30:51,104,Failed
18016,03-11-2015,16:33:10,103,Cancelled
18017,03-11-2015,16:45:05,109,Failed
18018,03-11-2015,17:11:54,103,Delivered
18019,03-11-2015,17:22:43,104,Cancelled
18020,03-11-2015,17:30:14,108,Delivered
18021,03-11-2015,17:38:10,105,Cancelled
18022,03-11-2015,17:38:30,107,Success
18023,03-11-2015,17:41:13,106,Delivered
18024,03-11-2015,17:45:29,102,Cancelled
18025,03-11-2015,17:48:24,103,Failed
18026,03-11-2015,18:21:40,106,Success
18027,03-11-2015,18:28:33,101,Cancelled
18028,03-11-2015,18:42:59,110,Delivered
18029,03-11-2015,19:37:18,104,Success
18030,03-11-2015,19:41:18,105,Cancelled
18031,03-11-2015,19:53:55,110,Failed
18032,03-11-2015,19:54:21,102,Cancelled
18033,03-11-2015,20:08:27,101,Success
18034,03-11-2015,20:19:01,101,Delivered
18035,03-11-2015,20:33:09,108,Success
18036,03-11-2015,20:59:07,102,Success
18037,03-11-2015,22:15:28,101,Success
18038,03-11-2015,22:50:05,110,Cancelled
18039,04-11-2015,11:20:23,106,Failed
18040,04-11-2015,11:24:37,107,Failed
18041,04-11-2015,11:41:39,110,Success
18042,04-11-2015,12:02:55,106,Delivered
18043,04-11-2015,12:09:42,104,Failed
18044,04-11-2015,12:22:24,105,Failed
18045,04-11-2015,12:27:02,110,Cancelled
18046,04-11-2015,12:36:32,102,Failed
18047,04-11-2015,12:49:04,110,Success
18048,04-11-2015,13:03:03,104,Success
18049,04-11-2015,13:13:25,106,Failed
18050,04-11-2015,13:33:18,102,Delivered
18051,04-11-2015,13:35:54,107,Delivered
18052,04-11-2015,13:47:41,102,Cancelled
18053,04-11-2015,13:48:27,101,Cancelled
18054,04-11-2015,13:52:02,103,Success
18055,04-11-2015,14:05:32,104,Cancelled
18056,04-11-2015,15:18:54,105,Failed
18057,04-11-2015,15:56:22,104,Failed
18058,04-11-2015,16:03:28,102,Cancelled
18059,04-11-2015,16:37:41,109,Delivered
18060,04-11-2015,16:44:46,104,Failed
18061,04-11-2015,17:08:14,107,Success
18062,04-11-2015,17:19:09,103,Delivered
18063,04-11-2015,17:22:24,108,Failed
18064,04-11-2015,17:43:04,104,Cancelled
18065,04-11-2015,17:58:28,102,Delivered
18066,04-11-2015,18:07:14,108,Success
18067,04-11-2015,18:09:08,107,Cancelled
18068,04-11-2015,18:24:34,106,Delivered
18069,04-11-2015,18:39:04,101,Cancelled
18070,04-11-2015,18:40:52,101,Delivered
18071,04-11-2015,18:48:35,101,Failed
18072,04-11-2015,18:53:56,101,Cancelled
18073,04-11-2015,18:53:57,103,Failed
18074,04-11-2015,18:57:13,103,Cancelled
18075,04-11-2015,18:57:29,109,Failed
18076,04-11-2015,19:02:42,104,Cancelled
18077,04-11-2015,19:11:11,101,Failed
18078,04-11-2015,19:49:02,107,Delivered
18079,04-11-2015,20:12:36,110,Success
18080,04-11-2015,20:22:06,101,Success
18081,04-11-2015,20:30:07,107,Failed
18082,04-11-2015,20:36:45,110,Failed
18083,04-11-2015,20:55:49,109,Success
18084,04-11-2015,21:46:37,105,Delivered
18085,04-11-2015,22:01:13,108,Success
18086,04-11-2015,22:05:05,108,Cancelled
18087,04-11-2015,22:09:13,108,Delivered
18088,05-11-2015,11:16:55,107,Success
18089,05-11-2015,11:17:06,109,Success
18090,05-11-2015,11:31:32,106,Delivered
18091,05-11-2015,11:47:37,109,Failed
18092,05-11-2015,12:04:24,109,Failed
18093,05-11-2015,12:05:29,104,Cancelled
18094,05-11-2015,12:06:25,106,Cancelled
18095,05-11-2015,12:14:39,102,Failed
18096,05-11-2015,12:15:40,102,Cancelled
18097,05-11-2015,12:19:05,106,Delivered
18098,05-11-2015,12:20:46,103,Cancelled
18099,05-11-2015,12:25:44,108,Success
18100,05-11-2015,12:29:48,109,Delivered
18101,05-11-2015,12:35:53,105,Success
18102,05-11-2015,12:38:17,110,Failed
18103,05-11-2015,12:46:18,108,Delivered
18104,05-11-2015,12:50:58,110,Delivered
18105,05-11-2015,12:58:43,104,Success
18106,05-11-2015,13:03:43,109,Cancelled
18107,05-11-2015,13:23:10,101,Failed
18108,05-11-2015,13:46:36,108,Success
18109,05-11-2015,13:54:42,106,Cancelled
18110,05-11-2015,14:12:29,105,Cancelled
18111,05-11-2015,14:51:45,104,Failed
18112,05-11-2015,15:15:02,106,Cancelled
18113,05-11-2015,15:21:36,106,Delivered
18114,05-11-2015,15:22:16,106,Delivered
18115,05-11-2015,15:22:29,104,Failed
18116,05-11-2015,15:23:17,108,Success
18117,05-11-2015,15:23:30,107,Failed
18118,05-11-2015,15:23:52,105,Delivered
18119,05-11-2015,15:29:54,107,Cancelled
18120,05-11-2015,15:46:04,106,Success
18121,05-11-2015,16:12:34,105,Failed
18122,05-11-2015,16:21:36,107,Success
18123,05-11-2015,16:26:09,110,Failed
18124,05-11-2015,16:34:13,103,Failed
18125,05-11-2015,16:37:18,105,Cancelled
18126,05-11-2015,17:06:46,107,Failed
18127,05-11-2015,17:16:04,102,Success
18128,05-11-2015,17:17:16,102,Cancelled
18129,05-11-2015,18:28:21,105,Delivered
18130,05-11-2015,18:29:31,107,Failed
18131,05-11-2015,18:54:32,104,Failed
18132,05-11-2015,19:17:01,108,Cancelled
18133,05-11-2015,19:39:49,101,Cancelled
18134,05-11-2015,19:52:06,104,Cancelled
18135,05-11-2015,20:15:31,104,Delivered
18136,05-11-2015,20:18:36,110,Failed
18137,05-11-2015,20:24:27,107,Failed
18138,05-11-2015,20:28:16,104,Success
18139,05-11-2015,20:28:52,108,Failed
18140,05-11-2015,20:29:05,107,Cancelled
18141,05-11-2015,20:41:39,101,Cancelled
18142,05-11-2015,20:48:17,101,Failed
18143,05-11-2015,21:08:11,109,Success
18144,05-11-2015,21:32:22,110,Failed
18145,05-11-2015,22:13:38,101,Success
18146,06-11-2015,11:16:47,106,Cancelled
18147,06-11-2015,11:21:21,102,Success
18148,06-11-2015,11:21:27,103,Delivered
18149,06-11-2015,11:25:22,108,Delivered
18150,06-11-2015,11:41:58,109,Cancelled
18151,06-11-2015,11:46:23,106,Success
18152,06-11-2015,11:54:13,104,Cancelled
18153,06-11-2015,11:58:09,109,Failed
18154,06-11-2015,12:05:47,104,Delivered
18155,06-11-2015,12:15:15,104,Success
18156,06-11-2015,12:19:01,103,Cancelled
18157,06-11-2015,12:27:27,103,Failed
18158,06-11-2015,12:29:19,109,Failed
18159,06-11-2015,12:29:31,106,Cancelled
18160,06-11-2015,12:30:45,101,Success
18161,06-11-2015,12:38:14,102,Delivered
18162,06-11-2015,12:51:56,105,Cancelled
18163,06-11-2015,13:01:56,109,Failed
18164,06-11-2015,13:20:26,103,Delivered
18165,06-11-2015,13:23:28,103,Delivered
18166,06-11-2015,13:34:29,109,Success
18167,06-11-2015,13:35:40,107,Failed
18168,06-11-2015,13:56:01,107,Cancelled
18169,06-11-2015,14:05:13,103,Cancelled
18170,06-11-2015,14:10:51,107,Cancelled
18171,06-11-2015,14:13:42,106,Cancelled
18172,06-11-2015,14:16:37,108,Success
18173,06-11-2015,15:02:38,110,Success
18174,06-11-2015,15:09:33,105,Success
18175,06-11-2015,15:33:21,110,Success
18176,06-11-2015,15:36:37,106,Failed
18177,06-11-2015,15:41:54,104,Failed
18178,06-11-2015,16:14:47,110,Cancelled
18179,06-11-2015,16:19:50,103,Delivered
18180,06-11-2015,16:39:11,109,Failed
18181,06-11-2015,16:59:01,107,Success
18182,06-11-2015,17:02:26,103,Success
18183,06-11-2015,17:18:34,103,Failed
18184,06-11-2015,17:27:31,110,Cancelled
18185,06-11-2015,17:38:35,109,Success
18186,06-11-2015,17:50:15,101,Success
18187,06-11-2015,17:54:07,102,Delivered
18188,06-11-2015,17:54:37,104,Cancelled
18189,06-11-2015,18:07:04,109,Cancelled
18190,06-11-2015,18:19:29,105,Success
18191,06-11-2015,18:23:07,101,Cancelled
18192,06-11-2015,18:24:12,102,Failed
18193,06-11-2015,18:31:46,109,Cancelled
18194,06-11-2015,18:35:12,107,Failed
18195,06-11-2015,18:35:16,109,Delivered
18196,06-11-2015,18:53:16,101,Delivered
18197,06-11-2015,19:13:37,101,Success
18198,06-11-2015,19:17:30,101,Success
18199,06-11-2015,19:25:07,110,Cancelled
18200,06-11-2015,20:02:28,106,Delivered
18201,06-11-2015,20:12:39,101,Cancelled
18202,06-11-2015,20:17:32,106,Delivered
18203,06-11-2015,20:17:59,103,Cancelled
18204,06-11-2015,20:41:27,105,Success
18205,06-11-2015,20:45:57,107,Delivered
18206,06-11-2015,20:59:34,105,Delivered
18207,06-11-2015,21:00:25,103,Success
18208,06-11-2015,21:03:10,101,Success
18209,06-11-2015,21:28:27,103,Success
18210,06-11-2015,21:33:35,105,Failed
18211,06-11-2015,21:44:54,103,Failed
18212,06-11-2015,21:50:23,103,Success
18213,06-11-2015,21:57:44,108,Success
18214,06-11-2015,21:59:08,107,Success
18215,06-11-2015,22:02:26,103,Delivered
18216,06-11-2015,22:09:38,108,Cancelled
18217,06-11-2015,22:16:28,104,Delivered
18218,06-11-2015,22:59:20,101,Delivered
18219,07-11-2015,11:39:39,107,Success
18220,07-11-2015,11:42:21,108,Failed
18221,07-11-2015,12:57:08,105,Delivered
18222,07-11-2015,12:58:36,107,Cancelled
18223,07-11-2015,13:07:13,110,Success
18224,07-11-2015,13:25:40,106,Cancelled
18225,07-11-2015,13:33:43,101,Delivered
18226,07-11-2015,13:37:35,102,Cancelled
18227,07-11-2015,13:44:01,107,Success
18228,07-11-2015,14:37:06,102,Cancelled
18229,07-11-2015,14:47:53,108,Failed
18230,07-11-2015,15:01:58,107,Success
18231,07-11-2015,15:08:01,101,Delivered
18232,07-11-2015,15:15:11,110,Success
18233,07-11-2015,15:25:09,105,Delivered
18234,07-11-2015,15:35:48,104,Failed
18235,07-11-2015,15:55:14,104,Cancelled
18236,07-11-2015,16:21:30,106,Success
18237,07-11-2015,16:27:45,108,Failed
18238,07-11-2015,16:43:03,108,Delivered
18239,07-11-2015,16:44:22,101,Cancelled
18240,07-11-2015,16:47:30,109,Cancelled
18241,07-11-2015,16:49:42,104,Delivered
18242,07-11-2015,16:52:48,106,Delivered
18243,07-11-2015,16:57:40,107,Delivered
18244,07-11-2015,17:01:54,101,Success
18245,07-11-2015,17:03:45,108,Success
18246,07-11-2015,17:18:45,104,Failed
18247,07-11-2015,17:19:09,103,Failed
18248,07-11-2015,17:22:03,102,Cancelled
18249,07-11-2015,17:25:53,101,Failed
18250,07-11-2015,17:26:24,101,Cancelled
18251,07-11-2015,17:27:04,103,Success
18252,07-11-2015,17:42:34,103,Cancelled
18253,07-11-2015,17:47:14,107,Delivered
18254,07-11-2015,17:54:15,104,Cancelled
18255,07-11-2015,17:59:54,104,Delivered
18256,07-11-2015,18:13:14,102,Delivered
18257,07-11-2015,18:20:11,102,Failed
18258,07-11-2015,18:23:08,103,Cancelled
18259,07-11-2015,18:28:50,109,Success
18260,07-11-2015,18:31:37,107,Delivered
18261,07-11-2015,18:36:44,107,Cancelled
18262,07-11-2015,18:38:43,105,Delivered
18263,07-11-2015,18:44:28,109,Success
18264,07-11-2015,18:58:02,103,Cancelled
18265,07-11-2015,19:10:12,110,Success
18266,07-11-2015,19:30:04,108,Failed
18267,07-11-2015,19:38:12,102,Success
18268,07-11-2015,19:43:35,109,Failed
18269,07-11-2015,20:03:12,110,Success
18270,07-11-2015,20:06:37,107,Success
18271,07-11-2015,20:25:25,107,Success
18272,07-11-2015,20:28:31,103,Failed
18273,07-11-2015,20:31:03,106,Cancelled
18274,07-11-2015,20:45:04,106,Failed
18275,07-11-2015,21:16:47,108,Success
18276,07-11-2015,22:05:09,106,Success
18277,07-11-2015,22:25:09,104,Delivered
18278,07-11-2015,22:52:19,108,Failed
18279,07-11-2015,22:53:51,105,Success
18280,08-11-2015,11:50:27,102,Success
18281,08-11-2015,12:12:25,109,Cancelled
18282,08-11-2015,12:42:26,109,Delivered
18283,08-11-2015,12:45:26,108,Success
18284,08-11-2015,12:58:39,108,Cancelled
18285,08-11-2015,13:08:08,109,Cancelled
18286,08-11-2015,13:13:56,105,Success
18287,08-11-2015,13:40:18,110,Failed
18288,08-11-2015,14:05:34,109,Cancelled
18289,08-11-2015,14:20:40,103,Delivered
18290,08-11-2015,14:23:13,102,Failed
18291,08-11-2015,14:38:26,107,Success
18292,08-11-2015,15:06:32,101,Delivered
18293,08-11-2015,15:12:18,108,Failed
18294,08-11-2015,15:16:10,107,Success
18295,08-11-2015,15:24:33,108,Success
18296,08-11-2015,15:38:22,107,Cancelled
18297,08-11-2015,15:39:51,102,Delivered
18298,08-11-2015,15:41:17,106,Failed
18299,08-11-2015,16:13:46,105,Delivered
18300,08-11-2015,16:18:29,107,Cancelled
18301,08-11-2015,16:26:31,110,Cancelled
18302,08-11-2015,16:30:14,107,Success
18303,08-11-2015,16:36:44,105,Cancelled
18304,08-11-2015,16:38:50,105,Cancelled
18305,08-11-2015,16:38:56,109,Success
18306,08-11-2015,17:04:45,102,Success
18307,08-11-2015,17:42:02,102,Failed
18308,08-11-2015,17:53:22,109,Cancelled
18309,08-11-2015,17:53:33,102,Cancelled
18310,08-11-2015,17:58:19,101,Delivered
18311,08-11-2015,18:01:04,103,Failed
18312,08-11-2015,18:01:23,101,Success
18313,08-11-2015,18:02:50,105,Success
18314,08-11-2015,18:03:05,109,Cancelled
18315,08-11-2015,18:26:49,105,Delivered
18316,08-11-2015,18:31:56,102,Cancelled
18317,08-11-2015,18:33:13,101,Cancelled
18318,08-11-2015,18:38:45,107,Cancelled
18319,08-11-2015,18:50:20,110,Success
18320,08-11-2015,18:56:26,110,Cancelled
18321,08-11-2015,18:59:51,106,Delivered
18322,08-11-2015,19:05:06,106,Failed
18323,08-11-2015,19:05:22,102,Success
18324,08-11-2015,19:38:13,109,Success
18325,08-11-2015,21:40:48,109,Failed
18326,08-11-2015,21:59:54,103,Failed
18327,08-11-2015,22:24:03,101,Success
18328,09-11-2015,11:31:44,103,Delivered
18329,09-11-2015,11:45:34,101,Success
18330,09-11-2015,11:45:39,102,Cancelled
18331,09-11-2015,11:54:18,105,Delivered
18332,09-11-2015,11:59:53,105,Success
18333,09-11-2015,12:06:33,106,Success
18334,09-11-2015,12:19:50,101,Failed
18335,09-11-2015,12:20:39,101,Delivered
18336,09-11-2015,12:26:23,103,Delivered
18337,09-11-2015,12:33:39,101,Delivered
18338,09-11-2015,12:37:16,105,Success
18339,09-11-2015,12:45:12,106,Success
18340,09-11-2015,12:49:43,110,Cancelled
18341,09-11-2015,13:00:32,104,Delivered
18342,09-11-2015,13:01:07,105,Delivered
18343,09-11-2015,13:07:24,105,Success
18344,09-11-2015,13:11:01,102,Failed
18345,09-11-2015,13:13:10,109,Cancelled
18346,09-11-2015,13:16:31,106,Failed
18347,09-11-2015,13:18:06,101,Delivered
18348,09-11-2015,13:32:23,109,Success
18349,09-11-2015,13:48:16,110,Delivered
18350,09-11-2015,13:58:58,104,Failed
18351,09-11-2015,14:38:13,110,Delivered
18352,09-11-2015,14:52:31,101,Cancelled
18353,09-11-2015,14:58:03,107,Cancelled
18354,09-11-2015,15:18:00,106,Success
18355,09-11-2015,15:22:26,107,Success
18356,09-11-2015,15:23:43,110,Failed
18357,09-11-2015,15:31:42,102,Failed
18358,09-11-2015,15:40:43,102,Cancelled
18359,09-11-2015,15:50:03,107,Cancelled
18360,09-11-2015,16:12:01,106,Delivered
18361,09-11-2015,16:17:20,105,Delivered
18362,09-11-2015,16:36:31,101,Success
18363,09-11-2015,17:29:21,107,Delivered
18364,09-11-2015,17:30:16,109,Failed
18365,09-11-2015,17:42:40,110,Delivered
18366,09-11-2015,17:51:52,106,Success
18367,09-11-2015,18:00:07,106,Delivered
18368,09-11-2015,18:41:54,101,Delivered
18369,09-11-2015,18:59:31,103,Delivered
18370,09-11-2015,19:02:39,109,Success
18371,09-11-2015,19:16:53,108,Delivered
18372,09-11-2015,19:33:15,104,Cancelled
18373,09-11-2015,19:36:11,107,Delivered
18374,09-11-2015,19:45:39,102,Failed
18375,09-11-2015,19:51:38,110,Cancelled
18376,09-11-2015,19:57:45,102,Delivered
18377,09-11-2015,20:11:50,103,Cancelled
18378,09-11-2015,20:17:20,102,Cancelled
18379,09-11-2015,20:23:33,109,Failed
18380,09-11-2015,20:25:03,102,Cancelled
18381,09-11-2015,20:55:32,106,Success
18382,09-11-2015,21:01:50,104,Failed
18383,09-11-2015,21:08:03,109,Delivered
18384,09-11-2015,21:13:21,105,Cancelled
18385,09-11-2015,21:14:14,104,Delivered
18386,09-11-2015,21:53:31,106,Success
18387,09-11-2015,22:02:22,102,Failed
18388,09-11-2015,22:11:41,105,Delivered
18389,10-11-2015,11:19:51,106,Failed
18390,10-11-2015,11:32:35,101,Failed
18391,10-11-2015,11:52:52,105,Cancelled
18392,10-11-2015,12:11:22,110,Success
18393,10-11-2015,12:27:20,108,Delivered
18394,10-11-2015,12:30:54,105,Delivered
18395,10-11-2015,12:33:57,101,Delivered
18396,10-11-2015,12:34:06,106,Cancelled
18397,10-11-2015,12:37:31,102,Failed
18398,10-11-2015,12:43:44,107,Failed
18399,10-11-2015,13:08:13,106,Failed
18400,10-11-2015,13:10:19,106,Cancelled
18401,10-11-2015,13:10:40,110,Cancelled
18402,10-11-2015,13:16:51,104,Cancelled
18403,10-11-2015,13:18:05,110,Failed
18404,10-11-2015,13:26:52,107,Cancelled
18405,10-11-2015,13:41:09,105,Cancelled
18406,10-11-2015,13:43:49,101,Success
18407,10-11-2015,13:48:46,109,Failed
18408,10-11-2015,13:59:49,101,Delivered
18409,10-11-2015,14:22:40,108,Success
18410,10-11-2015,14:37:17,102,Cancelled
18411,10-11-2015,15:15:49,102,Delivered
18412,10-11-2015,15:21:54,107,Success
18413,10-11-2015,15:29:09,105,Failed
18414,10-11-2015,15:29:50,109,Delivered
18415,10-11-2015,16:09:07,108,Cancelled
18416,10-11-2015,16:19:30,109,Delivered
18417,10-11-2015,16:23:21,107,Failed
18418,10-11-2015,16:27:45,106,Success
18419,10-11-2015,16:39:35,103,Cancelled
18420,10-11-2015,16:42:23,102,Success
18421,10-11-2015,16:58:03,106,Delivered
18422,10-11-2015,17:00:18,109,Success
18423,10-11-2015,17:03:56,110,Failed
18424,10-11-2015,17:10:04,102,Failed
18425,10-11-2015,17:28:43,109,Delivered
18426,10-11-2015,17:28:46,102,Failed
18427,10-11-2015,17:31:18,101,Failed
18428,10-11-2015,17:39:26,108,Cancelled
18429,10-11-2015,17:53:57,105,Cancelled
18430,10-11-2015,18:10:37,105,Cancelled
18431,10-11-2015,18:10:54,101,Failed
18432,10-11-2015,18:22:53,108,Failed
18433,10-11-2015,18:28:02,108,Failed
18434,10-11-2015,18:34:43,104,Cancelled
18435,10-11-2015,18:35:20,101,Success
18436,10-11-2015,18:43:22,101,Delivered
18437,10-11-2015,19:01:26,108,Success
18438,10-11-2015,19:14:40,107,Cancelled
18439,10-11-2015,19:14:56,110,Delivered
18440,10-11-2015,19:24:36,103,Failed
18441,10-11-2015,19:33:02,105,Failed
18442,10-11-2015,19:49:13,106,Success
18443,10-11-2015,19:57:39,107,Cancelled
18444,10-11-2015,20:01:02,103,Failed
18445,10-11-2015,20:08:13,104,Delivered
18446,10-11-2015,20:08:35,101,Failed
18447,10-11-2015,20:17:04,108,Delivered
18448,10-11-2015,20:43:24,105,Delivered
18449,10-11-2015,21:02:02,108,Success
18450,10-11-2015,21:06:47,102,Delivered
18451,11-11-2015,11:25:43,107,Success
18452,11-11-2015,11:33:48,108,Delivered
18453,11-11-2015,12:08:00,108,Success
18454,11-11-2015,12:16:17,110,Delivered
18455,11-11-2015,12:42:25,104,Failed
18456,11-11-2015,12:50:12,108,Cancelled
18457,11-11-2015,13:04:26,107,Failed
18458,11-11-2015,13:07:03,101,Delivered
18459,11-11-2015,13:07:53,108,Cancelled
18460,11-11-2015,13:11:58,101,Success
18461,11-11-2015,13:15:49,105,Delivered
18462,11-11-2015,13:19:43,109,Success
18463,11-11-2015,13:24:46,108,Failed
18464,11-11-2015,13:27:55,108,Delivered
18465,11-11-2015,13:28:25,104,Failed
18466,11-11-2015,13:37:09,102,Failed
18467,11-11-2015,13:38:27,102,Cancelled
18468,11-11-2015,14:26:35,102,Cancelled
18469,11-11-2015,14:43:11,109,Delivered
18470,11-11-2015,15:01:28,109,Failed
18471,11-11-2015,15:25:50,102,Cancelled
18472,11-11-2015,15:33:20,101,Failed
18473,11-11-2015,15:53:48,108,Cancelled
18474,11-11-2015,16:17:25,107,Failed
18475,11-11-2015,16:25:36,103,Failed
18476,11-11-2015,16:29:25,104,Cancelled
18477,11-11-2015,16:38:30,108,Delivered
18478,11-11-2015,16:40:22,102,Failed
18479,11-11-2015,16:49:00,103,Delivered
18480,11-11-2015,17:04:20,110,Failed
18481,11-11-2015,17:08:47,109,Success
18482,11-11-2015,17:12:15,109,Failed
18483,11-11-2015,17:29:48,102,Delivered
18484,11-11-2015,18:11:37,102,Cancelled
18485,11-11-2015,18:47:08,106,Failed
18486,11-11-2015,18:48:11,101,Delivered
18487,11-11-2015,19:00:28,109,Success
18488,11-11-2015,19:08:03,106,Delivered
18489,11-11-2015,19:32:34,105,Delivered
18490,11-11-2015,19:49:33,105,Delivered
18491,11-11-2015,19:55:32,106,Cancelled
18492,11-11-2015,20:38:31,109,Delivered
18493,11-11-2015,20:55:59,103,Failed
18494,11-11-2015,21:10:59,104,Failed
18495,11-11-2015,22:00:25,110,Success
18496,11-11-2015,22:00:35,110,Success
18497,11-11-2015,22:15:56,110,Success
18498,11-11-2015,22:49:08,104,Failed
18499,12-11-2015,12:12:08,105,Delivered
18500,12-11-2015,12:15:01,102,Delivered
18501,12-11-2015,12:26:56,107,Delivered
18502,12-11-2015,12:28:42,101,Success
18503,12-11-2015,12:29:37,103,Failed
18504,12-11-2015,12:34:34,110,Failed
18505,12-11-2015,12:49:21,104,Failed
18506,12-11-2015,12:51:38,101,Success
18507,12-11-2015,12:56:13,103,Success
18508,12-11-2015,13:00:14,108,Cancelled
18509,12-11-2015,13:04:06,108,Delivered
18510,12-11-2015,13:18:44,105,Failed
18511,12-11-2015,13:20:53,101,Delivered
18512,12-11-2015,13:23:01,110,Cancelled
18513,12-11-2015,13:24:59,102,Failed
18514,12-11-2015,14:04:46,108,Cancelled
18515,12-11-2015,14:07:12,104,Delivered
18516,12-11-2015,14:28:42,103,Success
18517,12-11-2015,14:36:57,106,Cancelled
18518,12-11-2015,14:52:03,109,Success
18519,12-11-2015,14:52:46,105,Cancelled
18520,12-11-2015,15:31:33,103,Success
18521,12-11-2015,15:36:45,110,Cancelled
18522,12-11-2015,15:37:04,107,Success
18523,12-11-2015,15:41:59,104,Success
18524,12-11-2015,15:55:13,106,Success
18525,12-11-2015,16:01:45,101,Success
18526,12-11-2015,16:23:21,107,Cancelled
18527,12-11-2015,16:24:56,107,Failed
18528,12-11-2015,16:28:24,106,Failed
18529,12-11-2015,16:34:21,107,Delivered
18530,12-11-2015,16:43:31,108,Delivered
18531,12-11-2015,16:50:39,101,Failed
18532,12-11-2015,16:55:59,108,Delivered
18533,12-11-2015,17:09:18,107,Success
18534,12-11-2015,17:14:38,107,Cancelled
18535,12-11-2015,17:16:45,106,Cancelled
18536,12-11-2015,17:22:08,105,Delivered
18537,12-11-2015,17:40:00,102,Delivered
18538,12-11-2015,17:42:58,108,Failed
18539,12-11-2015,17:45:40,104,Delivered
18540,12-11-2015,17:50:31,103,Success
18541,12-11-2015,18:34:54,110,Success
18542,12-11-2015,18:40:11,107,Success
18543,12-11-2015,18:47:34,104,Delivered
18544,12-11-2015,18:56:27,106,Cancelled
18545,12-11-2015,19:10:41,107,Delivered
18546,12-11-2015,19:12:48,108,Delivered
18547,12-11-2015,19:34:00,106,Cancelled
18548,12-11-2015,19:36:10,108,Delivered
18549,12-11-2015,19:44:34,106,Cancelled
18550,12-11-2015,20:02:27,102,Success
18551,12-11-2015,20:19:57,103,Cancelled
18552,12-11-2015,20:31:29,103,Delivered
18553,12-11-2015,20:46:16,106,Success
18554,12-11-2015,20:51:27,104,Cancelled
18555,12-11-2015,20:51:43,102,Delivered
18556,12-11-2015,21:05:18,101,Delivered
18557,12-11-2015,21:43:47,101,Failed
18558,13-11-2015,11:22:32,105,Cancelled
18559,13-11-2015,11:23:55,107,Success
18560,13-11-2015,11:39:14,107,Success
18561,13-11-2015,12:32:27,108,Cancelled
18562,13-11-2015,12:42:13,110,Success
18563,13-11-2015,12:51:24,105,Success
18564,13-11-2015,12:53:30,101,Delivered
18565,13-11-2015,12:56:20,109,Failed
18566,13-11-2015,13:01:40,101,Failed
18567,13-11-2015,13:06:51,101,Cancelled
18568,13-11-2015,13:07:13,104,Failed
18569,13-11-2015,13:07:35,107,Cancelled
18570,13-11-2015,13:17:39,106,Cancelled
18571,13-11-2015,13:18:03,110,Success
18572,13-11-2015,13:20:49,101,Success
18573,13-11-2015,13:27:28,108,Failed
18574,13-11-2015,13:40:34,110,Success
18575,13-11-2015,14:04:33,107,Success
18576,13-11-2015,14:12:07,106,Cancelled
18577,13-11-2015,14:44:59,105,Success
18578,13-11-2015,15:20:44,101,Failed
18579,13-11-2015,15:28:13,107,Failed
18580,13-11-2015,15:55:58,103,Delivered
18581,13-11-2015,15:57:35,102,Delivered
18582,13-11-2015,16:06:22,110,Failed
18583,13-11-2015,16:08:41,110,Delivered
18584,13-11-2015,16:13:46,106,Failed
18585,13-11-2015,16:28:45,101,Delivered
18586,13-11-2015,16:54:22,104,Failed
18587,13-11-2015,17:12:40,101,Success
18588,13-11-2015,17:16:30,102,Delivered
18589,13-11-2015,17:23:17,106,Failed
18590,13-11-2015,17:23:24,103,Success
18591,13-11-2015,17:26:01,106,Failed
18592,13-11-2015,17:26:03,101,Success
18593,13-11-2015,17:26:53,101,Success
18594,13-11-2015,17:36:48,107,Cancelled
18595,13-11-2015,18:00:16,107,Failed
18596,13-11-2015,18:25:25,109,Delivered
18597,13-11-2015,18:27:24,108,Delivered
18598,13-11-2015,18:33:34,102,Failed
18599,13-11-2015,18:35:59,104,Cancelled
18600,13-11-2015,18:36:46,106,Cancelled
18601,13-11-2015,18:41:14,109,Failed
18602,13-11-2015,18:41:40,103,Failed
18603,13-11-2015,18:41:53,110,Cancelled
18604,13-11-2015,18:51:25,101,Cancelled
18605,13-11-2015,18:53:30,108,Failed
18606,13-11-2015,19:06:42,104,Success
18607,13-11-2015,19:12:00,103,Cancelled
18608,13-11-2015,19:27:08,108,Success
18609,13-11-2015,19:50:56,101,Success
18610,13-11-2015,20:06:40,108,Success
18611,13-11-2015,20:21:58,109,Failed
18612,13-11-2015,20:40:01,108,Success
18613,13-11-2015,20:47:06,107,Success
18614,13-11-2015,20:49:55,102,Success
18615,13-11-2015,20:58:29,105,Cancelled
18616,13-11-2015,21:20:08,101,Success
18617,13-11-2015,21:24:18,105,Cancelled
18618,13-11-2015,21:48:02,106,Failed
18619,13-11-2015,21:53:01,109,Cancelled
18620,13-11-2015,22:03:35,109,Success
18621,13-11-2015,22:06:06,104,Success
18622,13-11-2015,22:10:33,103,Cancelled
18623,13-11-2015,22:29:20,107,Failed
18624,13-11-2015,22:37:24,102,Cancelled
18625,14-11-2015,11:35:48,110,Success
18626,14-11-2015,11:40:28,110,Success
18627,14-11-2015,12:45:24,103,Cancelled
18628,14-11-2015,13:04:04,102,Cancelled
18629,14-11-2015,13:31:16,108,Delivered
18630,14-11-2015,13:39:31,102,Delivered
18631,14-11-2015,13:41:10,109,Success
18632,14-11-2015,13:47:05,109,Failed
18633,14-11-2015,13:53:27,103,Delivered
18634,14-11-2015,13:55:53,106,Failed
18635,14-11-2015,14:32:00,101,Success
18636,14-11-2015,14:32:27,104,Success
18637,14-11-2015,14:34:50,102,Delivered
18638,14-11-2015,14:46:12,107,Success
18639,14-11-2015,14:49:37,109,Failed
18640,14-11-2015,15:07:46,104,Cancelled
18641,14-11-2015,15:09:02,103,Delivered
18642,14-11-2015,15:27:57,103,Cancelled
18643,14-11-2015,15:31:20,110,Failed
18644,14-11-2015,15:36:22,109,Success
18645,14-11-2015,15:43:03,108,Cancelled
18646,14-11-2015,16:09:08,103,Failed
18647,14-11-2015,16:26:09,105,Failed
18648,14-11-2015,16:28:17,102,Cancelled
18649,14-11-2015,16:54:26,106,Success
18650,14-11-2015,17:13:24,108,Cancelled
18651,14-11-2015,17:21:02,109,Cancelled
18652,14-11-2015,17:40:20,106,Delivered
18653,14-11-2015,17:43:12,101,Failed
18654,14-11-2015,18:02:40,105,Failed
18655,14-11-2015,18:09:02,106,Delivered
18656,14-11-2015,18:50:19,103,Delivered
18657,14-11-2015,18:50:52,109,Failed
18658,14-11-2015,18:51:47,106,Success
18659,14-11-2015,19:01:23,109,Delivered
18660,14-11-2015,19:09:40,103,Failed
18661,14-11-2015,19:20:17,104,Delivered
18662,14-11-2015,19:26:10,107,Failed
18663,14-11-2015,19:37:29,102,Cancelled
18664,14-11-2015,19:39:07,101,Delivered
18665,14-11-2015,19:39:35,105,Delivered
18666,14-11-2015,19:40:11,109,Delivered
18667,14-11-2015,19:49:29,103,Delivered
18668,14-11-2015,20:22:06,102,Success
18669,14-11-2015,20:27:17,101,Cancelled
18670,14-11-2015,20:29:31,103,Cancelled
18671,14-11-2015,20:47:03,102,Success
18672,14-11-2015,21:05:01,109,Delivered
18673,14-11-2015,21:06:23,109,Cancelled
18674,14-11-2015,21:10:53,109,Failed
18675,14-11-2015,21:21:09,103,Failed
18676,14-11-2015,21:36:52,102,Delivered
18677,14-11-2015,21:47:17,101,Delivered
18678,14-11-2015,21:57:58,105,Cancelled
18679,14-11-2015,22:22:24,104,Success
18680,14-11-2015,22:34:12,104,Success
18681,14-11-2015,22:55:14,108,Delivered
18682,14-11-2015,23:01:33,108,Success
18683,15-11-2015,11:55:29,103,Cancelled
18684,15-11-2015,12:11:31,110,Cancelled
18685,15-11-2015,12:13:25,103,Success
18686,15-11-2015,12:16:16,105,Success
18687,15-11-2015,12:26:44,110,Cancelled
18688,15-11-2015,12:46:45,104,Cancelled
18689,15-11-2015,12:47:01,108,Delivered
18690,15-11-2015,12:54:30,103,Success
18691,15-11-2015,12:57:12,106,Cancelled
18692,15-11-2015,13:06:21,107,Failed
18693,15-11-2015,13:08:43,105,Delivered
18694,15-11-2015,13:11:29,107,Failed
18695,15-11-2015,13:12:59,105,Failed
18696,15-11-2015,13:30:21,103,Success
18697,15-11-2015,13:31:26,107,Delivered
18698,15-11-2015,13:38:51,106,Failed
18699,15-11-2015,13:42:30,110,Cancelled
18700,15-11-2015,14:38:30,104,Success
18701,15-11-2015,15:06:28,105,Success
18702,15-11-2015,15:18:53,103,Success
18703,15-11-2015,16:15:46,103,Failed
18704,15-11-2015,16:41:40,106,Delivered
18705,15-11-2015,16:48:53,105,Cancelled
18706,15-11-2015,16:55:47,102,Delivered
18707,15-11-2015,16:59:08,108,Success
18708,15-11-2015,17:10:40,102,Cancelled
18709,15-11-2015,17:22:36,109,Cancelled
18710,15-11-2015,17:23:53,105,Cancelled
18711,15-11-2015,17:30:44,108,Success
18712,15-11-2015,17:42:09,109,Delivered
18713,15-11-2015,17:44:38,107,Delivered
18714,15-11-2015,18:03:46,107,Delivered
18715,15-11-2015,18:08:35,102,Success
18716,15-11-2015,18:10:58,108,Failed
18717,15-11-2015,19:08:47,109,Delivered
18718,15-11-2015,19:54:40,103,Failed
18719,15-11-2015,19:58:28,103,Cancelled
18720,15-11-2015,20:01:34,105,Cancelled
18721,15-11-2015,20:41:33,103,Success
18722,15-11-2015,20:58:00,107,Delivered
18723,15-11-2015,21:01:49,101,Delivered
18724,15-11-2015,21:36:35,102,Failed
18725,15-11-2015,22:03:20,107,Success
18726,15-11-2015,22:12:50,109,Delivered
18727,15-11-2015,22:27:42,109,Success
18728,16-11-2015,11:37:20,105,Failed
18729,16-11-2015,11:40:26,104,Delivered
18730,16-11-2015,11:45:01,106,Cancelled
18731,16-11-2015,12:03:29,104,Delivered
18732,16-11-2015,12:06:59,110,Delivered
18733,16-11-2015,12:07:20,106,Failed
18734,16-11-2015,12:07:31,106,Failed
18735,16-11-2015,12:08:48,110,Failed
18736,16-11-2015,12:26:33,102,Delivered
18737,16-11-2015,12:27:39,104,Cancelled
18738,16-11-2015,12:30:29,106,Delivered
18739,16-11-2015,12:37:55,101,Success
18740,16-11-2015,12:38:58,109,Cancelled
18741,16-11-2015,12:53:27,102,Cancelled
18742,16-11-2015,13:00:51,103,Failed
18743,16-11-2015,13:18:46,109,Cancelled
18744,16-11-2015,13:21:19,106,Success
18745,16-11-2015,13:39:21,106,Failed
18746,16-11-2015,13:46:47,105,Delivered
18747,16-11-2015,13:56:31,106,Delivered
18748,16-11-2015,14:03:03,104,Delivered
18749,16-11-2015,14:03:08,106,Failed
18750,16-11-2015,14:08:50,107,Success
18751,16-11-2015,14:14:58,104,Delivered
18752,16-11-2015,14:38:57,101,Cancelled
18753,16-11-2015,14:39:40,101,Cancelled
18754,16-11-2015,15:19:45,104,Failed
18755,16-11-2015,15:43:19,105,Delivered
18756,16-11-2015,15:54:39,105,Success
18757,16-11-2015,16:01:59,109,Success
18758,16-11-2015,16:02:35,102,Success
18759,16-11-2015,16:24:08,103,Cancelled
18760,16-11-2015,16:27:14,110,Delivered
18761,16-11-2015,16:29:44,110,Success
18762,16-11-2015,16:58:30,106,Cancelled
18763,16-11-2015,17:09:49,110,Success
18764,16-11-2015,17:10:04,110,Cancelled
18765,16-11-2015,17:20:13,102,Success
18766,16-11-2015,17:21:36,104,Success
18767,16-11-2015,17:24:35,106,Failed
18768,16-11-2015,17:32:12,102,Success
18769,16-11-2015,17:32:30,107,Failed
18770,16-11-2015,17:43:14,107,Delivered
18771,16-11-2015,17:49:29,107,Success
18772,16-11-2015,17:56:52,106,Success
18773,16-11-2015,17:57:18,106,Cancelled
18774,16-11-2015,18:16:52,109,Delivered
18775,16-11-2015,18:51:51,109,Delivered
18776,16-11-2015,19:03:22,103,Cancelled
18777,16-11-2015,19:20:21,101,Delivered
18778,16-11-2015,19:30:48,103,Failed
18779,16-11-2015,19:34:22,110,Cancelled
18780,16-11-2015,19:54:30,102,Cancelled
18781,16-11-2015,20:01:44,107,Success
18782,16-11-2015,20:17:33,109,Cancelled
18783,16-11-2015,20:18:46,101,Delivered
18784,16-11-2015,21:00:17,110,Cancelled
18785,16-11-2015,21:12:08,101,Success
18786,16-11-2015,21:16:52,107,Delivered
18787,16-11-2015,21:27:37,110,Success
18788,16-11-2015,22:10:41,109,Success
18789,17-11-2015,11:23:51,109,Success
18790,17-11-2015,11:28:57,106,Failed
18791,17-11-2015,11:29:19,106,Success
18792,17-11-2015,11:33:33,109,Cancelled
18793,17-11-2015,11:39:21,101,Failed
18794,17-11-2015,11:47:53,108,Delivered
18795,17-11-2015,12:04:13,109,Success
18796,17-11-2015,12:13:18,104,Success
18797,17-11-2015,12:14:18,104,Failed
18798,17-11-2015,12:19:50,101,Success
18799,17-11-2015,12:27:41,107,Failed
18800,17-11-2015,12:38:12,107,Success
18801,17-11-2015,12:45:51,102,Failed
18802,17-11-2015,12:46:22,107,Cancelled
18803,17-11-2015,12:51:09,103,Failed
18804,17-11-2015,13:18:36,107,Cancelled
18805,17-11-2015,13:20:10,105,Cancelled
18806,17-11-2015,13:32:28,110,Delivered
18807,17-11-2015,13:43:54,104,Failed
18808,17-11-2015,13:57:49,103,Failed
18809,17-11-2015,14:13:42,101,Success
18810,17-11-2015,14:24:12,108,Delivered
18811,17-11-2015,14:48:33,102,Success
18812,17-11-2015,15:05:25,103,Failed
18813,17-11-2015,15:11:55,107,Cancelled
18814,17-11-2015,16:41:36,105,Success
18815,17-11-2015,17:13:47,108,Cancelled
18816,17-11-2015,17:20:10,102,Success
18817,17-11-2015,18:07:20,102,Failed
18818,17-11-2015,18:12:07,105,Cancelled
18819,17-11-2015,18:17:27,102,Success
18820,17-11-2015,18:27:57,108,Delivered
18821,17-11-2015,18:31:35,103,Failed
18822,17-11-2015,18:49:15,101,Success
18823,17-11-2015,18:56:08,105,Success
18824,17-11-2015,19:01:40,110,Success
18825,17-11-2015,19:24:51,104,Failed
18826,17-11-2015,19:30:35,108,Delivered
18827,17-11-2015,19:31:38,106,Failed
18828,17-11-2015,19:35:06,105,Failed
18829,17-11-2015,19:55:04,110,Failed
18830,17-11-2015,20:11:57,109,Failed
18831,17-11-2015,20:21:30,107,Delivered
18832,17-11-2015,20:24:05,107,Success
18833,17-11-2015,20:32:59,104,Delivered
18834,17-11-2015,20:45:14,106,Delivered
18835,17-11-2015,20:47:14,109,Success
18836,17-11-2015,21:05:00,105,Failed
18837,17-11-2015,21:55:24,107,Success
18838,18-11-2015,11:15:13,110,Success
18839,18-11-2015,11:30:47,107,Cancelled
18840,18-11-2015,11:31:26,105,Cancelled
18841,18-11-2015,11:46:26,107,Success
18842,18-11-2015,11:55:16,105,Success
18843,18-11-2015,12:03:46,106,Failed
18844,18-11-2015,12:22:46,104,Cancelled
18845,18-11-2015,12:25:12,108,Failed
18846,18-11-2015,12:27:41,102,Failed
18847,18-11-2015,12:29:18,110,Cancelled
18848,18-11-2015,12:39:46,105,Failed
18849,18-11-2015,12:52:51,102,Failed
18850,18-11-2015,12:53:01,106,Cancelled
18851,18-11-2015,12:54:54,104,Success
18852,18-11-2015,13:01:44,105,Failed
18853,18-11-2015,13:40:33,101,Success
18854,18-11-2015,13:47:10,108,Cancelled
18855,18-11-2015,13:51:12,109,Cancelled
18856,18-11-2015,14:04:51,103,Failed
18857,18-11-2015,14:38:38,103,Delivered
18858,18-11-2015,14:41:35,101,Failed
18859,18-11-2015,14:46:57,102,Delivered
18860,18-11-2015,15:21:14,106,Cancelled
18861,18-11-2015,15:46:35,106,Success
18862,18-11-2015,16:17:16,106,Cancelled
18863,18-11-2015,16:27:04,101,Success
18864,18-11-2015,16:34:04,106,Cancelled
18865,18-11-2015,16:38:03,105,Delivered
18866,18-11-2015,16:38:43,110,Cancelled
18867,18-11-2015,16:44:03,109,Cancelled
18868,18-11-2015,16:44:35,103,Success
18869,18-11-2015,16:58:33,101,Success
18870,18-11-2015,16:58:35,104,Success
18871,18-11-2015,17:31:37,105,Cancelled
18872,18-11-2015,17:45:43,106,Cancelled
18873,18-11-2015,18:10:30,105,Delivered
18874,18-11-2015,18:11:52,104,Delivered
18875,18-11-2015,18:35:51,106,Delivered
18876,18-11-2015,18:54:41,107,Delivered
18877,18-11-2015,19:07:01,104,Failed
18878,18-11-2015,20:05:00,106,Delivered
18879,18-11-2015,20:12:59,102,Success
18880,18-11-2015,20:36:18,105,Failed
18881,18-11-2015,21:11:58,106,Cancelled
18882,18-11-2015,21:17:01,107,Failed
18883,18-11-2015,21:41:11,107,Cancelled
18884,19-11-2015,11:40:07,101,Delivered
18885,19-11-2015,11:51:00,103,Delivered
18886,19-11-2015,11:51:41,109,Cancelled
18887,19-11-2015,11:53:39,106,Failed
18888,19-11-2015,12:03:59,105,Cancelled
18889,19-11-2015,12:10:23,104,Failed
18890,19-11-2015,12:41:37,110,Cancelled
18891,19-11-2015,12:47:37,108,Failed
18892,19-11-2015,12:48:43,107,Cancelled
18893,19-11-2015,13:06:57,109,Failed
18894,19-11-2015,13:09:26,105,Delivered
18895,19-11-2015,13:19:13,103,Cancelled
18896,19-11-2015,13:21:36,104,Delivered
18897,19-11-2015,13:22:01,104,Cancelled
18898,19-11-2015,13:31:24,109,Delivered
18899,19-11-2015,13:35:40,102,Cancelled
18900,19-11-2015,13:41:42,104,Cancelled
18901,19-11-2015,13:51:45,105,Success
18902,19-11-2015,13:54:53,109,Delivered
18903,19-11-2015,14:07:23,107,Failed
18904,19-11-2015,14:12:59,104,Delivered
18905,19-11-2015,14:19:20,105,Delivered
18906,19-11-2015,14:23:23,102,Failed
18907,19-11-2015,14:54:54,101,Cancelled
18908,19-11-2015,15:03:48,105,Delivered
18909,19-11-2015,15:30:37,110,Failed
18910,19-11-2015,15:31:08,109,Success
18911,19-11-2015,15:32:51,107,Success
18912,19-11-2015,15:47:10,107,Success
18913,19-11-2015,15:58:58,108,Failed
18914,19-11-2015,16:18:32,110,Success
18915,19-11-2015,16:28:43,104,Cancelled
18916,19-11-2015,16:47:25,102,Cancelled
18917,19-11-2015,16:49:14,102,Cancelled
18918,19-11-2015,16:54:48,107,Delivered
18919,19-11-2015,16:58:26,109,Cancelled
18920,19-11-2015,17:33:33,105,Delivered
18921,19-11-2015,17:39:34,101,Failed
18922,19-11-2015,17:39:58,104,Cancelled
18923,19-11-2015,17:55:28,105,Failed
18924,19-11-2015,17:57:18,103,Delivered
18925,19-11-2015,18:10:28,106,Failed
18926,19-11-2015,18:12:17,101,Delivered
18927,19-11-2015,18:14:29,109,Cancelled
18928,19-11-2015,18:21:53,107,Delivered
18929,19-11-2015,18:22:51,107,Delivered
18930,19-11-2015,18:26:00,106,Cancelled
18931,19-11-2015,18:30:07,105,Cancelled
18932,19-11-2015,18:31:31,104,Delivered
18933,19-11-2015,18:41:40,108,Cancelled
18934,19-11-2015,18:50:28,106,Cancelled
18935,19-11-2015,18:56:17,106,Success
18936,19-11-2015,19:07:33,109,Cancelled
18937,19-11-2015,19:13:57,108,Delivered
18938,19-11-2015,19:17:11,108,Delivered
18939,19-11-2015,19:31:03,109,Delivered
18940,19-11-2015,19:32:15,106,Delivered
18941,19-11-2015,20:13:18,104,Delivered
18942,19-11-2015,20:20:04,107,Success
18943,19-11-2015,20:44:52,107,Success
18944,19-11-2015,20:55:34,108,Failed
18945,19-11-2015,21:02:22,107,Failed
18946,19-11-2015,21:08:44,104,Failed
18947,19-11-2015,21:33:07,104,Delivered
18948,19-11-2015,21:55:01,109,Success
18949,19-11-2015,21:57:01,108,Failed
18950,19-11-2015,22:12:28,105,Success
18951,20-11-2015,11:23:34,104,Failed
18952,20-11-2015,11:35:03,103,Cancelled
18953,20-11-2015,11:41:52,103,Success
18954,20-11-2015,11:45:00,106,Failed
18955,20-11-2015,11:46:31,101,Delivered
18956,20-11-2015,12:21:50,103,Delivered
18957,20-11-2015,12:28:26,105,Failed
18958,20-11-2015,12:41:52,101,Failed
18959,20-11-2015,12:45:26,101,Cancelled
18960,20-11-2015,12:48:00,101,Failed
18961,20-11-2015,12:56:57,107,Cancelled
18962,20-11-2015,13:02:19,104,Cancelled
18963,20-11-2015,13:06:09,101,Success
18964,20-11-2015,13:10:14,108,Success
18965,20-11-2015,13:15:23,105,Cancelled
18966,20-11-2015,13:21:05,104,Cancelled
18967,20-11-2015,13:33:31,107,Delivered
18968,20-11-2015,13:35:06,108,Delivered
18969,20-11-2015,13:36:55,103,Failed
18970,20-11-2015,13:43:44,110,Cancelled
18971,20-11-2015,13:48:34,102,Failed
18972,20-11-2015,14:01:27,104,Delivered
18973,20-11-2015,14:02:11,108,Delivered
18974,20-11-2015,14:09:53,110,Delivered
18975,20-11-2015,14:28:38,105,Delivered
18976,20-11-2015,14:29:41,105,Delivered
18977,20-11-2015,14:44:21,103,Delivered
18978,20-11-2015,15:16:19,105,Failed
18979,20-11-2015,16:03:03,107,Success
18980,20-11-2015,16:14:31,107,Success
18981,20-11-2015,16:23:59,102,Success
18982,20-11-2015,16:30:06,101,Success
18983,20-11-2015,16:36:56,106,Delivered
18984,20-11-2015,16:47:32,108,Cancelled
18985,20-11-2015,17:07:20,101,Delivered
18986,20-11-2015,17:10:42,110,Delivered
18987,20-11-2015,17:27:33,110,Cancelled
18988,20-11-2015,17:28:30,103,Success
18989,20-11-2015,17:52:54,108,Success
18990,20-11-2015,17:54:07,108,Success
18991,20-11-2015,18:04:08,108,Failed
18992,20-11-2015,18:09:24,101,Cancelled
18993,20-11-2015,18:13:19,108,Delivered
18994,20-11-2015,18:20:45,104,Cancelled
18995,20-11-2015,18:21:24,106,Cancelled
18996,20-11-2015,18:46:12,104,Delivered
18997,20-11-2015,18:48:57,102,Cancelled
18998,20-11-2015,19:27:33,102,Delivered
18999,20-11-2015,19:28:59,109,Success
19000,20-11-2015,19:30:06,101,Delivered
19001,20-11-2015,19:31:55,108,Success
19002,20-11-2015,19:33:03,105,Delivered
19003,20-11-2015,19:33:49,106,Failed
19004,20-11-2015,19:50:42,101,Cancelled
19005,20-11-2015,20:04:53,104,Success
19006,20-11-2015,20:12:40,107,Delivered
19007,20-11-2015,20:14:39,106,Delivered
19008,20-11-2015,20:27:37,103,Delivered
19009,20-11-2015,20:34:07,103,Failed
19010,20-11-2015,20:39:15,102,Success
19011,20-11-2015,20:51:20,106,Delivered
19012,20-11-2015,21:31:09,109,Success
19013,20-11-2015,21:36:00,103,Cancelled
19014,20-11-2015,22:04:35,104,Cancelled
19015,20-11-2015,22:45:21,104,Failed
19016,21-11-2015,11:40:53,109,Cancelled
19017,21-11-2015,11:47:07,103,Failed
19018,21-11-2015,12:27:29,106,Delivered
19019,21-11-2015,12:42:43,101,Failed
19020,21-11-2015,13:10:23,101,Failed
19021,21-11-2015,13:15:23,108,Cancelled
19022,21-11-2015,13:16:38,109,Cancelled
19023,21-11-2015,13:28:20,105,Delivered
19024,21-11-2015,13:47:03,105,Success
19025,21-11-2015,13:54:25,104,Failed
19026,21-11-2015,13:55:43,102,Failed
19027,21-11-2015,14:40:50,110,Delivered
19028,21-11-2015,14:58:43,108,Success
19029,21-11-2015,15:10:41,109,Success
19030,21-11-2015,15:29:29,109,Cancelled
19031,21-11-2015,15:35:42,109,Success
19032,21-11-2015,15:42:50,101,Delivered
19033,21-11-2015,15:46:25,104,Delivered
19034,21-11-2015,16:07:18,106,Delivered
19035,21-11-2015,16:10:28,101,Failed
19036,21-11-2015,16:13:29,106,Failed
19037,21-11-2015,16:17:12,110,Failed
19038,21-11-2015,17:02:16,109,Failed
19039,21-11-2015,17:08:40,103,Failed
19040,21-11-2015,17:14:53,108,Failed
19041,21-11-2015,17:22:56,101,Success
19042,21-11-2015,17:23:37,105,Success
19043,21-11-2015,17:29:44,105,Cancelled
19044,21-11-2015,17:48:37,102,Cancelled
19045,21-11-2015,18:13:13,110,Cancelled
19046,21-11-2015,18:19:19,104,Success
19047,21-11-2015,18:20:40,101,Success
19048,21-11-2015,18:23:53,101,Cancelled
19049,21-11-2015,18:24:43,110,Delivered
19050,21-11-2015,18:29:30,106,Success
19051,21-11-2015,18:32:11,109,Success
19052,21-11-2015,18:32:35,101,Failed
19053,21-11-2015,18:44:44,108,Cancelled
19054,21-11-2015,18:54:46,103,Cancelled
19055,21-11-2015,19:10:58,110,Delivered
19056,21-11-2015,19:19:55,108,Delivered
19057,21-11-2015,19:22:03,109,Success
19058,21-11-2015,19:37:13,108,Cancelled
19059,21-11-2015,19:40:39,103,Cancelled
19060,21-11-2015,19:43:48,101,Delivered
19061,21-11-2015,19:50:22,103,Delivered
19062,21-11-2015,19:54:10,106,Cancelled
19063,21-11-2015,20:00:27,102,Failed
19064,21-11-2015,20:03:45,108,Success
19065,21-11-2015,20:10:50,103,Cancelled
19066,21-11-2015,20:35:49,102,Success
19067,21-11-2015,20:45:10,108,Cancelled
19068,21-11-2015,20:52:31,102,Success
19069,21-11-2015,21:07:17,104,Delivered
19070,21-11-2015,21:48:05,107,Delivered
19071,21-11-2015,21:51:07,104,Cancelled
19072,21-11-2015,22:13:39,103,Failed
19073,21-11-2015,22:21:50,106,Cancelled
19074,21-11-2015,22:46:18,101,Delivered
19075,21-11-2015,22:52:49,108,Failed
19076,21-11-2015,22:55:55,108,Success
19077,22-11-2015,12:21:06,110,Failed
19078,22-11-2015,13:04:31,101,Success
19079,22-11-2015,13:10:20,103,Success
19080,22-11-2015,13:11:23,102,Failed
19081,22-11-2015,13:48:14,103,Cancelled
19082,22-11-2015,13:48:27,106,Success
19083,22-11-2015,13:51:23,104,Cancelled
19084,22-11-2015,13:51:40,104,Failed
19085,22-11-2015,13:53:40,103,Success
19086,22-11-2015,14:02:24,109,Success
19087,22-11-2015,14:08:32,101,Cancelled
19088,22-11-2015,14:37:29,103,Success
19089,22-11-2015,14:42:43,110,Success
19090,22-11-2015,15:20:47,108,Success
19091,22-11-2015,15:29:49,106,Cancelled
19092,22-11-2015,15:37:37,109,Cancelled
19093,22-11-2015,15:46:14,110,Success
19094,22-11-2015,16:04:16,110,Success
19095,22-11-2015,16:06:10,106,Success
19096,22-11-2015,16:10:47,110,Delivered
19097,22-11-2015,16:19:38,108,Success
19098,22-11-2015,16:28:01,101,Delivered
19099,22-11-2015,16:41:50,108,Delivered
19100,22-11-2015,16:59:37,104,Cancelled
19101,22-11-2015,17:28:10,104,Delivered
19102,22-11-2015,17:32:26,107,Delivered
19103,22-11-2015,17:34:05,102,Success
19104,22-11-2015,17:37:15,106,Failed
19105,22-11-2015,17:46:38,101,Cancelled
19106,22-11-2015,17:51:53,108,Delivered
19107,22-11-2015,18:18:23,104,Failed
19108,22-11-2015,18:18:59,109,Failed
19109,22-11-2015,18:19:37,106,Delivered
19110,22-11-2015,18:36:22,108,Delivered
19111,22-11-2015,18:44:16,103,Success
19112,22-11-2015,18:47:55,109,Cancelled
19113,22-11-2015,19:10:28,102,Success
19114,22-11-2015,19:19:43,102,Failed
19115,22-11-2015,20:18:14,108,Success
19116,22-11-2015,21:29:54,107,Delivered
19117,22-11-2015,21:46:23,104,Failed
19118,22-11-2015,21:51:13,109,Success
19119,22-11-2015,22:54:41,105,Cancelled
19120,23-11-2015,11:16:30,101,Delivered
19121,23-11-2015,11:22:43,106,Delivered
19122,23-11-2015,11:27:34,103,Delivered
19123,23-11-2015,11:34:26,109,Cancelled
19124,23-11-2015,11:51:07,104,Delivered
19125,23-11-2015,11:57:15,102,Success
19126,23-11-2015,11:58:49,105,Success
19127,23-11-2015,12:11:36,105,Delivered
19128,23-11-2015,12:12:41,108,Success
19129,23-11-2015,12:16:57,102,Delivered
19130,23-11-2015,12:22:59,106,Success
19131,23-11-2015,12:28:41,103,Delivered
19132,23-11-2015,12:41:00,110,Delivered
19133,23-11-2015,12:44:25,107,Success
19134,23-11-2015,12:48:10,102,Delivered
19135,23-11-2015,13:10:42,106,Success
19136,23-11-2015,13:22:50,110,Delivered
19137,23-11-2015,13:30:41,108,Cancelled
19138,23-11-2015,13:48:56,102,Failed
19139,23-11-2015,13:53:46,105,Delivered
19140,23-11-2015,14:09:01,107,Delivered
19141,23-11-2015,14:12:15,105,Success
19142,23-11-2015,14:26:29,102,Success
19143,23-11-2015,14:26:43,107,Success
19144,23-11-2015,15:03:02,109,Success
19145,23-11-2015,15:10:56,101,Cancelled
19146,23-11-2015,15:12:32,109,Success
19147,23-11-2015,15:18:51,103,Delivered
19148,23-11-2015,15:25:19,110,Delivered
19149,23-11-2015,15:35:05,102,Delivered
19150,23-11-2015,16:07:00,105,Delivered
19151,23-11-2015,16:20:09,108,Success
19152,23-11-2015,16:41:54,104,Cancelled
19153,23-11-2015,17:09:58,107,Failed
19154,23-11-2015,18:06:34,108,Cancelled
19155,23-11-2015,18:10:41,101,Failed
19156,23-11-2015,18:28:49,106,Success
19157,23-11-2015,18:46:38,106,Failed
19158,23-11-2015,18:49:58,105,Cancelled
19159,23-11-2015,18:50:48,105,Cancelled
19160,23-11-2015,18:51:25,103,Delivered
19161,23-11-2015,19:09:33,105,Delivered
19162,23-11-2015,19:15:53,104,Cancelled
19163,23-11-2015,19:41:09,105,Success
19164,23-11-2015,20:12:14,108,Delivered
19165,23-11-2015,20:13:03,104,Delivered
19166,23-11-2015,20:22:35,109,Failed
19167,23-11-2015,20:23:34,101,Success
19168,23-11-2015,20:27:37,109,Cancelled
19169,23-11-2015,20:30:48,108,Cancelled
19170,23-11-2015,20:43:33,101,Delivered
19171,23-11-2015,20:48:19,104,Delivered
19172,23-11-2015,20:49:54,106,Delivered
19173,23-11-2015,21:15:16,101,Success
19174,23-11-2015,21:22:02,102,Failed
19175,23-11-2015,21:24:00,102,Cancelled
19176,24-11-2015,09:52:21,103,Success
19177,24-11-2015,11:16:02,107,Delivered
19178,24-11-2015,11:44:45,106,Failed
19179,24-11-2015,11:49:44,108,Failed
19180,24-11-2015,11:54:16,106,Failed
19181,24-11-2015,12:03:05,102,Success
19182,24-11-2015,12:12:53,108,Failed
19183,24-11-2015,12:15:21,108,Delivered
19184,24-11-2015,12:27:46,109,Delivered
19185,24-11-2015,12:29:31,104,Cancelled
19186,24-11-2015,12:34:25,110,Cancelled
19187,24-11-2015,12:34:40,101,Cancelled
19188,24-11-2015,12:47:44,107,Cancelled
19189,24-11-2015,13:05:19,101,Failed
19190,24-11-2015,13:07:56,107,Cancelled
19191,24-11-2015,13:17:39,101,Success
19192,24-11-2015,13:19:12,102,Cancelled
19193,24-11-2015,13:26:41,105,Success
19194,24-11-2015,13:41:35,103,Success
19195,24-11-2015,13:42:56,102,Failed
19196,24-11-2015,13:53:51,109,Cancelled
19197,24-11-2015,14:38:23,104,Cancelled
19198,24-11-2015,15:00:37,101,Delivered
19199,24-11-2015,15:23:07,110,Cancelled
19200,24-11-2015,15:29:14,109,Cancelled
19201,24-11-2015,15:29:46,107,Failed
19202,24-11-2015,15:38:53,105,Cancelled
19203,24-11-2015,16:18:59,101,Success
19204,24-11-2015,16:28:45,108,Success
19205,24-11-2015,16:39:26,101,Success
19206,24-11-2015,16:40:01,103,Failed
19207,24-11-2015,16:41:45,104,Success
19208,24-11-2015,16:47:49,109,Delivered
19209,24-11-2015,16:48:40,107,Failed
19210,24-11-2015,16:57:48,102,Success
19211,24-11-2015,16:58:33,110,Success
19212,24-11-2015,17:09:22,103,Failed
19213,24-11-2015,17:34:39,110,Success
19214,24-11-2015,17:34:55,106,Failed
19215,24-11-2015,18:12:35,104,Success
19216,24-11-2015,18:15:01,103,Failed
19217,24-11-2015,18:39:38,102,Success
19218,24-11-2015,18:44:30,103,Delivered
19219,24-11-2015,19:09:25,110,Cancelled
19220,24-11-2015,19:20:46,103,Cancelled
19221,24-11-2015,19:36:50,102,Success
19222,24-11-2015,19:40:57,109,Success
19223,24-11-2015,20:14:23,102,Failed
19224,24-11-2015,20:17:04,106,Success
19225,24-11-2015,21:23:59,102,Cancelled
19226,24-11-2015,21:24:14,104,Delivered
19227,24-11-2015,21:42:51,103,Cancelled
19228,25-11-2015,11:21:16,104,Success
19229,25-11-2015,11:31:08,104,Cancelled
19230,25-11-2015,11:37:01,108,Success
19231,25-11-2015,11:52:02,108,Success
19232,25-11-2015,11:52:18,109,Failed
19233,25-11-2015,11:52:33,101,Failed
19234,25-11-2015,12:01:17,103,Cancelled
19235,25-11-2015,12:14:49,105,Success
19236,25-11-2015,12:19:40,101,Delivered
19237,25-11-2015,12:21:40,108,Success
19238,25-11-2015,12:24:38,109,Failed
19239,25-11-2015,12:28:57,109,Delivered
19240,25-11-2015,12:31:20,108,Success
19241,25-11-2015,12:38:26,101,Delivered
19242,25-11-2015,13:07:21,101,Delivered
19243,25-11-2015,13:24:18,104,Cancelled
19244,25-11-2015,13:25:53,109,Delivered
19245,25-11-2015,13:30:21,109,Delivered
19246,25-11-2015,13:53:32,106,Success
19247,25-11-2015,13:54:09,102,Delivered
19248,25-11-2015,13:57:58,110,Failed
19249,25-11-2015,14:15:02,103,Success
19250,25-11-2015,14:19:08,110,Delivered
19251,25-11-2015,14:19:59,106,Success
19252,25-11-2015,14:27:34,109,Delivered
19253,25-11-2015,14:37:55,104,Success
19254,25-11-2015,14:44:07,104,Failed
19255,25-11-2015,14:49:00,110,Success
19256,25-11-2015,14:54:32,101,Delivered
19257,25-11-2015,15:03:27,101,Failed
19258,25-11-2015,15:48:15,102,Delivered
19259,25-11-2015,15:56:38,109,Failed
19260,25-11-2015,15:57:45,104,Failed
19261,25-11-2015,15:59:44,109,Success
19262,25-11-2015,16:45:22,108,Failed
19263,25-11-2015,17:02:15,109,Success
19264,25-11-2015,17:12:41,105,Failed
19265,25-11-2015,17:19:12,105,Cancelled
19266,25-11-2015,17:20:07,104,Cancelled
19267,25-11-2015,17:38:32,104,Failed
19268,25-11-2015,17:52:58,110,Success
19269,25-11-2015,17:55:26,102,Failed
19270,25-11-2015,18:18:06,101,Failed
19271,25-11-2015,18:22:35,102,Failed
19272,25-11-2015,18:43:21,106,Cancelled
19273,25-11-2015,18:43:24,104,Failed
19274,25-11-2015,18:45:14,109,Success
19275,25-11-2015,19:10:52,103,Success
19276,25-11-2015,19:27:34,107,Delivered
19277,25-11-2015,19:30:09,110,Cancelled
19278,25-11-2015,19:34:36,105,Delivered
19279,25-11-2015,19:36:58,108,Cancelled
19280,25-11-2015,19:47:14,110,Delivered
19281,25-11-2015,19:51:51,108,Failed
19282,25-11-2015,19:58:57,109,Cancelled
19283,25-11-2015,19:59:42,103,Failed
19284,25-11-2015,20:09:37,104,Success
19285,25-11-2015,20:14:15,109,Cancelled
19286,25-11-2015,20:44:48,106,Cancelled
19287,25-11-2015,21:17:14,105,Success
19288,25-11-2015,22:25:36,103,Success
19289,26-11-2015,11:22:11,105,Cancelled
19290,26-11-2015,11:32:47,105,Failed
19291,26-11-2015,11:37:36,106,Cancelled
19292,26-11-2015,11:39:09,104,Failed
19293,26-11-2015,11:42:48,109,Delivered
19294,26-11-2015,11:47:45,102,Cancelled
19295,26-11-2015,11:53:53,103,Success
19296,26-11-2015,12:00:29,101,Cancelled
19297,26-11-2015,12:03:28,105,Cancelled
19298,26-11-2015,12:03:31,101,Success
19299,26-11-2015,12:04:33,101,Failed
19300,26-11-2015,12:05:32,108,Failed
19301,26-11-2015,12:09:08,101,Cancelled
19302,26-11-2015,12:11:45,101,Cancelled
19303,26-11-2015,12:14:30,101,Failed
19304,26-11-2015,12:14:39,105,Delivered
19305,26-11-2015,12:22:12,107,Cancelled
19306,26-11-2015,12:25:41,108,Failed
19307,26-11-2015,12:28:31,102,Failed
19308,26-11-2015,12:30:50,106,Failed
19309,26-11-2015,12:31:19,102,Success
19310,26-11-2015,12:37:45,106,Failed
19311,26-11-2015,12:40:36,104,Failed
19312,26-11-2015,13:01:27,110,Success
19313,26-11-2015,13:05:20,105,Failed
19314,26-11-2015,13:12:37,107,Delivered
19315,26-11-2015,13:14:26,101,Success
19316,26-11-2015,13:20:28,104,Cancelled
19317,26-11-2015,13:23:08,110,Success
19318,26-11-2015,13:31:43,108,Failed
19319,26-11-2015,13:35:19,103,Delivered
19320,26-11-2015,13:40:32,109,Failed
19321,26-11-2015,13:58:49,108,Delivered
19322,26-11-2015,13:59:04,105,Cancelled
19323,26-11-2015,14:37:38,105,Delivered
19324,26-11-2015,14:45:11,105,Delivered
19325,26-11-2015,14:45:59,101,Failed
19326,26-11-2015,14:55:20,105,Cancelled
19327,26-11-2015,14:58:08,102,Failed
19328,26-11-2015,15:04:04,104,Cancelled
19329,26-11-2015,15:19:21,102,Cancelled
19330,26-11-2015,15:25:12,105,Cancelled
19331,26-11-2015,15:39:39,103,Delivered
19332,26-11-2015,15:52:06,104,Failed
19333,26-11-2015,15:53:06,104,Cancelled
19334,26-11-2015,16:03:51,103,Cancelled
19335,26-11-2015,16:04:48,110,Cancelled
19336,26-11-2015,16:14:55,110,Failed
19337,26-11-2015,16:17:12,102,Delivered
19338,26-11-2015,16:25:27,103,Failed
19339,26-11-2015,16:25:52,108,Failed
19340,26-11-2015,16:37:49,102,Delivered
19341,26-11-2015,16:37:53,107,Delivered
19342,26-11-2015,16:53:12,108,Success
19343,26-11-2015,16:58:49,107,Success
19344,26-11-2015,17:08:14,103,Failed
19345,26-11-2015,17:18:40,110,Success
19346,26-11-2015,17:21:24,102,Delivered
19347,26-11-2015,17:23:36,109,Delivered
19348,26-11-2015,17:33:44,107,Failed
19349,26-11-2015,17:39:42,101,Failed
19350,26-11-2015,17:40:48,110,Failed
19351,26-11-2015,17:46:46,110,Delivered
19352,26-11-2015,17:48:36,110,Failed
19353,26-11-2015,17:55:00,106,Success
19354,26-11-2015,18:08:12,108,Failed
19355,26-11-2015,18:18:35,108,Success
19356,26-11-2015,18:20:35,104,Success
19357,26-11-2015,18:23:08,105,Cancelled
19358,26-11-2015,18:26:17,110,Delivered
19359,26-11-2015,18:34:24,107,Failed
19360,26-11-2015,18:41:05,109,Cancelled
19361,26-11-2015,18:42:18,109,Failed
19362,26-11-2015,18:43:47,102,Failed
19363,26-11-2015,18:45:18,106,Cancelled
19364,26-11-2015,18:47:57,101,Delivered
19365,26-11-2015,18:48:02,107,Delivered
19366,26-11-2015,18:48:14,102,Cancelled
19367,26-11-2015,18:58:02,105,Success
19368,26-11-2015,19:00:36,107,Failed
19369,26-11-2015,19:01:28,109,Failed
19370,26-11-2015,19:02:44,109,Success
19371,26-11-2015,19:05:11,103,Cancelled
19372,26-11-2015,19:09:37,106,Failed
19373,26-11-2015,19:14:21,105,Cancelled
19374,26-11-2015,19:15:41,108,Delivered
19375,26-11-2015,19:15:54,101,Delivered
19376,26-11-2015,19:22:07,102,Success
19377,26-11-2015,19:22:48,110,Cancelled
19378,26-11-2015,19:32:42,104,Success
19379,26-11-2015,19:37:41,104,Success
19380,26-11-2015,19:40:32,110,Delivered
19381,26-11-2015,19:42:35,110,Delivered
19382,26-11-2015,19:43:34,104,Delivered
19383,26-11-2015,19:44:32,103,Cancelled
19384,26-11-2015,19:47:01,105,Delivered
19385,26-11-2015,19:51:18,103,Success
19386,26-11-2015,19:59:12,109,Success
19387,26-11-2015,20:02:27,102,Failed
19388,26-11-2015,20:05:12,106,Failed
19389,26-11-2015,20:14:43,105,Cancelled
19390,26-11-2015,20:50:19,101,Failed
19391,26-11-2015,20:51:26,106,Cancelled
19392,26-11-2015,20:58:59,102,Delivered
19393,26-11-2015,21:05:32,105,Failed
19394,26-11-2015,21:07:49,109,Success
19395,26-11-2015,21:18:42,104,Failed
19396,26-11-2015,21:32:07,108,Failed
19397,26-11-2015,21:42:04,106,Cancelled
19398,26-11-2015,21:56:55,108,Success
19399,26-11-2015,22:05:34,105,Success
19400,26-11-2015,22:18:55,104,Delivered
19401,26-11-2015,22:31:38,103,Success
19402,27-11-2015,11:21:54,104,Success
19403,27-11-2015,11:29:51,103,Success
19404,27-11-2015,11:32:40,109,Failed
19405,27-11-2015,11:36:39,102,Delivered
19406,27-11-2015,11:46:40,106,Cancelled
19407,27-11-2015,11:47:35,109,Delivered
19408,27-11-2015,11:54:49,102,Success
19409,27-11-2015,12:02:51,108,Success
19410,27-11-2015,12:09:16,104,Delivered
19411,27-11-2015,12:13:36,110,Delivered
19412,27-11-2015,12:15:07,103,Success
19413,27-11-2015,12:22:17,108,Cancelled
19414,27-11-2015,12:24:55,105,Delivered
19415,27-11-2015,12:25:45,101,Delivered
19416,27-11-2015,12:26:53,105,Failed
19417,27-11-2015,12:30:45,108,Failed
19418,27-11-2015,12:41:58,106,Success
19419,27-11-2015,12:47:19,107,Success
19420,27-11-2015,12:48:13,108,Failed
19421,27-11-2015,13:07:19,103,Cancelled
19422,27-11-2015,13:09:11,109,Success
19423,27-11-2015,13:09:42,108,Failed
19424,27-11-2015,13:13:12,104,Delivered
19425,27-11-2015,13:31:51,101,Failed
19426,27-11-2015,13:34:38,105,Success
19427,27-11-2015,13:39:44,105,Success
19428,27-11-2015,13:57:38,107,Cancelled
19429,27-11-2015,14:04:02,103,Delivered
19430,27-11-2015,14:09:12,106,Delivered
19431,27-11-2015,14:23:59,104,Success
19432,27-11-2015,14:48:17,107,Success
19433,27-11-2015,14:52:48,108,Cancelled
19434,27-11-2015,14:52:54,108,Success
19435,27-11-2015,14:53:24,101,Cancelled
19436,27-11-2015,15:22:49,104,Delivered
19437,27-11-2015,15:34:55,110,Cancelled
19438,27-11-2015,15:46:06,109,Failed
19439,27-11-2015,15:58:05,107,Cancelled
19440,27-11-2015,15:58:19,107,Success
19441,27-11-2015,16:00:42,107,Success
19442,27-11-2015,16:05:00,104,Success
19443,27-11-2015,16:05:07,109,Success
19444,27-11-2015,16:16:29,107,Cancelled
19445,27-11-2015,16:17:15,105,Cancelled
19446,27-11-2015,16:19:57,101,Delivered
19447,27-11-2015,16:27:57,108,Success
19448,27-11-2015,16:33:46,110,Success
19449,27-11-2015,16:40:22,108,Success
19450,27-11-2015,16:49:34,110,Cancelled
19451,27-11-2015,16:54:20,104,Cancelled
19452,27-11-2015,16:59:07,101,Cancelled
19453,27-11-2015,17:00:41,102,Failed
19454,27-11-2015,17:41:32,105,Success
19455,27-11-2015,17:46:30,105,Failed
19456,27-11-2015,17:49:45,105,Failed
19457,27-11-2015,17:56:34,107,Delivered
19458,27-11-2015,17:58:06,103,Failed
19459,27-11-2015,18:02:18,104,Success
19460,27-11-2015,18:13:40,107,Success
19461,27-11-2015,18:22:18,105,Cancelled
19462,27-11-2015,18:26:59,110,Failed
19463,27-11-2015,18:39:42,108,Delivered
19464,27-11-2015,18:40:51,110,Delivered
19465,27-11-2015,18:41:24,103,Failed
19466,27-11-2015,18:49:02,108,Success
19467,27-11-2015,18:52:00,108,Delivered
19468,27-11-2015,18:53:06,107,Success
19469,27-11-2015,18:57:01,108,Failed
19470,27-11-2015,18:57:57,101,Delivered
19471,27-11-2015,18:59:24,105,Cancelled
19472,27-11-2015,19:02:44,103,Success
19473,27-11-2015,19:05:54,103,Failed
19474,27-11-2015,19:08:27,110,Delivered
19475,27-11-2015,19:11:06,102,Success
19476,27-11-2015,19:13:38,109,Cancelled
19477,27-11-2015,19:32:49,109,Cancelled
19478,27-11-2015,19:33:53,104,Cancelled
19479,27-11-2015,19:38:41,103,Delivered
19480,27-11-2015,19:40:00,108,Cancelled
19481,27-11-2015,19:40:36,106,Success
19482,27-11-2015,19:48:45,103,Failed
19483,27-11-2015,19:54:00,106,Failed
19484,27-11-2015,19:59:14,108,Success
19485,27-11-2015,20:06:13,101,Cancelled
19486,27-11-2015,20:13:06,105,Success
19487,27-11-2015,20:19:08,106,Failed
19488,27-11-2015,20:26:55,101,Success
19489,27-11-2015,20:27:32,102,Success
19490,27-11-2015,20:29:03,103,Cancelled
19491,27-11-2015,20:31:05,109,Failed
19492,27-11-2015,20:33:16,104,Cancelled
19493,27-11-2015,20:35:45,104,Success
19494,27-11-2015,20:40:41,105,Success
19495,27-11-2015,20:48:44,110,Success
19496,27-11-2015,20:52:37,101,Delivered
19497,27-11-2015,20:54:24,106,Cancelled
19498,27-11-2015,20:59:24,101,Cancelled
19499,27-11-2015,21:00:01,108,Failed
19500,27-11-2015,21:00:13,103,Success
19501,27-11-2015,21:08:46,102,Cancelled
19502,27-11-2015,21:11:27,105,Success
19503,27-11-2015,21:16:09,104,Failed
19504,27-11-2015,21:25:24,109,Failed
19505,27-11-2015,21:28:18,103,Cancelled
19506,27-11-2015,21:29:24,104,Delivered
19507,27-11-2015,21:36:24,106,Delivered
19508,27-11-2015,21:58:21,105,Failed
19509,27-11-2015,21:59:24,105,Delivered
19510,27-11-2015,22:01:38,106,Failed
19511,27-11-2015,22:06:44,105,Success
19512,27-11-2015,22:11:35,105,Failed
19513,27-11-2015,22:20:25,110,Success
19514,27-11-2015,22:31:32,109,Delivered
19515,27-11-2015,22:33:17,107,Success
19516,27-11-2015,22:36:01,108,Delivered
19517,28-11-2015,12:14:39,103,Success
19518,28-11-2015,12:25:58,110,Cancelled
19519,28-11-2015,12:35:13,101,Delivered
19520,28-11-2015,12:37:42,103,Success
19521,28-11-2015,12:58:29,104,Failed
19522,28-11-2015,13:07:11,105,Cancelled
19523,28-11-2015,13:10:49,106,Success
19524,28-11-2015,13:46:18,101,Success
19525,28-11-2015,14:02:06,109,Success
19526,28-11-2015,14:46:53,110,Success
19527,28-11-2015,15:04:56,109,Failed
19528,28-11-2015,15:07:58,106,Success
19529,28-11-2015,15:08:00,109,Failed
19530,28-11-2015,15:12:38,104,Failed
19531,28-11-2015,15:26:00,107,Delivered
19532,28-11-2015,15:32:29,106,Cancelled
19533,28-11-2015,15:58:44,108,Failed
19534,28-11-2015,16:06:28,106,Success
19535,28-11-2015,16:18:53,104,Cancelled
19536,28-11-2015,16:24:02,108,Delivered
19537,28-11-2015,16:41:56,103,Delivered
19538,28-11-2015,16:50:06,107,Failed
19539,28-11-2015,16:54:16,103,Failed
19540,28-11-2015,16:59:43,107,Cancelled
19541,28-11-2015,17:03:20,101,Success
19542,28-11-2015,17:10:08,108,Cancelled
19543,28-11-2015,17:15:59,104,Failed
19544,28-11-2015,17:21:24,107,Delivered
19545,28-11-2015,17:39:55,107,Cancelled
19546,28-11-2015,17:41:45,102,Failed
19547,28-11-2015,17:44:02,107,Cancelled
19548,28-11-2015,17:58:57,103,Delivered
19549,28-11-2015,18:12:08,108,Cancelled
19550,28-11-2015,18:16:17,104,Failed
19551,28-11-2015,18:28:21,103,Cancelled
19552,28-11-2015,18:32:36,109,Failed
19553,28-11-2015,18:49:13,101,Failed
19554,28-11-2015,19:00:55,103,Failed
19555,28-11-2015,19:21:54,105,Delivered
19556,28-11-2015,19:37:16,107,Success
19557,28-11-2015,19:52:34,107,Delivered
19558,28-11-2015,19:57:47,104,Delivered
19559,28-11-2015,20:17:47,109,Cancelled
19560,28-11-2015,20:43:18,108,Success
19561,28-11-2015,20:46:35,101,Success
19562,28-11-2015,21:00:11,102,Failed
19563,28-11-2015,21:13:27,105,Success
19564,28-11-2015,21:29:19,109,Cancelled
19565,29-11-2015,11:34:40,101,Delivered
19566,29-11-2015,11:37:01,105,Success
19567,29-11-2015,11:50:33,108,Failed
19568,29-11-2015,11:57:46,106,Delivered
19569,29-11-2015,11:58:10,102,Delivered
19570,29-11-2015,12:13:27,109,Cancelled
19571,29-11-2015,12:26:42,105,Success
19572,29-11-2015,13:08:00,105,Delivered
19573,29-11-2015,13:27:40,110,Failed
19574,29-11-2015,13:31:12,108,Cancelled
19575,29-11-2015,13:38:22,102,Delivered
19576,29-11-2015,13:54:44,104,Failed
19577,29-11-2015,13:55:12,104,Failed
19578,29-11-2015,13:57:19,101,Cancelled
19579,29-11-2015,14:10:38,109,Success
19580,29-11-2015,14:28:37,106,Success
19581,29-11-2015,15:55:34,105,Delivered
19582,29-11-2015,16:15:11,110,Delivered
19583,29-11-2015,16:30:28,102,Failed
19584,29-11-2015,16:36:16,110,Delivered
19585,29-11-2015,16:38:50,108,Delivered
19586,29-11-2015,16:42:29,108,Delivered
19587,29-11-2015,16:52:33,107,Failed
19588,29-11-2015,17:08:29,104,Failed
19589,29-11-2015,17:21:05,109,Delivered
19590,29-11-2015,17:55:56,109,Cancelled
19591,29-11-2015,18:12:14,110,Failed
19592,29-11-2015,18:35:17,110,Failed
19593,29-11-2015,18:42:18,106,Cancelled
19594,29-11-2015,18:53:01,110,Success
19595,29-11-2015,19:03:40,102,Failed
19596,29-11-2015,19:10:32,101,Failed
19597,29-11-2015,19:14:03,108,Cancelled
19598,29-11-2015,19:23:32,101,Success
19599,29-11-2015,19:26:50,103,Success
19600,29-11-2015,19:28:14,105,Delivered
19601,29-11-2015,19:41:57,109,Delivered
19602,29-11-2015,19:48:53,102,Success
19603,29-11-2015,19:51:10,108,Delivered
19604,29-11-2015,20:02:43,103,Failed
19605,29-11-2015,20:23:36,110,Delivered
19606,29-11-2015,20:30:02,101,Cancelled
19607,29-11-2015,20:32:06,107,Success
19608,29-11-2015,20:47:38,104,Failed
19609,29-11-2015,20:58:16,101,Failed
19610,29-11-2015,21:03:36,109,Delivered
19611,30-11-2015,11:24:19,108,Cancelled
19612,30-11-2015,11:27:56,108,Failed
19613,30-11-2015,11:32:26,108,Cancelled
19614,30-11-2015,11:37:42,109,Success
19615,30-11-2015,11:56:16,103,Cancelled
19616,30-11-2015,11:59:10,102,Cancelled
19617,30-11-2015,12:07:01,106,Cancelled
19618,30-11-2015,12:08:37,105,Cancelled
19619,30-11-2015,12:14:36,110,Failed
19620,30-11-2015,12:20:14,106,Cancelled
19621,30-11-2015,12:20:49,107,Delivered
19622,30-11-2015,12:26:22,109,Success
19623,30-11-2015,12:32:41,107,Delivered
19624,30-11-2015,12:38:39,106,Failed
19625,30-11-2015,12:40:42,106,Failed
19626,30-11-2015,12:53:58,106,Failed
19627,30-11-2015,13:00:12,104,Failed
19628,30-11-2015,13:01:26,108,Success
19629,30-11-2015,13:04:56,110,Success
19630,30-11-2015,13:07:22,106,Failed
19631,30-11-2015,13:41:44,110,Success
19632,30-11-2015,14:22:55,106,Failed
19633,30-11-2015,15:26:55,104,Failed
19634,30-11-2015,15:35:33,108,Cancelled
19635,30-11-2015,15:35:36,105,Delivered
19636,30-11-2015,15:49:15,104,Delivered
19637,30-11-2015,16:07:54,103,Success
19638,30-11-2015,16:17:03,110,Failed
19639,30-11-2015,16:46:07,101,Cancelled
19640,30-11-2015,16:53:36,103,Failed
19641,30-11-2015,16:57:01,110,Failed
19642,30-11-2015,16:57:57,107,Delivered
19643,30-11-2015,17:04:29,103,Failed
19644,30-11-2015,17:06:29,101,Success
19645,30-11-2015,17:07:35,102,Cancelled
19646,30-11-2015,17:44:06,101,Failed
19647,30-11-2015,17:47:30,107,Failed
19648,30-11-2015,17:51:18,105,Failed
19649,30-11-2015,17:53:56,103,Cancelled
19650,30-11-2015,17:59:54,105,Delivered
19651,30-11-2015,18:02:02,107,Failed
19652,30-11-2015,18:11:42,104,Failed
19653,30-11-2015,18:22:59,109,Delivered
19654,30-11-2015,18:24:10,110,Success
19655,30-11-2015,18:31:06,110,Delivered
19656,30-11-2015,18:43:14,102,Delivered
19657,30-11-2015,18:49:33,108,Failed
19658,30-11-2015,18:51:02,104,Success
19659,30-11-2015,19:11:28,104,Failed
19660,30-11-2015,19:17:51,107,Delivered
19661,30-11-2015,19:43:21,105,Delivered
19662,30-11-2015,19:45:14,101,Delivered
19663,30-11-2015,20:07:08,103,Failed
19664,30-11-2015,20:13:35,106,Failed
19665,30-11-2015,20:19:35,108,Delivered
19666,30-11-2015,21:30:20,107,Failed
19667,30-11-2015,21:32:20,106,Success
19668,30-11-2015,21:46:27,103,Cancelled
19669,30-11-2015,22:26:23,102,Success
19670,30-11-2015,22:39:18,104,Failed
19671,01-12-2015,11:16:22,101,Cancelled
19672,01-12-2015,11:27:16,105,Cancelled
19673,01-12-2015,11:37:40,101,Cancelled
19674,01-12-2015,11:41:14,106,Success
19675,01-12-2015,11:53:05,102,Delivered
19676,01-12-2015,12:17:15,105,Delivered
19677,01-12-2015,12:19:11,103,Success
19678,01-12-2015,12:20:51,105,Failed
19679,01-12-2015,12:21:24,102,Success
19680,01-12-2015,12:24:32,105,Success
19681,01-12-2015,12:34:53,105,Success
19682,01-12-2015,12:42:35,110,Cancelled
19683,01-12-2015,12:49:11,110,Success
19684,01-12-2015,12:50:03,108,Success
19685,01-12-2015,12:51:22,104,Success
19686,01-12-2015,12:54:14,109,Cancelled
19687,01-12-2015,13:03:40,109,Success
19688,01-12-2015,13:04:08,110,Failed
19689,01-12-2015,13:13:31,101,Delivered
19690,01-12-2015,13:24:16,106,Delivered
19691,01-12-2015,13:26:44,101,Failed
19692,01-12-2015,13:33:39,101,Delivered
19693,01-12-2015,13:35:24,102,Success
19694,01-12-2015,13:46:37,107,Cancelled
19695,01-12-2015,13:53:29,103,Delivered
19696,01-12-2015,14:01:11,110,Success
19697,01-12-2015,14:11:19,109,Failed
19698,01-12-2015,14:40:27,101,Success
19699,01-12-2015,15:16:25,102,Delivered
19700,01-12-2015,15:38:19,102,Cancelled
19701,01-12-2015,15:47:35,110,Failed
19702,01-12-2015,16:08:47,104,Cancelled
19703,01-12-2015,16:14:15,101,Delivered
19704,01-12-2015,16:22:17,103,Delivered
19705,01-12-2015,16:37:25,106,Delivered
19706,01-12-2015,17:02:20,109,Failed
19707,01-12-2015,17:13:49,101,Cancelled
19708,01-12-2015,17:24:58,108,Success
19709,01-12-2015,17:30:22,104,Success
19710,01-12-2015,17:33:00,109,Failed
19711,01-12-2015,17:45:09,105,Success
19712,01-12-2015,17:45:53,104,Cancelled
19713,01-12-2015,17:59:38,106,Failed
19714,01-12-2015,18:03:24,106,Cancelled
19715,01-12-2015,18:03:39,105,Failed
19716,01-12-2015,18:08:51,102,Success
19717,01-12-2015,18:46:39,109,Cancelled
19718,01-12-2015,18:47:29,109,Cancelled
19719,01-12-2015,19:02:53,103,Delivered
19720,01-12-2015,19:07:00,106,Success
19721,01-12-2015,19:10:27,109,Delivered
19722,01-12-2015,19:21:05,101,Cancelled
19723,01-12-2015,19:30:30,104,Cancelled
19724,01-12-2015,19:32:44,104,Delivered
19725,01-12-2015,19:33:10,103,Cancelled
19726,01-12-2015,19:39:22,108,Cancelled
19727,01-12-2015,20:08:15,109,Cancelled
19728,01-12-2015,20:23:16,108,Failed
19729,01-12-2015,21:15:17,106,Failed
19730,01-12-2015,21:40:34,105,Success
19731,01-12-2015,22:24:48,109,Cancelled
19732,02-12-2015,11:25:40,110,Delivered
19733,02-12-2015,11:32:33,110,Success
19734,02-12-2015,11:35:18,103,Success
19735,02-12-2015,11:54:55,104,Success
19736,02-12-2015,12:06:37,104,Cancelled
19737,02-12-2015,12:07:46,106,Cancelled
19738,02-12-2015,12:12:24,107,Delivered
19739,02-12-2015,12:22:32,104,Success
19740,02-12-2015,12:22:37,103,Failed
19741,02-12-2015,12:29:26,106,Failed
19742,02-12-2015,12:35:01,109,Delivered
19743,02-12-2015,12:35:23,107,Delivered
19744,02-12-2015,12:38:54,105,Delivered
19745,02-12-2015,12:42:00,104,Failed
19746,02-12-2015,12:44:41,109,Failed
19747,02-12-2015,12:49:58,106,Cancelled
19748,02-12-2015,12:54:29,101,Failed
19749,02-12-2015,12:55:36,101,Success
19750,02-12-2015,13:00:16,103,Failed
19751,02-12-2015,13:05:47,107,Failed
19752,02-12-2015,13:07:43,103,Failed
19753,02-12-2015,13:10:58,102,Success
19754,02-12-2015,13:14:27,107,Delivered
19755,02-12-2015,13:47:53,101,Failed
19756,02-12-2015,14:10:39,103,Success
19757,02-12-2015,14:28:57,108,Delivered
19758,02-12-2015,15:27:48,103,Delivered
19759,02-12-2015,15:32:10,109,Failed
19760,02-12-2015,15:40:36,105,Failed
19761,02-12-2015,15:49:40,102,Success
19762,02-12-2015,15:54:07,110,Cancelled
19763,02-12-2015,15:56:07,106,Success
19764,02-12-2015,16:10:09,105,Delivered
19765,02-12-2015,16:26:10,107,Failed
19766,02-12-2015,16:32:12,110,Failed
19767,02-12-2015,16:40:45,108,Failed
19768,02-12-2015,16:58:08,106,Delivered
19769,02-12-2015,17:17:36,104,Failed
19770,02-12-2015,17:24:55,104,Cancelled
19771,02-12-2015,17:29:03,103,Failed
19772,02-12-2015,17:57:20,105,Delivered
19773,02-12-2015,18:01:30,106,Cancelled
19774,02-12-2015,18:07:20,110,Delivered
19775,02-12-2015,18:13:42,106,Delivered
19776,02-12-2015,18:34:12,104,Failed
19777,02-12-2015,18:34:46,109,Delivered
19778,02-12-2015,18:36:48,103,Delivered
19779,02-12-2015,19:01:34,108,Delivered
19780,02-12-2015,19:02:45,109,Delivered
19781,02-12-2015,19:03:41,110,Cancelled
19782,02-12-2015,19:16:44,101,Delivered
19783,02-12-2015,20:04:20,109,Failed
19784,02-12-2015,20:07:40,107,Failed
19785,02-12-2015,20:10:28,106,Failed
19786,02-12-2015,20:40:54,103,Delivered
19787,02-12-2015,21:02:30,105,Delivered
19788,02-12-2015,21:31:49,107,Delivered
19789,02-12-2015,21:45:24,103,Failed
19790,02-12-2015,22:01:53,108,Failed
19791,03-12-2015,11:27:24,108,Delivered
19792,03-12-2015,11:45:17,105,Success
19793,03-12-2015,12:04:04,102,Cancelled
19794,03-12-2015,12:05:45,106,Delivered
19795,03-12-2015,12:07:37,106,Success
19796,03-12-2015,12:15:10,102,Cancelled
19797,03-12-2015,12:19:56,104,Cancelled
19798,03-12-2015,12:26:38,101,Success
19799,03-12-2015,12:46:20,104,Failed
19800,03-12-2015,12:47:18,103,Failed
19801,03-12-2015,12:50:36,107,Delivered
19802,03-12-2015,12:52:46,104,Delivered
19803,03-12-2015,12:58:06,110,Delivered
19804,03-12-2015,13:01:57,109,Success
19805,03-12-2015,13:02:05,110,Cancelled
19806,03-12-2015,13:03:15,107,Success
19807,03-12-2015,13:10:13,110,Delivered
19808,03-12-2015,13:18:48,106,Failed
19809,03-12-2015,13:21:49,105,Cancelled
19810,03-12-2015,14:20:52,107,Failed
19811,03-12-2015,14:23:48,107,Delivered
19812,03-12-2015,14:35:46,105,Delivered
19813,03-12-2015,15:14:17,104,Failed
19814,03-12-2015,15:40:05,108,Success
19815,03-12-2015,15:44:43,103,Failed
19816,03-12-2015,16:08:39,103,Delivered
19817,03-12-2015,16:40:44,103,Delivered
19818,03-12-2015,16:54:58,104,Cancelled
19819,03-12-2015,17:01:19,106,Delivered
19820,03-12-2015,17:05:39,103,Cancelled
19821,03-12-2015,17:08:23,107,Success
19822,03-12-2015,17:11:51,103,Failed
19823,03-12-2015,17:19:56,110,Delivered
19824,03-12-2015,17:26:16,109,Success
19825,03-12-2015,17:40:36,110,Delivered
19826,03-12-2015,17:41:59,103,Cancelled
19827,03-12-2015,17:42:22,105,Success
19828,03-12-2015,17:49:28,101,Failed
19829,03-12-2015,18:00:11,110,Cancelled
19830,03-12-2015,18:16:20,109,Success
19831,03-12-2015,18:25:59,107,Success
19832,03-12-2015,18:49:20,110,Cancelled
19833,03-12-2015,18:53:34,103,Failed
19834,03-12-2015,19:02:45,105,Delivered
19835,03-12-2015,19:26:12,109,Failed
19836,03-12-2015,19:27:53,102,Delivered
19837,03-12-2015,19:39:07,109,Cancelled
19838,03-12-2015,19:44:41,105,Delivered
19839,03-12-2015,19:49:37,106,Failed
19840,03-12-2015,19:50:13,110,Cancelled
19841,03-12-2015,20:07:25,109,Delivered
19842,03-12-2015,20:07:53,101,Delivered
19843,03-12-2015,20:21:51,102,Delivered
19844,03-12-2015,20:26:05,109,Delivered
19845,03-12-2015,21:27:20,103,Success
19846,03-12-2015,21:48:42,106,Failed
19847,04-12-2015,11:33:41,105,Delivered
19848,04-12-2015,11:35:05,102,Failed
19849,04-12-2015,11:41:42,103,Success
19850,04-12-2015,11:45:56,105,Delivered
19851,04-12-2015,12:29:11,110,Cancelled
19852,04-12-2015,12:30:25,102,Delivered
19853,04-12-2015,12:34:57,103,Cancelled
19854,04-12-2015,12:41:47,109,Failed
19855,04-12-2015,12:52:17,104,Success
19856,04-12-2015,12:55:04,101,Cancelled
19857,04-12-2015,12:55:08,101,Cancelled
19858,04-12-2015,13:02:37,108,Delivered
19859,04-12-2015,13:05:51,102,Cancelled
19860,04-12-2015,13:09:31,107,Cancelled
19861,04-12-2015,13:10:46,102,Cancelled
19862,04-12-2015,13:20:21,102,Delivered
19863,04-12-2015,13:26:26,108,Success
19864,04-12-2015,13:28:07,109,Delivered
19865,04-12-2015,13:46:51,108,Cancelled
19866,04-12-2015,13:47:34,106,Failed
19867,04-12-2015,13:58:30,103,Success
19868,04-12-2015,14:14:01,107,Failed
19869,04-12-2015,14:14:21,107,Cancelled
19870,04-12-2015,14:18:20,101,Failed
19871,04-12-2015,14:22:07,109,Cancelled
19872,04-12-2015,14:30:30,107,Delivered
19873,04-12-2015,14:49:48,109,Cancelled
19874,04-12-2015,15:42:18,107,Success
19875,04-12-2015,15:51:23,109,Cancelled
19876,04-12-2015,16:15:14,109,Delivered
19877,04-12-2015,16:26:53,102,Success
19878,04-12-2015,16:35:42,110,Success
19879,04-12-2015,16:39:21,106,Delivered
19880,04-12-2015,16:39:29,105,Success
19881,04-12-2015,16:40:37,101,Failed
19882,04-12-2015,16:43:07,107,Delivered
19883,04-12-2015,16:46:20,101,Success
19884,04-12-2015,17:02:51,110,Failed
19885,04-12-2015,17:07:50,102,Failed
19886,04-12-2015,17:08:06,109,Delivered
19887,04-12-2015,17:09:33,102,Failed
19888,04-12-2015,17:20:39,104,Delivered
19889,04-12-2015,17:23:15,102,Failed
19890,04-12-2015,17:24:44,107,Failed
19891,04-12-2015,17:29:22,108,Cancelled
19892,04-12-2015,17:45:28,105,Success
19893,04-12-2015,17:50:04,107,Failed
19894,04-12-2015,17:52:44,104,Delivered
19895,04-12-2015,17:57:21,103,Cancelled
19896,04-12-2015,18:00:37,103,Cancelled
19897,04-12-2015,18:16:42,108,Delivered
19898,04-12-2015,18:21:14,108,Failed
19899,04-12-2015,18:49:40,101,Delivered
19900,04-12-2015,19:02:20,107,Failed
19901,04-12-2015,19:05:16,101,Cancelled
19902,04-12-2015,19:32:55,109,Delivered
19903,04-12-2015,19:35:38,104,Success
19904,04-12-2015,19:40:05,107,Success
19905,04-12-2015,19:45:04,106,Delivered
19906,04-12-2015,20:00:54,104,Success
19907,04-12-2015,20:07:03,110,Failed
19908,04-12-2015,20:18:06,105,Delivered
19909,04-12-2015,20:26:02,107,Delivered
19910,04-12-2015,20:26:36,103,Failed
19911,04-12-2015,20:46:13,109,Delivered
19912,04-12-2015,20:47:24,102,Cancelled
19913,04-12-2015,21:16:57,106,Failed
19914,04-12-2015,21:24:50,109,Success
19915,04-12-2015,21:58:42,110,Success
19916,04-12-2015,22:23:55,109,Delivered
19917,04-12-2015,22:56:18,105,Failed
19918,04-12-2015,23:02:13,105,Success
19919,05-12-2015,11:32:32,106,Success
19920,05-12-2015,11:41:03,110,Cancelled
19921,05-12-2015,11:51:09,103,Cancelled
19922,05-12-2015,11:55:21,101,Cancelled
19923,05-12-2015,12:11:34,101,Success
19924,05-12-2015,12:17:27,106,Failed
19925,05-12-2015,12:27:18,107,Failed
19926,05-12-2015,12:27:53,104,Success
19927,05-12-2015,12:30:15,108,Failed
19928,05-12-2015,12:35:40,107,Delivered
19929,05-12-2015,12:41:09,104,Success
19930,05-12-2015,12:57:34,104,Failed
19931,05-12-2015,13:10:29,106,Failed
19932,05-12-2015,13:27:51,110,Cancelled
19933,05-12-2015,13:28:07,102,Cancelled
19934,05-12-2015,13:35:23,104,Delivered
19935,05-12-2015,14:02:25,106,Cancelled
19936,05-12-2015,14:30:19,102,Failed
19937,05-12-2015,14:42:59,102,Cancelled
19938,05-12-2015,14:46:13,102,Failed
19939,05-12-2015,14:51:28,108,Cancelled
19940,05-12-2015,15:02:33,105,Failed
19941,05-12-2015,15:15:43,105,Delivered
19942,05-12-2015,15:40:24,109,Failed
19943,05-12-2015,15:40:33,105,Cancelled
19944,05-12-2015,15:50:35,106,Failed
19945,05-12-2015,15:59:04,101,Delivered
19946,05-12-2015,16:13:46,105,Cancelled
19947,05-12-2015,16:29:30,107,Failed
19948,05-12-2015,16:39:31,106,Cancelled
19949,05-12-2015,16:59:30,102,Failed
19950,05-12-2015,17:19:50,101,Failed
19951,05-12-2015,17:40:02,101,Cancelled
19952,05-12-2015,17:57:54,101,Delivered
19953,05-12-2015,18:04:03,108,Cancelled
19954,05-12-2015,18:06:20,106,Success
19955,05-12-2015,18:10:57,104,Failed
19956,05-12-2015,18:11:24,105,Failed
19957,05-12-2015,18:27:40,109,Delivered
19958,05-12-2015,18:49:27,105,Cancelled
19959,05-12-2015,18:51:12,108,Delivered
19960,05-12-2015,18:51:46,110,Cancelled
19961,05-12-2015,19:00:47,104,Cancelled
19962,05-12-2015,19:18:29,110,Delivered
19963,05-12-2015,19:18:30,107,Cancelled
19964,05-12-2015,19:20:50,105,Delivered
19965,05-12-2015,19:21:35,108,Success
19966,05-12-2015,19:28:21,110,Success
19967,05-12-2015,19:33:56,104,Cancelled
19968,05-12-2015,19:46:52,103,Delivered
19969,05-12-2015,19:50:58,105,Failed
19970,05-12-2015,20:03:54,110,Cancelled
19971,05-12-2015,20:06:28,107,Success
19972,05-12-2015,20:13:44,101,Delivered
19973,05-12-2015,20:18:08,105,Delivered
19974,05-12-2015,20:26:58,102,Cancelled
19975,05-12-2015,21:18:39,105,Failed
19976,05-12-2015,21:40:13,107,Success
19977,05-12-2015,21:53:57,108,Delivered
19978,05-12-2015,22:17:50,109,Delivered
19979,05-12-2015,22:25:14,109,Delivered
19980,06-12-2015,12:41:40,106,Failed
19981,06-12-2015,12:49:50,106,Delivered
19982,06-12-2015,12:59:25,104,Success
19983,06-12-2015,13:15:26,104,Failed
19984,06-12-2015,13:17:15,106,Cancelled
19985,06-12-2015,13:17:16,107,Cancelled
19986,06-12-2015,13:43:43,110,Success
19987,06-12-2015,14:13:10,110,Delivered
19988,06-12-2015,14:17:25,106,Success
19989,06-12-2015,14:19:29,109,Success
19990,06-12-2015,14:19:32,110,Failed
19991,06-12-2015,14:23:01,107,Delivered
19992,06-12-2015,14:30:33,108,Cancelled
19993,06-12-2015,15:02:06,108,Delivered
19994,06-12-2015,15:18:54,102,Cancelled
19995,06-12-2015,15:19:15,110,Delivered
19996,06-12-2015,15:39:48,110,Success
19997,06-12-2015,15:43:10,104,Cancelled
19998,06-12-2015,16:05:55,110,Success
19999,06-12-2015,16:20:51,105,Delivered
20000,06-12-2015,16:35:24,101,Failed
20001,06-12-2015,16:36:42,110,Failed
20002,06-12-2015,16:38:43,107,Failed
20003,06-12-2015,16:44:37,103,Success
20004,06-12-2015,17:11:38,103,Failed
20005,06-12-2015,17:30:28,104,Cancelled
20006,06-12-2015,17:53:59,101,Cancelled
20007,06-12-2015,17:59:22,106,Cancelled
20008,06-12-2015,18:17:33,106,Success
20009,06-12-2015,18:18:11,101,Success
20010,06-12-2015,18:27:18,108,Delivered
20011,06-12-2015,18:31:41,101,Success
20012,06-12-2015,18:34:20,102,Delivered
20013,06-12-2015,18:39:34,103,Success
20014,06-12-2015,18:44:14,101,Failed
20015,06-12-2015,18:45:05,107,Delivered
20016,06-12-2015,18:46:31,105,Cancelled
20017,06-12-2015,18:51:46,101,Success
20018,06-12-2015,19:02:39,108,Delivered
20019,06-12-2015,19:12:02,109,Failed
20020,06-12-2015,19:12:35,103,Delivered
20021,06-12-2015,19:26:11,101,Delivered
20022,06-12-2015,19:33:18,108,Cancelled
20023,06-12-2015,19:38:41,109,Success
20024,06-12-2015,19:45:12,101,Cancelled
20025,06-12-2015,19:45:13,104,Success
20026,06-12-2015,19:55:32,108,Failed
20027,06-12-2015,19:57:34,110,Cancelled
20028,06-12-2015,19:58:59,103,Failed
20029,06-12-2015,19:59:00,102,Success
20030,06-12-2015,20:15:16,108,Delivered
20031,06-12-2015,20:19:33,102,Cancelled
20032,06-12-2015,20:36:44,108,Failed
20033,06-12-2015,21:02:20,108,Failed
20034,06-12-2015,22:11:13,101,Success
20035,07-12-2015,11:15:34,102,Cancelled
20036,07-12-2015,11:16:57,107,Cancelled
20037,07-12-2015,11:36:27,104,Delivered
20038,07-12-2015,11:54:51,107,Failed
20039,07-12-2015,12:04:01,102,Delivered
20040,07-12-2015,12:13:50,106,Cancelled
20041,07-12-2015,12:28:26,106,Delivered
20042,07-12-2015,12:34:39,105,Failed
20043,07-12-2015,12:36:41,102,Cancelled
20044,07-12-2015,12:38:33,106,Cancelled
20045,07-12-2015,12:43:24,110,Failed
20046,07-12-2015,12:44:37,107,Delivered
20047,07-12-2015,12:53:24,109,Delivered
20048,07-12-2015,13:09:20,110,Delivered
20049,07-12-2015,13:18:38,105,Failed
20050,07-12-2015,13:29:01,105,Cancelled
20051,07-12-2015,13:29:06,110,Success
20052,07-12-2015,13:31:49,110,Delivered
20053,07-12-2015,13:57:07,108,Failed
20054,07-12-2015,14:35:45,109,Success
20055,07-12-2015,15:16:53,110,Success
20056,07-12-2015,15:17:20,104,Delivered
20057,07-12-2015,15:22:35,102,Success
20058,07-12-2015,16:01:24,106,Delivered
20059,07-12-2015,16:02:41,105,Success
20060,07-12-2015,16:05:28,107,Cancelled
20061,07-12-2015,16:15:25,105,Cancelled
20062,07-12-2015,16:53:25,102,Delivered
20063,07-12-2015,16:58:34,105,Failed
20064,07-12-2015,17:10:00,107,Cancelled
20065,07-12-2015,17:30:26,103,Cancelled
20066,07-12-2015,17:40:43,109,Failed
20067,07-12-2015,17:47:29,103,Delivered
20068,07-12-2015,17:54:29,109,Success
20069,07-12-2015,17:58:30,101,Delivered
20070,07-12-2015,18:12:27,104,Delivered
20071,07-12-2015,18:19:34,106,Failed
20072,07-12-2015,18:31:23,106,Success
20073,07-12-2015,18:48:28,103,Failed
20074,07-12-2015,18:49:43,101,Success
20075,07-12-2015,18:59:31,108,Cancelled
20076,07-12-2015,19:04:34,101,Failed
20077,07-12-2015,19:27:08,102,Success
20078,07-12-2015,19:37:32,102,Failed
20079,07-12-2015,19:45:45,105,Delivered
20080,07-12-2015,19:50:05,102,Success
20081,07-12-2015,20:03:29,102,Delivered
20082,07-12-2015,20:10:30,110,Cancelled
20083,07-12-2015,20:15:39,108,Success
20084,07-12-2015,20:18:27,108,Cancelled
20085,07-12-2015,20:25:55,103,Delivered
20086,07-12-2015,20:28:46,107,Success
20087,07-12-2015,20:42:09,108,Cancelled
20088,07-12-2015,20:47:15,110,Failed
20089,07-12-2015,20:53:21,107,Failed
20090,07-12-2015,21:47:03,105,Success
20091,07-12-2015,21:52:50,108,Cancelled
20092,07-12-2015,22:28:01,106,Delivered
20093,07-12-2015,22:47:51,107,Delivered
20094,08-12-2015,11:19:12,105,Success
20095,08-12-2015,11:30:24,104,Cancelled
20096,08-12-2015,11:53:26,106,Cancelled
20097,08-12-2015,12:04:03,108,Cancelled
20098,08-12-2015,12:04:54,110,Success
20099,08-12-2015,12:28:25,102,Delivered
20100,08-12-2015,12:35:08,105,Delivered
20101,08-12-2015,12:36:44,110,Cancelled
20102,08-12-2015,12:40:29,108,Cancelled
20103,08-12-2015,12:51:28,104,Delivered
20104,08-12-2015,13:08:48,110,Failed
20105,08-12-2015,13:24:41,101,Failed
20106,08-12-2015,13:24:44,104,Cancelled
20107,08-12-2015,13:29:58,107,Delivered
20108,08-12-2015,13:33:45,108,Failed
20109,08-12-2015,13:34:16,107,Failed
20110,08-12-2015,13:41:14,104,Delivered
20111,08-12-2015,13:41:22,105,Delivered
20112,08-12-2015,13:53:07,106,Failed
20113,08-12-2015,13:53:36,108,Cancelled
20114,08-12-2015,15:21:00,101,Cancelled
20115,08-12-2015,15:34:18,110,Delivered
20116,08-12-2015,16:20:17,104,Failed
20117,08-12-2015,16:21:38,110,Cancelled
20118,08-12-2015,16:31:36,107,Failed
20119,08-12-2015,16:34:19,108,Delivered
20120,08-12-2015,16:44:06,102,Delivered
20121,08-12-2015,17:01:04,109,Cancelled
20122,08-12-2015,17:30:23,107,Success
20123,08-12-2015,17:42:18,107,Success
20124,08-12-2015,17:45:12,105,Failed
20125,08-12-2015,18:12:47,106,Delivered
20126,08-12-2015,18:18:32,110,Cancelled
20127,08-12-2015,18:23:57,103,Failed
20128,08-12-2015,18:32:33,102,Success
20129,08-12-2015,18:36:39,106,Cancelled
20130,08-12-2015,19:06:18,110,Delivered
20131,08-12-2015,19:33:43,107,Delivered
20132,08-12-2015,19:49:39,105,Success
20133,08-12-2015,19:50:29,110,Success
20134,08-12-2015,19:51:52,104,Cancelled
20135,08-12-2015,19:57:15,109,Failed
20136,08-12-2015,20:01:01,104,Cancelled
20137,08-12-2015,20:19:01,102,Delivered
20138,08-12-2015,20:20:00,103,Delivered
20139,08-12-2015,20:28:45,105,Failed
20140,08-12-2015,21:40:56,107,Success
20141,08-12-2015,21:49:37,110,Cancelled
20142,08-12-2015,22:09:00,101,Cancelled
20143,08-12-2015,22:25:50,106,Delivered
20144,09-12-2015,11:34:18,102,Success
20145,09-12-2015,11:50:30,108,Success
20146,09-12-2015,11:55:19,105,Success
20147,09-12-2015,12:01:20,102,Cancelled
20148,09-12-2015,12:04:49,107,Cancelled
20149,09-12-2015,12:10:13,108,Cancelled
20150,09-12-2015,12:10:52,107,Delivered
20151,09-12-2015,12:23:45,101,Success
20152,09-12-2015,12:24:30,103,Cancelled
20153,09-12-2015,12:44:33,103,Failed
20154,09-12-2015,12:51:56,101,Success
20155,09-12-2015,12:54:04,102,Failed
20156,09-12-2015,13:05:17,109,Cancelled
20157,09-12-2015,13:10:25,108,Delivered
20158,09-12-2015,13:12:23,104,Cancelled
20159,09-12-2015,13:12:50,109,Delivered
20160,09-12-2015,13:18:31,109,Cancelled
20161,09-12-2015,13:20:50,108,Failed
20162,09-12-2015,13:24:22,104,Cancelled
20163,09-12-2015,13:41:22,103,Failed
20164,09-12-2015,13:56:09,105,Success
20165,09-12-2015,14:24:18,104,Delivered
20166,09-12-2015,14:37:14,104,Cancelled
20167,09-12-2015,14:56:09,106,Success
20168,09-12-2015,15:04:39,104,Cancelled
20169,09-12-2015,15:04:51,107,Success
20170,09-12-2015,15:21:09,107,Delivered
20171,09-12-2015,15:32:44,105,Success
20172,09-12-2015,15:44:45,108,Success
20173,09-12-2015,15:47:50,107,Cancelled
20174,09-12-2015,16:02:01,106,Failed
20175,09-12-2015,16:37:07,106,Success
20176,09-12-2015,16:47:10,104,Delivered
20177,09-12-2015,16:57:07,103,Cancelled
20178,09-12-2015,17:05:42,108,Failed
20179,09-12-2015,17:11:36,101,Delivered
20180,09-12-2015,17:13:46,105,Cancelled
20181,09-12-2015,17:19:13,103,Failed
20182,09-12-2015,17:21:45,109,Cancelled
20183,09-12-2015,17:31:21,105,Delivered
20184,09-12-2015,17:42:21,102,Failed
20185,09-12-2015,17:56:49,102,Failed
20186,09-12-2015,18:02:28,104,Delivered
20187,09-12-2015,18:12:33,107,Cancelled
20188,09-12-2015,18:17:58,103,Cancelled
20189,09-12-2015,18:28:50,102,Delivered
20190,09-12-2015,18:29:35,101,Delivered
20191,09-12-2015,18:49:37,103,Delivered
20192,09-12-2015,18:57:57,107,Cancelled
20193,09-12-2015,19:12:43,110,Cancelled
20194,09-12-2015,19:14:40,104,Cancelled
20195,09-12-2015,19:25:09,103,Success
20196,09-12-2015,19:29:01,106,Failed
20197,09-12-2015,19:38:30,106,Delivered
20198,09-12-2015,19:40:36,102,Failed
20199,09-12-2015,20:02:37,104,Delivered
20200,09-12-2015,20:05:38,103,Cancelled
20201,09-12-2015,20:07:14,110,Success
20202,09-12-2015,20:27:02,104,Delivered
20203,09-12-2015,20:34:29,104,Delivered
20204,09-12-2015,20:36:55,105,Delivered
20205,09-12-2015,20:58:43,105,Failed
20206,09-12-2015,21:01:25,110,Failed
20207,09-12-2015,21:04:13,106,Failed
20208,09-12-2015,22:44:50,102,Cancelled
20209,10-12-2015,11:24:50,102,Delivered
20210,10-12-2015,11:35:25,107,Delivered
20211,10-12-2015,11:38:17,110,Success
20212,10-12-2015,11:44:15,108,Delivered
20213,10-12-2015,11:57:03,104,Delivered
20214,10-12-2015,12:11:20,106,Failed
20215,10-12-2015,12:13:18,107,Delivered
20216,10-12-2015,12:18:18,109,Success
20217,10-12-2015,12:27:19,104,Success
20218,10-12-2015,12:46:55,106,Delivered
20219,10-12-2015,12:55:11,108,Delivered
20220,10-12-2015,13:02:40,102,Cancelled
20221,10-12-2015,13:10:21,106,Cancelled
20222,10-12-2015,13:17:32,109,Failed
20223,10-12-2015,13:17:52,103,Success
20224,10-12-2015,13:22:44,108,Success
20225,10-12-2015,13:31:29,107,Failed
20226,10-12-2015,13:36:25,104,Success
20227,10-12-2015,13:52:19,104,Success
20228,10-12-2015,13:52:28,108,Delivered
20229,10-12-2015,13:52:58,110,Cancelled
20230,10-12-2015,13:55:03,109,Failed
20231,10-12-2015,14:05:07,102,Cancelled
20232,10-12-2015,14:19:58,103,Delivered
20233,10-12-2015,14:23:43,109,Failed
20234,10-12-2015,14:49:03,106,Success
20235,10-12-2015,15:03:06,105,Cancelled
20236,10-12-2015,15:05:44,110,Cancelled
20237,10-12-2015,15:25:32,110,Success
20238,10-12-2015,15:49:36,103,Delivered
20239,10-12-2015,15:54:29,105,Success
20240,10-12-2015,16:07:06,108,Delivered
20241,10-12-2015,16:10:16,106,Delivered
20242,10-12-2015,16:44:58,103,Delivered
20243,10-12-2015,17:00:03,110,Cancelled
20244,10-12-2015,17:00:51,108,Success
20245,10-12-2015,17:02:16,110,Success
20246,10-12-2015,17:15:39,109,Delivered
20247,10-12-2015,17:27:01,101,Delivered
20248,10-12-2015,17:43:42,110,Delivered
20249,10-12-2015,17:44:41,101,Delivered
20250,10-12-2015,17:46:09,108,Success
20251,10-12-2015,17:51:08,104,Cancelled
20252,10-12-2015,17:59:56,108,Cancelled
20253,10-12-2015,18:22:00,105,Success
20254,10-12-2015,18:41:11,107,Delivered
20255,10-12-2015,19:27:31,106,Cancelled
20256,10-12-2015,19:42:29,109,Success
20257,10-12-2015,19:48:59,103,Delivered
20258,10-12-2015,19:49:16,104,Delivered
20259,10-12-2015,20:13:21,103,Delivered
20260,10-12-2015,20:16:26,109,Success
20261,10-12-2015,20:27:07,102,Delivered
20262,10-12-2015,20:38:22,104,Cancelled
20263,10-12-2015,20:45:19,110,Success
20264,10-12-2015,21:05:39,107,Failed
20265,10-12-2015,21:14:22,108,Delivered
20266,10-12-2015,21:31:59,106,Delivered
20267,10-12-2015,21:47:55,106,Delivered
20268,10-12-2015,22:09:21,110,Delivered
20269,10-12-2015,22:22:20,106,Delivered
20270,10-12-2015,22:35:47,108,Delivered
20271,11-12-2015,11:21:21,106,Delivered
20272,11-12-2015,11:59:21,104,Failed
20273,11-12-2015,12:01:10,108,Delivered
20274,11-12-2015,12:07:10,105,Delivered
20275,11-12-2015,12:09:30,107,Delivered
20276,11-12-2015,12:10:30,106,Delivered
20277,11-12-2015,12:12:43,101,Failed
20278,11-12-2015,12:30:34,104,Failed
20279,11-12-2015,12:37:55,107,Success
20280,11-12-2015,12:42:07,104,Cancelled
20281,11-12-2015,12:42:33,110,Delivered
20282,11-12-2015,12:46:09,102,Cancelled
20283,11-12-2015,12:50:20,108,Success
20284,11-12-2015,13:02:30,109,Failed
20285,11-12-2015,13:03:09,109,Delivered
20286,11-12-2015,13:14:00,107,Delivered
20287,11-12-2015,13:18:39,105,Success
20288,11-12-2015,13:22:10,106,Failed
20289,11-12-2015,13:25:01,102,Failed
20290,11-12-2015,13:26:31,104,Cancelled
20291,11-12-2015,13:33:16,106,Failed
20292,11-12-2015,13:45:57,110,Success
20293,11-12-2015,13:54:25,109,Cancelled
20294,11-12-2015,14:17:17,102,Failed
20295,11-12-2015,14:19:56,103,Delivered
20296,11-12-2015,14:33:53,108,Success
20297,11-12-2015,14:44:15,108,Success
20298,11-12-2015,14:52:26,103,Delivered
20299,11-12-2015,15:23:36,102,Success
20300,11-12-2015,15:44:30,107,Success
20301,11-12-2015,16:11:08,106,Cancelled
20302,11-12-2015,16:17:02,109,Failed
20303,11-12-2015,16:36:49,109,Delivered
20304,11-12-2015,16:57:08,109,Success
20305,11-12-2015,17:23:02,105,Failed
20306,11-12-2015,17:25:36,108,Failed
20307,11-12-2015,17:42:40,109,Failed
20308,11-12-2015,17:50:14,104,Delivered
20309,11-12-2015,17:59:59,104,Cancelled
20310,11-12-2015,18:10:32,102,Success
20311,11-12-2015,18:26:06,106,Delivered
20312,11-12-2015,18:40:51,101,Failed
20313,11-12-2015,18:44:56,105,Failed
20314,11-12-2015,18:47:38,109,Delivered
20315,11-12-2015,18:52:34,101,Delivered
20316,11-12-2015,18:58:21,108,Delivered
20317,11-12-2015,18:58:42,109,Delivered
20318,11-12-2015,19:01:42,109,Failed
20319,11-12-2015,19:03:41,107,Failed
20320,11-12-2015,19:04:53,102,Delivered
20321,11-12-2015,19:14:15,105,Success
20322,11-12-2015,19:29:46,108,Delivered
20323,11-12-2015,19:45:38,109,Delivered
20324,11-12-2015,19:46:41,107,Failed
20325,11-12-2015,19:56:23,107,Success
20326,11-12-2015,20:01:02,110,Cancelled
20327,11-12-2015,20:06:49,108,Cancelled
20328,11-12-2015,20:22:12,104,Cancelled
20329,11-12-2015,20:25:45,110,Failed
20330,11-12-2015,20:41:40,105,Delivered
20331,11-12-2015,20:45:31,106,Cancelled
20332,11-12-2015,21:08:04,109,Failed
20333,11-12-2015,21:19:34,107,Cancelled
20334,11-12-2015,21:29:53,109,Success
20335,11-12-2015,21:35:11,102,Cancelled
20336,11-12-2015,21:40:05,107,Success
20337,11-12-2015,21:43:34,103,Delivered
20338,11-12-2015,22:06:56,106,Failed
20339,11-12-2015,22:08:58,109,Cancelled
20340,11-12-2015,22:10:32,104,Failed
20341,11-12-2015,22:12:03,103,Failed
20342,11-12-2015,22:30:21,109,Cancelled
20343,11-12-2015,22:49:45,110,Failed
20344,12-12-2015,11:52:25,102,Cancelled
20345,12-12-2015,11:54:57,110,Cancelled
20346,12-12-2015,11:56:58,107,Failed
20347,12-12-2015,12:03:38,107,Success
20348,12-12-2015,12:13:14,102,Cancelled
20349,12-12-2015,12:27:37,101,Delivered
20350,12-12-2015,12:36:35,106,Delivered
20351,12-12-2015,12:41:00,109,Success
20352,12-12-2015,12:45:15,106,Success
20353,12-12-2015,13:10:21,103,Failed
20354,12-12-2015,13:20:55,102,Cancelled
20355,12-12-2015,13:25:52,108,Success
20356,12-12-2015,13:27:36,105,Delivered
20357,12-12-2015,13:51:07,110,Delivered
20358,12-12-2015,14:12:04,101,Success
20359,12-12-2015,14:13:34,102,Failed
20360,12-12-2015,14:32:54,105,Cancelled
20361,12-12-2015,14:44:45,108,Cancelled
20362,12-12-2015,14:51:31,110,Delivered
20363,12-12-2015,15:05:49,104,Delivered
20364,12-12-2015,15:07:05,108,Success
20365,12-12-2015,15:17:38,108,Cancelled
20366,12-12-2015,15:19:22,104,Delivered
20367,12-12-2015,15:59:35,109,Cancelled
20368,12-12-2015,16:25:29,103,Delivered
20369,12-12-2015,16:28:56,107,Failed
20370,12-12-2015,16:36:37,110,Cancelled
20371,12-12-2015,16:39:25,110,Failed
20372,12-12-2015,16:56:33,105,Failed
20373,12-12-2015,17:07:50,103,Cancelled
20374,12-12-2015,17:29:19,106,Success
20375,12-12-2015,17:48:32,107,Cancelled
20376,12-12-2015,17:53:23,108,Cancelled
20377,12-12-2015,18:09:09,103,Failed
20378,12-12-2015,18:26:11,105,Delivered
20379,12-12-2015,18:30:48,110,Cancelled
20380,12-12-2015,18:33:17,108,Success
20381,12-12-2015,18:35:18,104,Delivered
20382,12-12-2015,19:03:40,106,Cancelled
20383,12-12-2015,19:21:40,110,Success
20384,12-12-2015,19:37:54,110,Failed
20385,12-12-2015,19:53:48,110,Success
20386,12-12-2015,19:54:42,108,Failed
20387,12-12-2015,19:57:08,108,Success
20388,12-12-2015,20:26:01,102,Failed
20389,12-12-2015,20:29:06,110,Success
20390,12-12-2015,20:29:18,110,Cancelled
20391,12-12-2015,20:30:54,109,Delivered
20392,12-12-2015,20:33:03,108,Failed
20393,12-12-2015,20:39:15,102,Failed
20394,12-12-2015,20:59:19,105,Success
20395,12-12-2015,21:07:05,103,Success
20396,12-12-2015,21:10:02,101,Cancelled
20397,12-12-2015,21:30:34,104,Cancelled
20398,12-12-2015,21:32:44,108,Success
20399,12-12-2015,22:47:24,105,Success
20400,13-12-2015,11:38:52,104,Failed
20401,13-12-2015,11:52:09,103,Failed
20402,13-12-2015,12:03:46,108,Success
20403,13-12-2015,12:43:38,109,Cancelled
20404,13-12-2015,12:45:19,103,Failed
20405,13-12-2015,13:10:36,102,Cancelled
20406,13-12-2015,13:15:21,107,Failed
20407,13-12-2015,13:37:12,109,Success
20408,13-12-2015,13:47:48,102,Success
20409,13-12-2015,13:55:31,105,Delivered
20410,13-12-2015,14:09:24,103,Delivered
20411,13-12-2015,14:19:24,107,Delivered
20412,13-12-2015,14:22:55,107,Delivered
20413,13-12-2015,14:39:07,103,Failed
20414,13-12-2015,14:58:49,102,Success
20415,13-12-2015,15:02:43,109,Cancelled
20416,13-12-2015,15:15:33,110,Success
20417,13-12-2015,15:48:40,110,Delivered
20418,13-12-2015,16:05:53,108,Failed
20419,13-12-2015,16:22:38,106,Delivered
20420,13-12-2015,16:34:22,104,Success
20421,13-12-2015,16:53:11,106,Cancelled
20422,13-12-2015,16:53:46,101,Failed
20423,13-12-2015,17:08:45,109,Delivered
20424,13-12-2015,17:20:30,106,Cancelled
20425,13-12-2015,17:21:59,101,Failed
20426,13-12-2015,17:24:28,103,Cancelled
20427,13-12-2015,17:25:33,104,Failed
20428,13-12-2015,17:33:13,106,Success
20429,13-12-2015,17:39:11,101,Success
20430,13-12-2015,17:39:25,101,Failed
20431,13-12-2015,18:05:23,105,Delivered
20432,13-12-2015,18:10:45,106,Delivered
20433,13-12-2015,18:21:20,109,Failed
20434,13-12-2015,18:21:38,105,Cancelled
20435,13-12-2015,18:24:58,102,Delivered
20436,13-12-2015,18:28:16,109,Success
20437,13-12-2015,18:32:15,108,Cancelled
20438,13-12-2015,18:51:38,108,Cancelled
20439,13-12-2015,18:54:26,101,Success
20440,13-12-2015,18:58:46,101,Delivered
20441,13-12-2015,19:04:20,102,Success
20442,13-12-2015,19:30:32,106,Delivered
20443,13-12-2015,19:30:50,108,Delivered
20444,13-12-2015,19:56:40,107,Failed
20445,13-12-2015,20:04:49,106,Cancelled
20446,13-12-2015,20:09:32,101,Failed
20447,13-12-2015,20:20:21,101,Delivered
20448,13-12-2015,21:50:16,107,Cancelled
20449,13-12-2015,22:09:33,108,Failed
20450,13-12-2015,22:23:08,110,Success
20451,13-12-2015,22:56:06,103,Success
20452,14-12-2015,11:38:24,107,Delivered
20453,14-12-2015,11:41:16,110,Cancelled
20454,14-12-2015,11:50:51,104,Success
20455,14-12-2015,12:01:04,106,Delivered
20456,14-12-2015,12:05:12,102,Success
20457,14-12-2015,12:12:39,103,Success
20458,14-12-2015,12:14:44,107,Success
20459,14-12-2015,12:15:55,105,Failed
20460,14-12-2015,12:16:25,104,Cancelled
20461,14-12-2015,12:24:12,110,Success
20462,14-12-2015,12:29:10,109,Failed
20463,14-12-2015,12:36:01,105,Cancelled
20464,14-12-2015,12:42:21,101,Failed
20465,14-12-2015,12:44:26,108,Cancelled
20466,14-12-2015,12:53:16,106,Delivered
20467,14-12-2015,12:56:35,106,Failed
20468,14-12-2015,12:56:54,110,Delivered
20469,14-12-2015,13:02:01,108,Cancelled
20470,14-12-2015,13:18:24,104,Delivered
20471,14-12-2015,13:29:45,106,Cancelled
20472,14-12-2015,13:39:23,108,Failed
20473,14-12-2015,15:02:54,105,Delivered
20474,14-12-2015,15:07:09,108,Failed
20475,14-12-2015,16:15:58,103,Success
20476,14-12-2015,16:35:36,107,Cancelled
20477,14-12-2015,16:46:22,102,Cancelled
20478,14-12-2015,16:53:47,105,Delivered
20479,14-12-2015,16:56:23,102,Success
20480,14-12-2015,17:08:40,110,Success
20481,14-12-2015,17:09:15,110,Success
20482,14-12-2015,17:46:53,105,Cancelled
20483,14-12-2015,17:48:55,102,Success
20484,14-12-2015,17:49:03,106,Delivered
20485,14-12-2015,17:49:29,110,Delivered
20486,14-12-2015,17:50:32,104,Delivered
20487,14-12-2015,17:51:53,103,Failed
20488,14-12-2015,17:57:55,110,Success
20489,14-12-2015,18:15:58,108,Cancelled
20490,14-12-2015,18:26:14,109,Cancelled
20491,14-12-2015,18:34:47,103,Success
20492,14-12-2015,18:45:34,109,Failed
20493,14-12-2015,18:49:35,102,Cancelled
20494,14-12-2015,18:54:13,110,Success
20495,14-12-2015,18:59:17,105,Delivered
20496,14-12-2015,19:01:20,104,Delivered
20497,14-12-2015,19:07:30,109,Success
20498,14-12-2015,19:42:15,106,Cancelled
20499,14-12-2015,19:54:36,103,Cancelled
20500,14-12-2015,20:08:38,102,Success
20501,14-12-2015,20:08:46,105,Failed
20502,14-12-2015,20:09:11,106,Delivered
20503,14-12-2015,20:12:50,101,Success
20504,14-12-2015,20:36:46,110,Cancelled
20505,14-12-2015,20:56:12,105,Failed
20506,14-12-2015,21:08:22,109,Cancelled
20507,14-12-2015,21:46:43,102,Delivered
20508,14-12-2015,22:03:33,102,Delivered
20509,14-12-2015,22:21:50,101,Success
20510,15-12-2015,11:21:45,104,Failed
20511,15-12-2015,11:25:58,105,Cancelled
20512,15-12-2015,12:06:33,101,Success
20513,15-12-2015,12:08:00,101,Cancelled
20514,15-12-2015,12:14:37,110,Failed
20515,15-12-2015,12:19:02,109,Cancelled
20516,15-12-2015,12:19:14,101,Success
20517,15-12-2015,12:23:06,109,Cancelled
20518,15-12-2015,12:43:54,108,Failed
20519,15-12-2015,12:50:13,109,Success
20520,15-12-2015,12:52:15,108,Success
20521,15-12-2015,13:05:11,110,Cancelled
20522,15-12-2015,13:15:24,104,Failed
20523,15-12-2015,13:15:30,104,Cancelled
20524,15-12-2015,13:21:22,101,Cancelled
20525,15-12-2015,13:24:56,102,Cancelled
20526,15-12-2015,13:47:01,106,Cancelled
20527,15-12-2015,13:57:07,103,Failed
20528,15-12-2015,13:59:23,102,Failed
20529,15-12-2015,14:05:44,107,Failed
20530,15-12-2015,14:06:01,104,Success
20531,15-12-2015,14:22:30,106,Failed
20532,15-12-2015,15:13:38,103,Failed
20533,15-12-2015,15:37:51,107,Failed
20534,15-12-2015,15:45:59,102,Cancelled
20535,15-12-2015,15:46:25,107,Success
20536,15-12-2015,16:10:32,105,Cancelled
20537,15-12-2015,16:11:58,102,Cancelled
20538,15-12-2015,16:40:50,110,Failed
20539,15-12-2015,16:55:39,109,Failed
20540,15-12-2015,17:04:59,110,Cancelled
20541,15-12-2015,17:15:20,108,Delivered
20542,15-12-2015,17:30:07,101,Success
20543,15-12-2015,17:34:31,105,Cancelled
20544,15-12-2015,17:43:36,108,Failed
20545,15-12-2015,18:28:40,101,Success
20546,15-12-2015,18:32:21,108,Cancelled
20547,15-12-2015,18:34:38,107,Delivered
20548,15-12-2015,18:35:23,102,Cancelled
20549,15-12-2015,18:45:33,104,Cancelled
20550,15-12-2015,18:53:33,107,Delivered
20551,15-12-2015,18:58:59,107,Success
20552,15-12-2015,19:00:36,103,Cancelled
20553,15-12-2015,19:06:35,101,Success
20554,15-12-2015,19:18:30,102,Success
20555,15-12-2015,19:19:15,109,Success
20556,15-12-2015,19:23:55,110,Success
20557,15-12-2015,19:28:49,104,Failed
20558,15-12-2015,19:35:02,106,Cancelled
20559,15-12-2015,19:36:20,103,Failed
20560,15-12-2015,19:51:47,109,Failed
20561,15-12-2015,19:55:23,102,Success
20562,15-12-2015,20:00:03,110,Delivered
20563,15-12-2015,20:06:57,107,Delivered
20564,15-12-2015,20:33:29,106,Cancelled
20565,15-12-2015,20:45:46,104,Failed
20566,15-12-2015,21:55:10,108,Success
20567,15-12-2015,22:26:20,102,Failed
20568,16-12-2015,11:41:09,101,Cancelled
20569,16-12-2015,11:44:32,109,Success
20570,16-12-2015,11:53:57,104,Success
20571,16-12-2015,11:54:04,106,Failed
20572,16-12-2015,11:56:24,103,Failed
20573,16-12-2015,12:06:32,105,Cancelled
20574,16-12-2015,12:27:14,104,Failed
20575,16-12-2015,12:32:55,101,Failed
20576,16-12-2015,12:47:57,102,Success
20577,16-12-2015,12:56:58,107,Cancelled
20578,16-12-2015,12:59:35,110,Failed
20579,16-12-2015,13:05:49,102,Failed
20580,16-12-2015,13:07:12,107,Success
20581,16-12-2015,13:09:38,108,Failed
20582,16-12-2015,13:10:37,110,Delivered
20583,16-12-2015,13:11:00,101,Success
20584,16-12-2015,13:11:06,105,Success
20585,16-12-2015,13:14:01,109,Failed
20586,16-12-2015,13:24:27,104,Delivered
20587,16-12-2015,13:25:55,106,Delivered
20588,16-12-2015,13:42:04,102,Success
20589,16-12-2015,13:47:20,107,Failed
20590,16-12-2015,13:56:47,104,Delivered
20591,16-12-2015,14:05:32,104,Cancelled
20592,16-12-2015,14:57:15,105,Cancelled
20593,16-12-2015,14:58:27,106,Delivered
20594,16-12-2015,15:39:02,106,Success
20595,16-12-2015,15:46:09,101,Delivered
20596,16-12-2015,15:55:07,101,Cancelled
20597,16-12-2015,15:57:04,101,Cancelled
20598,16-12-2015,16:03:27,102,Cancelled
20599,16-12-2015,16:13:51,101,Success
20600,16-12-2015,16:16:25,103,Failed
20601,16-12-2015,16:22:54,107,Success
20602,16-12-2015,16:59:48,108,Failed
20603,16-12-2015,17:01:28,110,Success
20604,16-12-2015,17:07:30,102,Failed
20605,16-12-2015,17:14:32,104,Failed
20606,16-12-2015,17:26:49,103,Delivered
20607,16-12-2015,17:31:45,103,Cancelled
20608,16-12-2015,17:34:57,104,Failed
20609,16-12-2015,17:43:27,106,Success
20610,16-12-2015,18:04:11,102,Failed
20611,16-12-2015,18:15:37,107,Failed
20612,16-12-2015,18:17:16,104,Success
20613,16-12-2015,18:28:12,102,Failed
20614,16-12-2015,18:40:22,108,Delivered
20615,16-12-2015,18:43:02,104,Cancelled
20616,16-12-2015,18:43:46,103,Delivered
20617,16-12-2015,18:46:00,102,Failed
20618,16-12-2015,18:51:51,105,Success
20619,16-12-2015,18:54:08,102,Cancelled
20620,16-12-2015,18:56:17,106,Delivered
20621,16-12-2015,18:59:16,101,Cancelled
20622,16-12-2015,19:13:05,106,Failed
20623,16-12-2015,19:28:52,109,Success
20624,16-12-2015,19:35:38,106,Delivered
20625,16-12-2015,19:46:03,110,Cancelled
20626,16-12-2015,19:48:12,101,Failed
20627,16-12-2015,20:02:22,107,Failed
20628,16-12-2015,20:12:40,107,Success
20629,16-12-2015,20:29:50,110,Success
20630,16-12-2015,20:39:32,102,Cancelled
20631,16-12-2015,20:41:43,110,Success
20632,16-12-2015,20:52:10,102,Failed
20633,16-12-2015,21:07:52,109,Delivered
20634,16-12-2015,21:19:36,107,Delivered
20635,16-12-2015,21:37:36,106,Failed
20636,16-12-2015,21:38:20,105,Cancelled
20637,17-12-2015,11:49:10,107,Failed
20638,17-12-2015,11:50:40,110,Delivered
20639,17-12-2015,12:01:48,101,Failed
20640,17-12-2015,12:05:43,108,Cancelled
20641,17-12-2015,12:13:10,109,Success
20642,17-12-2015,12:18:09,110,Success
20643,17-12-2015,12:22:18,104,Failed
20644,17-12-2015,12:27:16,105,Failed
20645,17-12-2015,12:45:59,104,Failed
20646,17-12-2015,12:48:52,108,Delivered
20647,17-12-2015,12:55:27,106,Success
20648,17-12-2015,12:56:35,106,Failed
20649,17-12-2015,13:10:14,108,Delivered
20650,17-12-2015,13:12:15,104,Success
20651,17-12-2015,13:15:53,106,Cancelled
20652,17-12-2015,13:31:46,110,Delivered
20653,17-12-2015,13:39:32,108,Failed
20654,17-12-2015,13:46:55,107,Cancelled
20655,17-12-2015,13:50:30,103,Delivered
20656,17-12-2015,13:56:08,105,Failed
20657,17-12-2015,14:10:56,105,Failed
20658,17-12-2015,14:15:30,103,Success
20659,17-12-2015,14:39:49,103,Delivered
20660,17-12-2015,14:42:22,108,Success
20661,17-12-2015,14:46:39,101,Failed
20662,17-12-2015,15:28:04,105,Success
20663,17-12-2015,15:29:38,103,Success
20664,17-12-2015,15:32:33,103,Success
20665,17-12-2015,16:12:43,105,Cancelled
20666,17-12-2015,16:15:23,106,Failed
20667,17-12-2015,16:32:15,110,Cancelled
20668,17-12-2015,16:42:05,110,Cancelled
20669,17-12-2015,17:09:09,107,Success
20670,17-12-2015,17:17:21,101,Success
20671,17-12-2015,17:24:32,110,Delivered
20672,17-12-2015,17:35:30,106,Cancelled
20673,17-12-2015,17:58:08,109,Delivered
20674,17-12-2015,18:04:02,107,Delivered
20675,17-12-2015,18:04:07,104,Failed
20676,17-12-2015,18:09:08,109,Delivered
20677,17-12-2015,18:21:09,109,Success
20678,17-12-2015,18:30:15,109,Success
20679,17-12-2015,18:40:52,107,Failed
20680,17-12-2015,18:54:02,110,Delivered
20681,17-12-2015,19:13:47,105,Cancelled
20682,17-12-2015,19:21:24,107,Delivered
20683,17-12-2015,19:22:52,104,Success
20684,17-12-2015,19:26:31,105,Cancelled
20685,17-12-2015,19:46:01,103,Delivered
20686,17-12-2015,19:53:22,107,Failed
20687,17-12-2015,20:02:35,101,Cancelled
20688,17-12-2015,20:16:39,107,Delivered
20689,17-12-2015,20:25:29,104,Failed
20690,17-12-2015,20:50:33,109,Success
20691,17-12-2015,20:53:22,101,Success
20692,17-12-2015,21:45:47,102,Success
20693,17-12-2015,22:27:07,108,Delivered
20694,18-12-2015,11:33:45,107,Delivered
20695,18-12-2015,11:38:22,101,Success
20696,18-12-2015,11:47:32,106,Failed
20697,18-12-2015,11:52:13,105,Failed
20698,18-12-2015,12:05:52,108,Failed
20699,18-12-2015,12:09:08,101,Failed
20700,18-12-2015,12:11:18,101,Failed
20701,18-12-2015,12:11:46,102,Failed
20702,18-12-2015,12:15:05,103,Failed
20703,18-12-2015,12:22:17,102,Delivered
20704,18-12-2015,12:35:06,109,Delivered
20705,18-12-2015,12:45:24,109,Failed
20706,18-12-2015,12:48:35,104,Cancelled
20707,18-12-2015,12:58:20,104,Success
20708,18-12-2015,13:17:15,102,Success
20709,18-12-2015,13:23:31,104,Delivered
20710,18-12-2015,13:24:39,107,Delivered
20711,18-12-2015,13:26:09,102,Failed
20712,18-12-2015,13:31:19,107,Success
20713,18-12-2015,13:39:18,107,Success
20714,18-12-2015,13:40:08,106,Delivered
20715,18-12-2015,13:45:05,107,Cancelled
20716,18-12-2015,13:46:55,103,Delivered
20717,18-12-2015,13:52:39,103,Delivered
20718,18-12-2015,13:59:19,108,Success
20719,18-12-2015,14:11:21,104,Cancelled
20720,18-12-2015,14:14:43,103,Cancelled
20721,18-12-2015,14:20:39,105,Delivered
20722,18-12-2015,14:28:27,101,Delivered
20723,18-12-2015,14:33:10,102,Failed
20724,18-12-2015,14:35:30,103,Cancelled
20725,18-12-2015,15:02:14,102,Cancelled
20726,18-12-2015,16:04:59,108,Delivered
20727,18-12-2015,16:38:33,108,Delivered
20728,18-12-2015,17:07:20,106,Delivered
20729,18-12-2015,17:22:17,107,Success
20730,18-12-2015,17:28:53,106,Cancelled
20731,18-12-2015,17:34:31,105,Success
20732,18-12-2015,17:36:47,107,Delivered
20733,18-12-2015,17:37:10,102,Success
20734,18-12-2015,17:40:34,105,Success
20735,18-12-2015,17:41:33,109,Failed
20736,18-12-2015,17:42:31,107,Cancelled
20737,18-12-2015,17:44:54,103,Success
20738,18-12-2015,17:47:48,101,Cancelled
20739,18-12-2015,18:06:56,108,Success
20740,18-12-2015,18:11:35,109,Delivered
20741,18-12-2015,18:13:21,110,Delivered
20742,18-12-2015,18:16:29,110,Success
20743,18-12-2015,18:23:43,102,Delivered
20744,18-12-2015,18:28:39,105,Success
20745,18-12-2015,18:31:28,104,Success
20746,18-12-2015,18:48:23,102,Failed
20747,18-12-2015,18:51:53,107,Failed
20748,18-12-2015,18:54:21,104,Cancelled
20749,18-12-2015,18:57:32,110,Delivered
20750,18-12-2015,18:59:00,106,Cancelled
20751,18-12-2015,19:19:20,103,Cancelled
20752,18-12-2015,19:34:53,103,Cancelled
20753,18-12-2015,19:57:18,107,Failed
20754,18-12-2015,20:00:04,101,Cancelled
20755,18-12-2015,20:07:32,103,Failed
20756,18-12-2015,20:17:03,108,Cancelled
20757,18-12-2015,20:21:06,101,Failed
20758,18-12-2015,20:45:20,105,Success
20759,18-12-2015,20:51:37,105,Delivered
20760,18-12-2015,21:13:14,110,Cancelled
20761,18-12-2015,21:15:24,104,Success
20762,18-12-2015,21:20:32,107,Failed
20763,18-12-2015,21:43:37,106,Cancelled
20764,18-12-2015,21:49:34,105,Failed
20765,18-12-2015,22:00:55,103,Cancelled
20766,18-12-2015,22:04:36,105,Cancelled
20767,18-12-2015,22:05:48,109,Delivered
20768,18-12-2015,22:06:22,108,Delivered
20769,18-12-2015,22:29:17,104,Failed
20770,19-12-2015,11:33:51,102,Delivered
20771,19-12-2015,11:37:49,108,Cancelled
20772,19-12-2015,11:51:18,105,Failed
20773,19-12-2015,12:01:21,107,Success
20774,19-12-2015,12:07:10,106,Cancelled
20775,19-12-2015,12:12:38,110,Failed
20776,19-12-2015,12:27:40,107,Failed
20777,19-12-2015,12:31:02,109,Delivered
20778,19-12-2015,12:44:45,104,Cancelled
20779,19-12-2015,12:44:53,104,Cancelled
20780,19-12-2015,12:58:51,107,Cancelled
20781,19-12-2015,13:03:43,105,Cancelled
20782,19-12-2015,13:23:55,110,Failed
20783,19-12-2015,13:28:31,110,Delivered
20784,19-12-2015,13:29:42,109,Success
20785,19-12-2015,14:36:32,108,Failed
20786,19-12-2015,14:58:42,101,Failed
20787,19-12-2015,15:12:23,103,Success
20788,19-12-2015,15:56:02,107,Success
20789,19-12-2015,16:11:18,104,Failed
20790,19-12-2015,16:19:36,105,Delivered
20791,19-12-2015,16:28:03,107,Delivered
20792,19-12-2015,16:30:23,107,Delivered
20793,19-12-2015,16:36:51,109,Delivered
20794,19-12-2015,16:59:08,109,Failed
20795,19-12-2015,17:00:31,110,Delivered
20796,19-12-2015,17:01:31,105,Cancelled
20797,19-12-2015,17:06:32,105,Cancelled
20798,19-12-2015,17:07:29,104,Cancelled
20799,19-12-2015,17:15:23,101,Cancelled
20800,19-12-2015,17:19:12,105,Delivered
20801,19-12-2015,17:32:52,103,Cancelled
20802,19-12-2015,17:48:36,104,Cancelled
20803,19-12-2015,17:53:49,106,Failed
20804,19-12-2015,18:17:42,104,Failed
20805,19-12-2015,18:18:42,105,Cancelled
20806,19-12-2015,18:27:50,103,Failed
20807,19-12-2015,18:27:51,106,Delivered
20808,19-12-2015,18:32:45,103,Delivered
20809,19-12-2015,18:50:30,104,Failed
20810,19-12-2015,18:51:32,102,Failed
20811,19-12-2015,19:02:37,109,Failed
20812,19-12-2015,19:02:51,104,Delivered
20813,19-12-2015,19:41:27,104,Delivered
20814,19-12-2015,20:10:01,106,Success
20815,19-12-2015,20:15:19,105,Failed
20816,19-12-2015,20:17:12,109,Failed
20817,19-12-2015,20:19:31,106,Delivered
20818,19-12-2015,20:25:37,109,Cancelled
20819,19-12-2015,20:34:06,110,Delivered
20820,19-12-2015,20:55:39,109,Failed
20821,19-12-2015,21:05:54,108,Delivered
20822,19-12-2015,21:15:54,108,Failed
20823,19-12-2015,21:22:22,107,Success
20824,19-12-2015,21:32:43,106,Success
20825,19-12-2015,21:36:45,106,Failed
20826,19-12-2015,21:42:14,105,Cancelled
20827,19-12-2015,22:54:28,110,Failed
20828,19-12-2015,23:03:23,104,Failed
20829,20-12-2015,11:55:46,105,Delivered
20830,20-12-2015,12:03:42,101,Cancelled
20831,20-12-2015,12:24:33,105,Failed
20832,20-12-2015,12:29:25,110,Delivered
20833,20-12-2015,12:34:47,109,Success
20834,20-12-2015,13:00:50,101,Failed
20835,20-12-2015,13:03:03,110,Success
20836,20-12-2015,13:13:49,109,Delivered
20837,20-12-2015,13:21:45,103,Failed
20838,20-12-2015,13:32:55,106,Success
20839,20-12-2015,13:45:27,101,Success
20840,20-12-2015,13:46:59,107,Cancelled
20841,20-12-2015,13:54:02,110,Success
20842,20-12-2015,13:56:21,109,Success
20843,20-12-2015,14:07:15,106,Delivered
20844,20-12-2015,14:36:48,103,Failed
20845,20-12-2015,14:48:21,105,Cancelled
20846,20-12-2015,14:48:33,103,Failed
20847,20-12-2015,15:14:45,105,Cancelled
20848,20-12-2015,15:26:45,106,Delivered
20849,20-12-2015,16:25:42,109,Cancelled
20850,20-12-2015,16:29:22,103,Failed
20851,20-12-2015,16:32:52,107,Cancelled
20852,20-12-2015,16:36:49,107,Cancelled
20853,20-12-2015,17:21:20,102,Cancelled
20854,20-12-2015,17:23:53,109,Cancelled
20855,20-12-2015,17:41:41,109,Delivered
20856,20-12-2015,18:03:47,103,Failed
20857,20-12-2015,18:06:40,107,Success
20858,20-12-2015,18:19:47,110,Failed
20859,20-12-2015,18:28:25,107,Failed
20860,20-12-2015,18:36:26,109,Success
20861,20-12-2015,19:00:32,106,Delivered
20862,20-12-2015,19:04:16,104,Delivered
20863,20-12-2015,19:08:45,104,Success
20864,20-12-2015,19:09:31,107,Success
20865,20-12-2015,19:15:11,107,Failed
20866,20-12-2015,19:16:20,109,Cancelled
20867,20-12-2015,19:22:56,103,Delivered
20868,20-12-2015,19:24:36,110,Delivered
20869,20-12-2015,19:27:01,108,Failed
20870,20-12-2015,19:38:25,110,Cancelled
20871,20-12-2015,19:38:32,104,Delivered
20872,20-12-2015,20:02:22,108,Cancelled
20873,20-12-2015,20:07:25,105,Delivered
20874,20-12-2015,20:19:45,109,Failed
20875,20-12-2015,20:34:07,105,Failed
20876,20-12-2015,20:39:10,108,Success
20877,20-12-2015,20:40:06,102,Failed
20878,20-12-2015,20:55:11,101,Success
20879,20-12-2015,22:00:53,104,Failed
20880,20-12-2015,22:16:54,101,Success
20881,20-12-2015,22:25:20,103,Failed
20882,21-12-2015,11:20:26,102,Success
20883,21-12-2015,11:23:36,102,Delivered
20884,21-12-2015,11:27:01,104,Cancelled
20885,21-12-2015,11:57:49,107,Failed
20886,21-12-2015,12:04:33,107,Failed
20887,21-12-2015,12:18:35,101,Success
20888,21-12-2015,12:20:07,110,Failed
20889,21-12-2015,12:29:14,109,Success
20890,21-12-2015,12:44:16,102,Success
20891,21-12-2015,12:45:45,102,Failed
20892,21-12-2015,12:56:01,108,Delivered
20893,21-12-2015,13:03:33,103,Cancelled
20894,21-12-2015,13:07:22,106,Success
20895,21-12-2015,13:14:37,104,Delivered
20896,21-12-2015,13:33:49,102,Failed
20897,21-12-2015,13:46:40,109,Cancelled
20898,21-12-2015,14:05:28,103,Success
20899,21-12-2015,14:26:19,110,Failed
20900,21-12-2015,14:28:03,107,Failed
20901,21-12-2015,14:42:43,104,Failed
20902,21-12-2015,14:45:52,105,Cancelled
20903,21-12-2015,14:56:38,110,Delivered
20904,21-12-2015,14:58:50,103,Cancelled
20905,21-12-2015,15:13:37,102,Delivered
20906,21-12-2015,15:28:45,103,Success
20907,21-12-2015,15:39:31,103,Success
20908,21-12-2015,15:59:31,107,Failed
20909,21-12-2015,16:06:43,110,Success
20910,21-12-2015,16:07:49,102,Delivered
20911,21-12-2015,16:32:27,108,Success
20912,21-12-2015,16:53:29,109,Failed
20913,21-12-2015,16:58:56,101,Cancelled
20914,21-12-2015,16:59:42,101,Delivered
20915,21-12-2015,17:09:32,104,Delivered
20916,21-12-2015,17:17:50,101,Cancelled
20917,21-12-2015,17:18:00,108,Success
20918,21-12-2015,17:19:56,108,Success
20919,21-12-2015,17:46:44,109,Failed
20920,21-12-2015,17:56:50,101,Cancelled
20921,21-12-2015,18:01:50,110,Cancelled
20922,21-12-2015,18:12:10,109,Success
20923,21-12-2015,18:19:40,105,Failed
20924,21-12-2015,18:39:44,104,Failed
20925,21-12-2015,18:51:54,105,Delivered
20926,21-12-2015,19:02:03,105,Cancelled
20927,21-12-2015,19:07:55,110,Success
20928,21-12-2015,19:14:05,105,Success
20929,21-12-2015,19:19:18,103,Delivered
20930,21-12-2015,19:55:57,104,Failed
20931,21-12-2015,20:37:14,106,Delivered
20932,21-12-2015,20:44:30,101,Cancelled
20933,21-12-2015,21:56:53,102,Failed
20934,21-12-2015,22:07:07,109,Success
20935,21-12-2015,22:16:13,107,Delivered
20936,21-12-2015,22:25:40,110,Success
20937,22-12-2015,11:19:09,106,Cancelled
20938,22-12-2015,11:28:56,104,Delivered
20939,22-12-2015,11:30:48,109,Success
20940,22-12-2015,11:38:50,107,Delivered
20941,22-12-2015,11:52:06,105,Cancelled
20942,22-12-2015,11:54:20,107,Failed
20943,22-12-2015,12:02:40,104,Delivered
20944,22-12-2015,12:07:18,104,Failed
20945,22-12-2015,12:08:54,110,Cancelled
20946,22-12-2015,12:22:23,108,Failed
20947,22-12-2015,12:35:13,110,Failed
20948,22-12-2015,12:39:25,101,Delivered
20949,22-12-2015,12:42:58,108,Cancelled
20950,22-12-2015,12:43:49,101,Failed
20951,22-12-2015,12:46:28,104,Delivered
20952,22-12-2015,12:54:14,104,Cancelled
20953,22-12-2015,13:13:31,104,Failed
20954,22-12-2015,13:16:21,104,Delivered
20955,22-12-2015,13:17:55,110,Delivered
20956,22-12-2015,13:39:03,102,Delivered
20957,22-12-2015,13:42:56,108,Failed
20958,22-12-2015,13:46:30,107,Delivered
20959,22-12-2015,13:50:58,107,Cancelled
20960,22-12-2015,14:23:39,110,Cancelled
20961,22-12-2015,14:48:15,103,Success
20962,22-12-2015,14:49:04,109,Cancelled
20963,22-12-2015,15:24:59,104,Failed
20964,22-12-2015,15:26:57,103,Delivered
20965,22-12-2015,15:32:02,102,Delivered
20966,22-12-2015,15:37:51,103,Cancelled
20967,22-12-2015,16:06:17,102,Failed
20968,22-12-2015,16:09:04,109,Cancelled
20969,22-12-2015,16:13:34,109,Delivered
20970,22-12-2015,16:14:42,110,Delivered
20971,22-12-2015,16:34:38,108,Failed
20972,22-12-2015,16:39:25,102,Failed
20973,22-12-2015,16:40:09,105,Success
20974,22-12-2015,16:41:19,103,Delivered
20975,22-12-2015,16:50:19,109,Cancelled
20976,22-12-2015,16:56:47,110,Cancelled
20977,22-12-2015,17:15:52,108,Failed
20978,22-12-2015,17:28:01,108,Cancelled
20979,22-12-2015,17:28:34,107,Failed
20980,22-12-2015,17:35:43,106,Delivered
20981,22-12-2015,17:49:03,109,Cancelled
20982,22-12-2015,18:39:44,102,Delivered
20983,22-12-2015,18:44:54,105,Success
20984,22-12-2015,18:56:22,103,Delivered
20985,22-12-2015,19:09:44,102,Delivered
20986,22-12-2015,19:42:04,107,Failed
20987,22-12-2015,20:04:10,105,Cancelled
20988,22-12-2015,20:06:25,105,Cancelled
20989,22-12-2015,20:10:15,106,Failed
20990,22-12-2015,20:24:23,105,Cancelled
20991,22-12-2015,20:56:37,109,Cancelled
20992,22-12-2015,21:09:43,104,Cancelled
20993,22-12-2015,21:49:24,102,Delivered
20994,22-12-2015,22:02:42,103,Success
20995,23-12-2015,11:33:33,109,Delivered
20996,23-12-2015,11:38:11,105,Cancelled
20997,23-12-2015,11:40:10,110,Cancelled
20998,23-12-2015,11:42:50,107,Cancelled
20999,23-12-2015,11:54:11,107,Cancelled
21000,23-12-2015,12:09:22,109,Failed
21001,23-12-2015,12:17:40,103,Failed
21002,23-12-2015,12:31:26,101,Cancelled
21003,23-12-2015,12:35:26,103,Cancelled
21004,23-12-2015,12:54:17,101,Cancelled
21005,23-12-2015,13:00:01,102,Failed
21006,23-12-2015,13:05:35,103,Success
21007,23-12-2015,13:07:44,104,Failed
21008,23-12-2015,13:11:38,102,Cancelled
21009,23-12-2015,13:12:00,101,Failed
21010,23-12-2015,13:16:32,105,Cancelled
21011,23-12-2015,13:29:21,107,Delivered
21012,23-12-2015,13:29:57,106,Success
21013,23-12-2015,13:37:04,103,Cancelled
21014,23-12-2015,13:40:23,102,Failed
21015,23-12-2015,13:48:58,102,Delivered
21016,23-12-2015,14:08:29,101,Cancelled
21017,23-12-2015,14:09:02,107,Cancelled
21018,23-12-2015,14:20:23,108,Failed
21019,23-12-2015,14:41:12,105,Cancelled
21020,23-12-2015,14:58:00,110,Cancelled
21021,23-12-2015,15:19:52,103,Failed
21022,23-12-2015,15:30:43,102,Cancelled
21023,23-12-2015,15:36:58,104,Failed
21024,23-12-2015,16:12:04,110,Cancelled
21025,23-12-2015,17:05:56,110,Cancelled
21026,23-12-2015,17:14:47,102,Failed
21027,23-12-2015,17:16:04,105,Cancelled
21028,23-12-2015,17:17:32,101,Failed
21029,23-12-2015,17:25:18,110,Delivered
21030,23-12-2015,17:41:11,107,Failed
21031,23-12-2015,17:46:02,108,Cancelled
21032,23-12-2015,17:52:04,110,Delivered
21033,23-12-2015,18:00:38,109,Delivered
21034,23-12-2015,18:15:31,101,Delivered
21035,23-12-2015,18:33:16,105,Cancelled
21036,23-12-2015,18:36:29,103,Success
21037,23-12-2015,18:42:44,110,Cancelled
21038,23-12-2015,18:44:50,108,Delivered
21039,23-12-2015,18:59:05,106,Failed
21040,23-12-2015,19:00:38,108,Cancelled
21041,23-12-2015,19:19:33,108,Delivered
21042,23-12-2015,19:37:02,105,Success
21043,23-12-2015,19:41:29,109,Delivered
21044,23-12-2015,20:01:01,103,Success
21045,23-12-2015,20:34:28,105,Delivered
21046,23-12-2015,20:45:44,101,Failed
21047,23-12-2015,20:49:05,107,Delivered
21048,23-12-2015,21:00:41,101,Failed
21049,23-12-2015,21:27:59,106,Success
21050,23-12-2015,21:34:09,105,Cancelled
21051,24-12-2015,11:10:35,105,Delivered
21052,24-12-2015,11:18:13,104,Success
21053,24-12-2015,11:22:15,104,Cancelled
21054,24-12-2015,11:26:29,103,Cancelled
21055,24-12-2015,11:27:09,104,Success
21056,24-12-2015,12:00:55,104,Cancelled
21057,24-12-2015,12:04:56,107,Cancelled
21058,24-12-2015,12:07:50,108,Delivered
21059,24-12-2015,12:09:56,105,Failed
21060,24-12-2015,12:34:00,110,Success
21061,24-12-2015,12:42:11,105,Failed
21062,24-12-2015,12:57:52,108,Failed
21063,24-12-2015,13:07:09,102,Delivered
21064,24-12-2015,13:26:40,107,Delivered
21065,24-12-2015,13:35:46,101,Failed
21066,24-12-2015,13:45:24,104,Cancelled
21067,24-12-2015,14:08:39,105,Delivered
21068,24-12-2015,14:58:22,104,Cancelled
21069,24-12-2015,15:02:24,103,Cancelled
21070,24-12-2015,15:08:38,105,Success
21071,24-12-2015,15:39:50,109,Delivered
21072,24-12-2015,15:42:10,107,Delivered
21073,24-12-2015,15:56:32,102,Failed
21074,24-12-2015,15:58:44,103,Delivered
21075,24-12-2015,16:19:36,106,Delivered
21076,24-12-2015,16:24:24,110,Failed
21077,24-12-2015,16:41:46,102,Delivered
21078,24-12-2015,16:46:31,105,Delivered
21079,24-12-2015,16:58:36,101,Delivered
21080,24-12-2015,17:08:03,110,Cancelled
21081,24-12-2015,17:08:16,101,Success
21082,24-12-2015,17:23:50,101,Success
21083,24-12-2015,17:44:58,105,Success
21084,24-12-2015,17:52:28,106,Cancelled
21085,24-12-2015,17:53:26,110,Failed
21086,24-12-2015,18:12:10,108,Failed
21087,24-12-2015,18:22:32,102,Failed
21088,24-12-2015,18:23:45,110,Success
21089,24-12-2015,18:23:59,103,Cancelled
21090,24-12-2015,18:27:31,106,Cancelled
21091,24-12-2015,18:30:56,109,Delivered
21092,24-12-2015,18:53:52,101,Delivered
21093,24-12-2015,19:07:42,102,Cancelled
21094,24-12-2015,19:24:16,110,Delivered
21095,24-12-2015,19:47:11,103,Success
21096,24-12-2015,19:49:01,104,Success
21097,24-12-2015,20:33:56,102,Failed
21098,24-12-2015,20:37:01,105,Success
21099,24-12-2015,20:43:08,103,Cancelled
21100,24-12-2015,20:48:17,109,Cancelled
21101,24-12-2015,20:58:44,110,Failed
21102,24-12-2015,21:00:25,105,Success
21103,24-12-2015,21:09:48,104,Cancelled
21104,24-12-2015,21:24:35,106,Delivered
21105,24-12-2015,22:06:10,109,Success
21106,24-12-2015,22:07:22,105,Failed
21107,26-12-2015,11:56:16,109,Success
21108,26-12-2015,12:16:35,109,Success
21109,26-12-2015,12:18:49,101,Delivered
21110,26-12-2015,12:30:49,102,Success
21111,26-12-2015,12:34:04,102,Failed
21112,26-12-2015,13:23:09,107,Failed
21113,26-12-2015,13:28:22,102,Delivered
21114,26-12-2015,13:54:47,109,Failed
21115,26-12-2015,14:41:05,101,Cancelled
21116,26-12-2015,14:45:19,105,Success
21117,26-12-2015,14:59:25,107,Failed
21118,26-12-2015,14:59:28,102,Failed
21119,26-12-2015,15:18:31,104,Cancelled
21120,26-12-2015,15:25:45,104,Failed
21121,26-12-2015,15:43:09,107,Cancelled
21122,26-12-2015,16:08:21,102,Cancelled
21123,26-12-2015,16:09:34,103,Success
21124,26-12-2015,16:35:59,105,Cancelled
21125,26-12-2015,16:43:57,103,Cancelled
21126,26-12-2015,17:22:33,104,Success
21127,26-12-2015,17:22:53,108,Cancelled
21128,26-12-2015,18:10:21,108,Delivered
21129,26-12-2015,18:12:56,102,Delivered
21130,26-12-2015,18:30:31,101,Delivered
21131,26-12-2015,18:54:07,103,Failed
21132,26-12-2015,19:08:05,109,Cancelled
21133,26-12-2015,19:12:48,106,Delivered
21134,26-12-2015,19:15:41,108,Cancelled
21135,26-12-2015,20:07:54,110,Success
21136,26-12-2015,21:12:36,106,Failed
21137,26-12-2015,21:16:25,104,Success
21138,26-12-2015,21:19:30,105,Failed
21139,26-12-2015,21:20:27,109,Success
21140,26-12-2015,21:49:13,110,Success
21141,26-12-2015,22:02:23,105,Delivered
21142,26-12-2015,22:29:50,109,Delivered
21143,26-12-2015,22:33:30,110,Cancelled
21144,26-12-2015,22:40:22,110,Cancelled
21145,27-12-2015,11:02:20,108,Delivered
21146,27-12-2015,11:41:28,106,Cancelled
21147,27-12-2015,11:57:00,109,Success
21148,27-12-2015,12:14:34,108,Delivered
21149,27-12-2015,12:27:29,102,Success
21150,27-12-2015,12:48:05,105,Delivered
21151,27-12-2015,13:30:48,104,Success
21152,27-12-2015,13:57:36,106,Failed
21153,27-12-2015,14:30:40,107,Success
21154,27-12-2015,15:04:12,106,Success
21155,27-12-2015,15:14:38,104,Cancelled
21156,27-12-2015,15:22:47,102,Cancelled
21157,27-12-2015,15:28:24,107,Cancelled
21158,27-12-2015,15:29:39,105,Cancelled
21159,27-12-2015,15:31:04,110,Cancelled
21160,27-12-2015,15:35:47,105,Failed
21161,27-12-2015,16:03:36,104,Cancelled
21162,27-12-2015,16:06:27,103,Cancelled
21163,27-12-2015,16:41:00,101,Success
21164,27-12-2015,16:44:51,108,Cancelled
21165,27-12-2015,16:51:43,103,Failed
21166,27-12-2015,17:35:20,102,Delivered
21167,27-12-2015,17:39:57,107,Cancelled
21168,27-12-2015,17:44:59,102,Cancelled
21169,27-12-2015,17:53:13,110,Cancelled
21170,27-12-2015,19:10:16,102,Delivered
21171,27-12-2015,19:23:37,110,Cancelled
21172,27-12-2015,19:46:05,102,Success
21173,27-12-2015,19:49:40,107,Delivered
21174,27-12-2015,19:54:45,103,Delivered
21175,27-12-2015,20:05:14,105,Success
21176,27-12-2015,20:35:17,104,Failed
21177,27-12-2015,20:37:13,104,Delivered
21178,27-12-2015,21:02:45,110,Success
21179,27-12-2015,21:56:56,102,Success
21180,28-12-2015,11:45:11,104,Failed
21181,28-12-2015,11:53:26,107,Success
21182,28-12-2015,11:54:22,103,Success
21183,28-12-2015,12:09:18,107,Success
21184,28-12-2015,12:15:29,103,Failed
21185,28-12-2015,12:15:57,103,Success
21186,28-12-2015,12:16:59,110,Failed
21187,28-12-2015,12:31:03,110,Failed
21188,28-12-2015,12:38:39,109,Success
21189,28-12-2015,12:38:57,101,Cancelled
21190,28-12-2015,12:46:51,102,Cancelled
21191,28-12-2015,12:54:56,108,Delivered
21192,28-12-2015,13:12:26,103,Failed
21193,28-12-2015,13:27:18,103,Delivered
21194,28-12-2015,13:39:50,102,Failed
21195,28-12-2015,14:11:38,105,Cancelled
21196,28-12-2015,14:11:40,110,Success
21197,28-12-2015,15:28:45,106,Cancelled
21198,28-12-2015,15:39:02,109,Failed
21199,28-12-2015,16:00:49,105,Failed
21200,28-12-2015,16:32:04,109,Failed
21201,28-12-2015,16:32:44,102,Failed
21202,28-12-2015,17:06:33,102,Success
21203,28-12-2015,17:08:13,107,Delivered
21204,28-12-2015,17:26:23,105,Success
21205,28-12-2015,17:29:10,106,Cancelled
21206,28-12-2015,17:43:20,102,Delivered
21207,28-12-2015,18:10:01,101,Failed
21208,28-12-2015,18:12:37,106,Failed
21209,28-12-2015,18:20:19,103,Delivered
21210,28-12-2015,18:41:13,109,Delivered
21211,28-12-2015,19:01:13,104,Cancelled
21212,28-12-2015,19:15:46,106,Failed
21213,28-12-2015,19:41:40,109,Delivered
21214,28-12-2015,20:37:13,101,Success
21215,28-12-2015,21:42:50,101,Delivered
21216,28-12-2015,21:58:08,109,Failed
21217,28-12-2015,22:22:45,102,Delivered
21218,28-12-2015,22:27:25,106,Delivered
21219,29-12-2015,11:45:49,101,Cancelled
21220,29-12-2015,12:05:39,109,Success
21221,29-12-2015,12:27:35,109,Success
21222,29-12-2015,12:49:31,102,Delivered
21223,29-12-2015,13:14:19,104,Success
21224,29-12-2015,13:16:36,104,Delivered
21225,29-12-2015,13:20:17,103,Delivered
21226,29-12-2015,13:33:48,101,Success
21227,29-12-2015,13:39:34,101,Delivered
21228,29-12-2015,13:43:53,103,Failed
21229,29-12-2015,13:51:12,101,Delivered
21230,29-12-2015,14:43:26,105,Failed
21231,29-12-2015,15:52:36,102,Delivered
21232,29-12-2015,16:05:16,108,Delivered
21233,29-12-2015,16:32:50,101,Failed
21234,29-12-2015,16:50:39,101,Success
21235,29-12-2015,17:02:03,101,Failed
21236,29-12-2015,17:44:23,106,Delivered
21237,29-12-2015,18:00:28,106,Cancelled
21238,29-12-2015,18:22:26,104,Delivered
21239,29-12-2015,18:55:31,110,Success
21240,29-12-2015,19:20:11,103,Delivered
21241,29-12-2015,19:38:11,106,Failed
21242,29-12-2015,19:54:11,102,Failed
21243,29-12-2015,21:15:19,104,Success
21244,29-12-2015,22:10:05,103,Failed
21245,29-12-2015,22:22:20,110,Delivered
21246,30-12-2015,11:32:31,105,Cancelled
21247,30-12-2015,11:37:28,107,Cancelled
21248,30-12-2015,11:54:59,103,Failed
21249,30-12-2015,11:57:57,110,Delivered
21250,30-12-2015,12:21:13,106,Cancelled
21251,30-12-2015,12:45:20,104,Delivered
21252,30-12-2015,12:46:16,103,Cancelled
21253,30-12-2015,12:59:21,108,Cancelled
21254,30-12-2015,13:10:02,102,Failed
21255,30-12-2015,13:18:13,107,Success
21256,30-12-2015,13:37:22,109,Failed
21257,30-12-2015,13:46:20,101,Cancelled
21258,30-12-2015,13:50:49,107,Cancelled
21259,30-12-2015,14:15:37,102,Delivered
21260,30-12-2015,15:45:32,106,Failed
21261,30-12-2015,15:59:06,101,Failed
21262,30-12-2015,16:04:28,110,Cancelled
21263,30-12-2015,16:41:31,105,Cancelled
21264,30-12-2015,16:53:03,102,Delivered
21265,30-12-2015,17:28:45,104,Cancelled
21266,30-12-2015,17:28:50,102,Success
21267,30-12-2015,17:41:53,108,Cancelled
21268,30-12-2015,17:47:04,109,Failed
21269,30-12-2015,18:46:33,110,Success
21270,30-12-2015,18:59:45,108,Delivered
21271,30-12-2015,19:07:52,101,Success
21272,30-12-2015,19:07:56,109,Success
21273,30-12-2015,19:15:08,102,Cancelled
21274,30-12-2015,19:42:38,107,Failed
21275,30-12-2015,20:12:27,110,Delivered
21276,30-12-2015,20:40:22,105,Delivered
21277,30-12-2015,20:53:22,109,Delivered
21278,31-12-2015,11:22:31,101,Failed
21279,31-12-2015,11:38:45,110,Delivered
21280,31-12-2015,11:58:28,101,Success
21281,31-12-2015,12:01:03,108,Failed
21282,31-12-2015,12:09:59,103,Failed
21283,31-12-2015,12:14:54,104,Success
21284,31-12-2015,12:34:06,105,Delivered
21285,31-12-2015,12:41:37,101,Cancelled
21286,31-12-2015,12:44:37,106,Failed
21287,31-12-2015,12:48:36,106,Delivered
21288,31-12-2015,13:04:18,102,Success
21289,31-12-2015,13:07:42,103,Cancelled
21290,31-12-2015,13:16:45,103,Success
21291,31-12-2015,13:29:39,102,Cancelled
21292,31-12-2015,13:34:19,108,Delivered
21293,31-12-2015,14:40:24,103,Delivered
21294,31-12-2015,14:43:46,102,Success
21295,31-12-2015,14:52:25,109,Delivered
21296,31-12-2015,15:13:40,110,Success
21297,31-12-2015,15:28:07,104,Success
21298,31-12-2015,15:35:37,102,Failed
21299,31-12-2015,15:52:16,102,Failed
21300,31-12-2015,15:52:48,104,Success
21301,31-12-2015,16:01:07,107,Success
21302,31-12-2015,16:06:42,107,Failed
21303,31-12-2015,16:30:34,103,Cancelled
21304,31-12-2015,16:30:41,105,Success
21305,31-12-2015,16:31:16,103,Cancelled
21306,31-12-2015,16:31:27,101,Delivered
21307,31-12-2015,16:37:14,109,Failed
21308,31-12-2015,16:44:35,104,Cancelled
21309,31-12-2015,16:46:41,105,Cancelled
21310,31-12-2015,17:16:32,101,Success
21311,31-12-2015,17:17:26,103,Cancelled
21312,31-12-2015,17:21:24,101,Failed
21313,31-12-2015,17:22:08,109,Cancelled
21314,31-12-2015,17:36:51,105,Success
21315,31-12-2015,17:47:46,104,Delivered
21316,31-12-2015,17:53:14,103,Delivered
21317,31-12-2015,18:01:42,108,Cancelled
21318,31-12-2015,18:07:03,104,Success
21319,31-12-2015,18:07:19,103,Cancelled
21320,31-12-2015,18:09:28,109,Failed
21321,31-12-2015,18:18:30,109,Delivered
21322,31-12-2015,18:28:04,104,Success
21323,31-12-2015,18:28:05,102,Success
21324,31-12-2015,18:36:06,101,Success
21325,31-12-2015,18:37:20,102,Failed
21326,31-12-2015,18:38:38,104,Delivered
21327,31-12-2015,18:40:22,104,Success
21328,31-12-2015,18:46:11,102,Cancelled
21329,31-12-2015,18:52:10,108,Success
21330,31-12-2015,19:02:33,104,Success
21331,31-12-2015,19:05:04,103,Failed
21332,31-12-2015,19:06:29,104,Failed
21333,31-12-2015,19:16:54,102,Failed
21334,31-12-2015,19:17:49,101,Failed
21335,31-12-2015,19:18:44,110,Failed
21336,31-12-2015,19:19:26,105,Cancelled
21337,31-12-2015,19:22:31,108,Failed
21338,31-12-2015,19:35:53,102,Success
21339,31-12-2015,19:46:24,107,Cancelled
21340,31-12-2015,19:51:52,106,Delivered
21341,31-12-2015,19:52:09,108,Cancelled
21342,31-12-2015,20:02:57,108,Cancelled
21343,31-12-2015,20:27:23,110,Delivered
21344,31-12-2015,20:43:46,109,Failed
21345,31-12-2015,20:44:43,107,Cancelled
21346,31-12-2015,20:51:07,105,Delivered
21347,31-12-2015,21:14:37,109,Cancelled
21348,31-12-2015,21:23:10,104,Success
21349,31-12-2015,22:09:54,107,Failed
21350,31-12-2015,23:02:05,110,Failed
